# Blender 4.4.0
# www.blender.org
mtllib base.mtl
o Meshy_AI_Spooky_Squishy_Dumpli_0830213149_image-to-3d-texture
v 0.008283 0.144889 0.832341
v 0.011195 0.197786 0.797797
v 0.008102 0.229496 0.775586
v 0.019470 0.270164 0.742721
v 0.077054 0.220622 0.773747
v 0.013569 0.391335 0.624867
v 0.043442 0.376673 0.631862
v 0.040884 0.294534 0.717562
v 0.013802 0.320320 0.698619
v 0.084366 0.282350 0.716923
v 0.050278 0.349798 0.658925
v 0.092638 0.299314 0.694984
v 0.055897 0.367469 0.636186
v 0.094145 0.244502 0.750332
v 0.108027 0.332430 0.637322
v 0.105393 0.311400 0.672120
v 0.109315 0.367093 0.571992
v 0.090193 0.402851 0.552179
v 0.112041 0.381579 0.540196
v 0.119045 0.170634 0.804211
v 0.130665 0.317742 0.646141
v 0.142442 0.257453 0.725288
v 0.126707 0.364431 0.550643
v 0.140550 0.291209 0.684848
v 0.177714 0.154063 0.805665
v 0.131279 0.342027 0.598143
v 0.128846 0.371343 0.531681
v 0.128919 0.374813 0.523192
v 0.174719 0.190934 0.779681
v 0.129230 0.355645 0.568655
v 0.131949 0.367684 0.541941
v 0.130393 0.377227 0.518013
v 0.156553 0.228638 0.751082
v 0.142333 0.379097 0.536246
v 0.142691 0.320162 0.641598
v 0.137107 0.344486 0.595306
v 0.188509 0.313652 0.659208
v 0.194000 0.244570 0.732826
v 0.157338 0.278504 0.699432
v 0.171082 0.367614 0.582668
v 0.169088 0.340417 0.620433
v 0.197215 0.266153 0.711489
v 0.177529 0.423993 0.498242
v 0.207064 0.352976 0.613819
v 0.199323 0.378684 0.579785
v 0.223563 0.326119 0.644530
v 0.205292 0.414158 0.530070
v 0.193835 0.435415 0.491102
v 0.222511 0.234781 0.735691
v 0.226492 0.404322 0.544980
v 0.253605 0.278870 0.686670
v 0.228852 0.217741 0.747618
v 0.248253 0.347953 0.614049
v 0.271134 0.136328 0.789829
v 0.271267 0.228373 0.724470
v 0.291800 0.209169 0.730732
v 0.224565 0.362971 0.601189
v 0.256627 0.388581 0.558241
v 0.290402 0.355952 0.586575
v 0.250518 0.314864 0.650977
v 0.284965 0.320349 0.631546
v 0.253780 0.423222 0.508391
v 0.267408 0.443699 0.469371
v 0.284025 0.412514 0.512345
v 0.286254 0.281447 0.672066
v 0.283887 0.390611 0.544309
v 0.287071 0.440181 0.461406
v 0.304880 0.336304 0.603184
v 0.308356 0.399406 0.514240
v 0.290925 0.232341 0.713465
v 0.321731 0.260485 0.675478
v 0.306127 0.420244 0.478248
v 0.300637 0.393049 0.531111
v 0.327920 0.288614 0.644121
v 0.320185 0.349179 0.577835
v 0.322589 0.390889 0.512053
v 0.327335 0.327921 0.599410
v 0.324855 0.199712 0.723047
v 0.348396 0.342501 0.560435
v 0.367844 0.338554 0.535522
v 0.339697 0.235992 0.687062
v 0.352586 0.268317 0.649215
v 0.350133 0.380582 0.442331
v 0.343581 0.323820 0.591558
v 0.309746 0.435144 0.431410
v 0.357008 0.338979 0.554575
v 0.376787 0.288469 0.605443
v 0.370757 0.258396 0.646122
v 0.374562 0.359641 0.438889
v 0.357305 0.385593 0.392435
v 0.373057 0.355994 0.449219
v 0.353898 0.375507 0.444208
v 0.396773 0.308851 0.528509
v 0.371427 0.353755 0.459253
v 0.392524 0.349048 0.450788
v 0.402523 0.199975 0.678418
v 0.389019 0.374379 0.418879
v 0.431932 0.248260 0.598740
v 0.433884 0.237011 0.612616
v 0.415212 0.291081 0.540234
v 0.429305 0.306801 0.504987
v 0.409048 0.228075 0.646802
v 0.415995 0.278008 0.566418
v 0.435643 0.285746 0.537165
v 0.441367 0.350845 0.453412
v 0.456876 0.279503 0.533474
v 0.443795 0.223972 0.619546
v 0.455527 0.230923 0.601340
v 0.476401 0.260270 0.550393
v 0.464835 0.254283 0.564018
v 0.485128 0.293107 0.510838
v 0.471493 0.227071 0.596305
v 0.486526 0.225551 0.585977
v 0.508157 0.252359 0.547823
v 0.505676 0.317865 0.470353
v 0.517950 0.271754 0.519854
v 0.519849 0.203618 0.590793
v 0.538529 0.237671 0.544344
v 0.543071 0.218871 0.560685
v 0.562498 0.201170 0.560548
v 0.574018 0.225389 0.523243
v 0.373435 0.345187 0.485257
v 0.446997 0.250399 0.581598
v 0.456779 0.252608 0.573144
v 0.029713 0.448926 0.543597
v 0.042769 0.440818 0.550368
v 0.053719 0.428309 0.561299
v 0.036054 0.424328 0.575932
v 0.042931 0.516859 0.413786
v 0.028164 0.492398 0.470063
v 0.060548 0.515984 0.410891
v 0.060345 0.499387 0.444980
v 0.056432 0.470544 0.497637
v 0.067169 0.379453 0.613964
v 0.069869 0.466258 0.491809
v 0.076931 0.490894 0.444330
v 0.090690 0.353917 0.625336
v 0.086258 0.508090 0.402712
v 0.104229 0.453179 0.430568
v 0.103574 0.408301 0.515400
v 0.103334 0.499601 0.378591
v 0.112566 0.409803 0.478378
v 0.111931 0.421379 0.449133
v 0.111632 0.477416 0.377798
v 0.115720 0.394188 0.505323
v 0.119489 0.414546 0.426462
v 0.115640 0.443137 0.374716
v 0.118000 0.428923 0.392397
v 0.122588 0.421590 0.399990
v 0.127187 0.395189 0.466671
v 0.124882 0.410769 0.425067
v 0.127106 0.409157 0.429551
v 0.125685 0.400643 0.451687
v 0.124561 0.394001 0.472534
v 0.125540 0.385105 0.496837
v 0.127155 0.403083 0.445126
v 0.125419 0.381220 0.508446
v 0.128674 0.398610 0.459162
v 0.128051 0.383132 0.500691
v 0.138393 0.410448 0.456235
v 0.154443 0.454560 0.384683
v 0.126565 0.420120 0.402684
v 0.177215 0.389226 0.554133
v 0.185958 0.443033 0.472185
v 0.191628 0.485512 0.390326
v 0.191585 0.394874 0.554224
v 0.206356 0.459269 0.451747
v 0.212925 0.479119 0.412653
v 0.222626 0.462845 0.446041
v 0.222612 0.439527 0.489074
v 0.238581 0.455374 0.457583
v 0.253769 0.465941 0.433270
v 0.231360 0.424693 0.512648
v 0.271068 0.462610 0.429249
v 0.263498 0.482852 0.385635
v 0.290480 0.452802 0.427427
v 0.291677 0.457545 0.410510
v 0.312397 0.420521 0.466717
v 0.340780 0.402791 0.355014
v 0.062039 0.432999 0.548345
v 0.124546 0.400242 0.454943
v 0.124660 0.406182 0.437251
v 0.125022 0.424090 0.393088
v 0.125045 0.428236 0.383848
v 0.125807 0.373699 0.529080
v 0.130542 0.404659 0.447689
v 0.174160 0.440912 0.462708
v 0.044938 0.528424 0.380645
v 0.063509 0.525715 0.385547
v 0.078092 0.548537 0.295755
v 0.062448 0.534176 0.360142
v 0.084131 0.566512 0.189294
v 0.081687 0.521333 0.382525
v 0.077861 0.535395 0.348341
v 0.078328 0.565124 0.191336
v 0.070763 0.502235 0.432099
v 0.093494 0.542348 0.308402
v 0.093166 0.549035 0.277122
v 0.095408 0.530337 0.341584
v 0.099641 0.507872 0.376706
v 0.084631 0.489133 0.434682
v 0.107138 0.541921 0.283040
v 0.100989 0.520973 0.351236
v 0.113880 0.533934 0.290431
v 0.111845 0.520460 0.324007
v 0.110225 0.438335 0.421057
v 0.116696 0.548321 0.224462
v 0.117340 0.519842 0.306904
v 0.118542 0.473663 0.346792
v 0.120931 0.450709 0.335744
v 0.121538 0.458838 0.320135
v 0.125818 0.505797 0.275319
v 0.119806 0.442339 0.357235
v 0.121078 0.517312 0.294713
v 0.121802 0.443849 0.348623
v 0.125038 0.439508 0.357391
v 0.123332 0.449382 0.333717
v 0.122100 0.438031 0.362429
v 0.125052 0.446045 0.341405
v 0.123309 0.455293 0.320414
v 0.124332 0.517434 0.274344
v 0.123302 0.459447 0.312854
v 0.124416 0.464466 0.304408
v 0.125300 0.467051 0.297124
v 0.127489 0.450821 0.331671
v 0.127354 0.435363 0.368822
v 0.127444 0.482281 0.272711
v 0.127190 0.474732 0.282899
v 0.125645 0.471856 0.290162
v 0.129210 0.471687 0.288765
v 0.126781 0.457113 0.316142
v 0.129243 0.484729 0.262215
v 0.129735 0.480780 0.270104
v 0.132430 0.486665 0.258512
v 0.181960 0.524607 0.279103
v 0.201241 0.500410 0.361817
v 0.218734 0.503796 0.356487
v 0.238153 0.501587 0.357168
v 0.244964 0.484859 0.395190
v 0.265443 0.502776 0.315494
v 0.297367 0.455557 0.399462
v 0.279498 0.490480 0.310492
v 0.120595 0.429512 0.384584
v 0.169798 0.496221 0.333049
v 0.182622 0.494732 0.360565
v 0.412195 0.373168 0.426899
v 0.388785 0.439166 0.345391
v 0.435475 0.391909 0.405175
v 0.447761 0.408734 0.379185
v 0.462025 0.427761 0.335130
v 0.456789 0.412828 0.367750
v 0.474166 0.380814 0.405214
v 0.465614 0.347938 0.452212
v 0.481120 0.396899 0.373705
v 0.487860 0.410497 0.338551
v 0.471999 0.429991 0.316043
v 0.492892 0.392950 0.166563
v 0.473813 0.426249 0.135254
v 0.476178 0.399533 0.168003
v 0.465917 0.406661 0.157050
v 0.477029 0.432121 0.217071
v 0.443887 0.459463 0.206197
v 0.434084 0.454158 0.179498
v 0.503897 0.396120 0.207205
v 0.491881 0.428292 0.257836
v 0.462618 0.415816 0.173950
v 0.452651 0.413882 0.158430
v 0.482381 0.432145 0.287948
v 0.485242 0.350094 0.441123
v 0.510288 0.407622 0.303074
v 0.505473 0.411438 0.236901
v 0.498882 0.422647 0.133667
v 0.509242 0.342403 0.434004
v 0.518059 0.404702 0.285019
v 0.522515 0.386639 0.337179
v 0.547484 0.329420 0.411527
v 0.513520 0.382286 0.171492
v 0.544395 0.378400 0.263800
v 0.543462 0.287491 0.479007
v 0.531585 0.372102 0.354471
v 0.548368 0.308997 0.442982
v 0.544748 0.379662 0.292919
v 0.534946 0.361128 0.205223
v 0.548439 0.352886 0.193198
v 0.551132 0.361617 0.342191
v 0.533894 0.382744 0.323049
v 0.551728 0.254706 0.512656
v 0.581705 0.333395 0.192936
v 0.576971 0.297550 0.424840
v 0.586749 0.310815 0.386791
v 0.578603 0.343229 0.320208
v 0.575742 0.269032 0.468387
v 0.583605 0.327530 0.202974
v 0.638539 0.284046 0.295901
v 0.601727 0.285303 0.408376
v 0.578554 0.345158 0.307566
v 0.611466 0.303882 0.346289
v 0.585300 0.322492 0.228473
v 0.610129 0.306437 0.259944
v 0.581430 0.325222 0.228530
v 0.600150 0.221302 0.496736
v 0.631241 0.287950 0.268902
v 0.649960 0.278535 0.242107
v 0.602651 0.176834 0.539139
v 0.591191 0.264991 0.454528
v 0.601067 0.241713 0.472248
v 0.618795 0.273086 0.400361
v 0.612637 0.255214 0.438890
v 0.633616 0.295435 0.212715
v 0.672895 0.261853 0.241824
v 0.635695 0.216505 0.455725
v 0.632762 0.252913 0.410288
v 0.679533 0.248200 0.275239
v 0.637330 0.267832 0.372186
v 0.654113 0.268249 0.277353
v 0.676415 0.237019 0.341635
v 0.672001 0.219955 0.390210
v 0.678249 0.244163 0.303630
v 0.699431 0.205352 0.354665
v 0.705191 0.219603 0.294941
v 0.694123 0.157299 0.437175
v 0.699940 0.192331 0.378670
v 0.506987 0.457034 0.083077
v 0.523347 0.438180 0.101851
v 0.531539 0.412275 0.131848
v 0.558655 0.420760 0.099680
v 0.549449 0.406610 0.128437
v 0.559991 0.435186 0.066044
v 0.551037 0.449368 0.030021
v 0.508665 0.476473 0.012660
v 0.552060 0.450070 0.008794
v 0.563957 0.376323 0.155635
v 0.570700 0.387615 0.138461
v 0.596080 0.399004 0.094826
v 0.603377 0.410821 0.035087
v 0.585944 0.422566 0.046144
v 0.586023 0.353766 0.168747
v 0.624443 0.359799 0.130414
v 0.601171 0.405192 0.069965
v 0.640129 0.327900 0.163560
v 0.655085 0.348094 0.106060
v 0.631264 0.388266 0.025116
v 0.656568 0.283270 0.212611
v 0.662621 0.353999 0.065459
v 0.651352 0.339901 0.130293
v 0.660258 0.361766 0.006858
v 0.660722 0.314983 0.161231
v 0.666492 0.355934 0.015630
v 0.685390 0.307203 0.138516
v 0.681042 0.262080 0.224190
v 0.724229 0.226124 0.230364
v 0.699492 0.305382 0.110765
v 0.708444 0.308080 0.064323
v 0.688539 0.246217 0.261189
v 0.701374 0.297566 0.126453
v 0.680213 0.339882 0.048572
v 0.703661 0.316973 0.035125
v 0.736555 0.246358 0.161908
v 0.713290 0.303748 0.058260
v 0.726702 0.279025 0.100949
v 0.756389 0.250004 0.060971
v 0.741558 0.203496 0.241947
v 0.753811 0.229867 0.153779
v 0.752017 0.252867 0.078387
v 0.769994 0.184145 0.217607
v 0.769941 0.139295 0.302686
v 0.790944 0.187604 0.137580
v 0.820736 0.160824 0.050744
v 0.807517 0.163456 0.138546
v 0.816090 0.140063 0.167661
v 0.831515 0.098951 0.203382
v 0.840416 0.103800 0.153892
v 0.854239 0.103325 0.048739
v 0.734845 0.281809 0.008804
v 0.220593 0.532382 0.268405
v 0.195462 0.522519 0.300555
v 0.216790 0.517212 0.321106
v 0.232252 0.524710 0.290846
v 0.240058 0.511051 0.329852
v 0.200911 0.552369 0.171793
v 0.254193 0.514206 0.296848
v 0.252682 0.508188 0.324121
v 0.271179 0.485185 0.218517
v 0.268755 0.488485 0.360079
v 0.268009 0.504424 0.274205
v 0.266980 0.500781 0.246275
v 0.277802 0.492829 0.287157
v 0.310863 0.443938 0.324395
v 0.290479 0.462489 0.257810
v 0.299219 0.474643 0.246136
v 0.289008 0.467237 0.246742
v 0.312986 0.433962 0.420108
v 0.297235 0.453296 0.267855
v 0.301404 0.447602 0.275962
v 0.296952 0.457016 0.261679
v 0.328085 0.417065 0.340801
v 0.322231 0.501938 0.233308
v 0.312235 0.434560 0.298555
v 0.314808 0.430307 0.307367
v 0.322415 0.424932 0.313847
v 0.310605 0.523358 0.191246
v 0.322139 0.423597 0.316127
v 0.322387 0.421981 0.320222
v 0.355451 0.495749 0.253598
v 0.323379 0.527469 0.176867
v 0.345599 0.509384 0.222398
v 0.337394 0.412564 0.336427
v 0.357639 0.468198 0.299375
v 0.334433 0.408628 0.344339
v 0.335660 0.408856 0.341563
v 0.344564 0.517871 0.194252
v 0.353733 0.450917 0.317130
v 0.352984 0.382265 0.413837
v 0.349401 0.394669 0.373345
v 0.378898 0.472245 0.298451
v 0.365207 0.425704 0.348566
v 0.369261 0.494510 0.252792
v 0.377748 0.426061 0.355778
v 0.391474 0.494594 0.223051
v 0.367248 0.379172 0.402780
v 0.389800 0.487888 0.256419
v 0.400303 0.457549 0.320215
v 0.421695 0.448466 0.327784
v 0.387695 0.498524 0.198237
v 0.417216 0.480145 0.239164
v 0.424851 0.471205 0.265463
v 0.432918 0.453352 0.308915
v 0.443014 0.464565 0.224686
v 0.444765 0.462694 0.255660
v 0.451157 0.453973 0.279542
v 0.462300 0.451434 0.252894
v 0.477238 0.438088 0.234492
v 0.245688 0.523755 0.266539
v 0.250603 0.504137 0.180236
v 0.261775 0.496632 0.196241
v 0.279366 0.478660 0.228686
v 0.320927 0.478777 0.261045
v 0.303006 0.450199 0.272566
v 0.310889 0.438846 0.290576
v 0.254459 0.531480 0.147676
v 0.302854 0.445392 0.281150
v 0.349945 0.397189 0.366948
v 0.399183 0.472949 0.290682
v 0.296867 0.535400 0.159826
v 0.279727 0.545432 0.103745
v 0.311266 0.535495 0.127778
v 0.320343 0.531613 0.158123
v 0.309593 0.513783 0.085921
v 0.305072 0.496335 0.066947
v 0.298680 0.501242 0.062251
v 0.316092 0.489791 0.074345
v 0.318136 0.488364 0.072574
v 0.341466 0.516731 0.131083
v 0.327418 0.513000 0.104163
v 0.329036 0.519417 0.115206
v 0.324819 0.484686 0.074580
v 0.356544 0.514970 0.180143
v 0.340717 0.497228 0.104530
v 0.352707 0.516019 0.157315
v 0.336101 0.476693 0.084065
v 0.396306 0.516932 0.036832
v 0.347511 0.469855 0.087761
v 0.367366 0.459179 0.105291
v 0.376969 0.489337 0.141416
v 0.389196 0.491672 0.166236
v 0.364282 0.459537 0.099621
v 0.379178 0.451403 0.111078
v 0.414829 0.517707 0.014565
v 0.406120 0.505624 0.053652
v 0.398269 0.441369 0.119074
v 0.397983 0.441319 0.123151
v 0.427694 0.428201 0.133507
v 0.415294 0.432384 0.132903
v 0.457740 0.490654 0.055124
v 0.443089 0.418573 0.146200
v 0.454174 0.471371 0.087834
v 0.469523 0.488647 0.048681
v 0.454526 0.411923 0.156443
v 0.485961 0.455480 0.098224
v 0.507092 0.464729 0.067200
v 0.505364 0.470409 0.054315
v 0.527198 0.463183 0.036014
v 0.369159 0.459042 0.097773
v 0.056986 0.547659 0.142237
v 0.057205 0.551156 0.137110
v 0.050067 0.588170 0.088520
v 0.064553 0.600517 0.070543
v 0.060963 0.551650 0.138289
v 0.062491 0.562084 0.124616
v 0.052625 0.575261 0.116980
v 0.042946 0.531273 0.167874
v 0.072265 0.562494 0.138650
v 0.062830 0.555581 0.132479
v 0.054867 0.546586 0.291931
v 0.070364 0.570156 0.115057
v 0.080160 0.580037 0.103460
v 0.069562 0.564877 0.121772
v 0.082030 0.607152 0.063015
v 0.059586 0.623446 0.028356
v 0.078200 0.629402 0.023354
v 0.053064 0.549187 0.242176
v 0.083135 0.570729 0.136656
v 0.087990 0.581474 0.103182
v 0.076178 0.552645 0.267462
v 0.105298 0.603638 0.062676
v 0.112004 0.586215 0.087503
v 0.105388 0.574808 0.130740
v 0.103428 0.581377 0.104245
v 0.116289 0.557456 0.197100
v 0.113442 0.574314 0.122923
v 0.120806 0.573163 0.111113
v 0.119811 0.568804 0.138033
v 0.116861 0.567568 0.154170
v 0.128346 0.574464 0.097037
v 0.124326 0.558178 0.165894
v 0.118612 0.530855 0.279190
v 0.122330 0.544553 0.214708
v 0.135448 0.553086 0.123635
v 0.129054 0.492026 0.249951
v 0.131239 0.496391 0.234755
v 0.134534 0.568420 0.101676
v 0.136729 0.511815 0.200941
v 0.132683 0.517070 0.191081
v 0.133693 0.510104 0.201811
v 0.134745 0.516204 0.190369
v 0.131046 0.502291 0.222468
v 0.134808 0.512699 0.197069
v 0.135588 0.537509 0.149047
v 0.134963 0.543048 0.140705
v 0.132752 0.554598 0.124769
v 0.134984 0.546967 0.134425
v 0.138288 0.539351 0.146908
v 0.131604 0.490524 0.248455
v 0.136435 0.517745 0.187727
v 0.133394 0.530224 0.165308
v 0.136931 0.535050 0.153871
v 0.132904 0.495131 0.238054
v 0.134158 0.504193 0.215396
v 0.146357 0.574401 0.088277
v 0.150491 0.560939 0.120986
v 0.160098 0.569868 0.097518
v 0.167027 0.531885 0.227049
v 0.154442 0.567231 0.107216
v 0.170387 0.557137 0.158695
v 0.165357 0.514240 0.275712
v 0.177948 0.546393 0.198996
v 0.184304 0.562992 0.109682
v 0.169491 0.569036 0.085866
v 0.181832 0.506926 0.329971
v 0.196519 0.555641 0.123085
v 0.207045 0.533997 0.265450
v 0.234769 0.531564 0.209746
v 0.227433 0.521159 0.150630
v 0.233681 0.531478 0.251388
v 0.229336 0.519812 0.145179
v 0.240202 0.512094 0.162943
v 0.250548 0.520087 0.236395
v 0.091934 0.577590 0.115029
v 0.106777 0.564611 0.186981
v 0.142883 0.564212 0.106904
v 0.135933 0.523841 0.174474
v 0.149793 0.495726 0.284934
v 0.179705 0.558548 0.158054
v 0.211166 0.543303 0.215020
v 0.095719 0.629237 0.023632
v 0.080128 0.624299 0.036771
v 0.103392 0.625390 0.031120
v 0.101431 0.615859 0.047750
v 0.103404 0.630379 0.013581
v 0.116901 0.620884 0.032752
v 0.127610 0.595842 0.061761
v 0.134878 0.615605 0.026506
v 0.147844 0.592052 0.052128
v 0.175352 0.590263 0.011629
v 0.181099 0.561778 0.084018
v 0.191842 0.552967 0.080436
v 0.202763 0.567472 0.041027
v 0.197844 0.545181 0.092413
v 0.198917 0.569271 0.044853
v 0.195380 0.551750 0.081779
v 0.195194 0.554576 0.109537
v 0.211201 0.558884 0.029358
v 0.214744 0.561501 0.066268
v 0.207196 0.555399 0.081285
v 0.210676 0.534238 0.115096
v 0.209139 0.537661 0.106306
v 0.214426 0.557683 0.023044
v 0.212677 0.563212 0.056605
v 0.211044 0.557240 0.079376
v 0.215056 0.558756 0.039310
v 0.223174 0.523730 0.137196
v 0.219491 0.527613 0.127504
v 0.227108 0.558818 0.066840
v 0.236526 0.518681 0.150100
v 0.229039 0.541368 0.031825
v 0.228051 0.542511 0.035471
v 0.277658 0.543151 0.089577
v 0.278197 0.545866 0.121985
v 0.256885 0.547580 0.120016
v 0.296983 0.525296 0.183159
v 0.274231 0.515984 0.051573
v 0.277296 0.544460 0.130706
v 0.295991 0.533957 0.094049
v 0.282838 0.511200 0.058790
v 0.287511 0.508060 0.058455
v 0.398387 0.489904 0.073448
v 0.318150 0.542843 0.021046
v 0.298500 0.501603 0.066687
v 0.311462 0.529963 0.108144
v 0.365972 0.532019 0.017352
v 0.140153 0.617501 0.013515
v 0.185408 0.576612 0.040554
v 0.170798 0.576752 0.058558
v 0.193205 0.566748 0.060271
v 0.217313 0.564687 0.008307
v 0.235191 0.537605 0.033573
v 0.244524 0.531596 0.042575
v 0.238171 0.558671 0.011833
v 0.228380 0.552053 0.023100
v 0.279233 0.514666 0.051802
v 0.307571 0.535242 0.035257
v -0.027318 -0.137082 0.937678
v -0.041955 -0.036463 0.912588
v 0.010069 -0.033869 0.912945
v -0.039027 0.071536 0.871193
v 0.006437 0.035628 0.887133
v 0.019867 0.030441 0.888861
v -0.034158 0.113991 0.850031
v 0.007787 0.113717 0.850135
v 0.037650 -0.034498 0.912346
v 0.047742 0.105955 0.851895
v 0.055614 -0.017815 0.905745
v 0.067251 0.127711 0.838214
v 0.034141 -0.162212 0.941165
v 0.057571 -0.093916 0.927304
v 0.092698 -0.064726 0.916816
v 0.076112 0.021017 0.889288
v 0.110525 0.060860 0.868127
v 0.078794 0.154835 0.820444
v 0.102807 0.122492 0.837070
v 0.089571 -0.155576 0.935833
v 0.127656 -0.010648 0.895256
v 0.108203 0.154636 0.816820
v 0.152223 -0.071954 0.910295
v 0.131431 -0.107960 0.921974
v 0.158659 -0.160677 0.927336
v 0.158448 0.020144 0.878661
v 0.177596 -0.049044 0.899274
v 0.133891 0.105841 0.841710
v 0.149996 -0.112131 0.919942
v 0.185542 0.066251 0.852408
v 0.200865 0.127357 0.816681
v 0.175149 -0.106731 0.914395
v 0.206879 -0.144171 0.915249
v 0.191401 0.022428 0.871103
v 0.216150 -0.180280 0.918644
v 0.211293 0.185732 0.776284
v 0.202779 -0.034708 0.889463
v 0.238858 -0.097734 0.898037
v 0.248904 0.014420 0.859719
v 0.225406 0.151450 0.795602
v 0.237962 0.047310 0.848353
v 0.246066 0.079788 0.830131
v 0.259573 -0.178807 0.907159
v 0.230416 0.105265 0.821272
v 0.234052 -0.033518 0.881337
v 0.247759 -0.210927 0.914107
v 0.283801 -0.075557 0.879163
v 0.304567 -0.045009 0.863390
v 0.246965 -0.139683 0.904588
v 0.272053 0.117028 0.801218
v 0.270518 -0.114866 0.892932
v 0.296494 0.036727 0.834578
v 0.316722 -0.008352 0.846091
v 0.305409 0.157808 0.762120
v 0.259758 0.212860 0.740851
v 0.309174 -0.079935 0.871786
v 0.319733 0.102091 0.791279
v 0.317612 -0.036033 0.855742
v 0.319648 -0.053365 0.860488
v 0.335509 -0.220848 0.886647
v 0.321060 0.033133 0.826856
v 0.330933 0.001204 0.836715
v 0.375876 0.063709 0.787186
v 0.326326 0.234542 0.695458
v 0.296650 -0.178807 0.895690
v 0.357301 -0.183592 0.873759
v 0.323052 -0.122488 0.876818
v 0.374897 -0.167924 0.864032
v 0.342118 -0.275406 0.887070
v 0.364284 -0.084943 0.851495
v 0.366902 -0.111478 0.856832
v 0.326047 0.054424 0.814491
v 0.415741 0.010077 0.793080
v 0.415157 -0.241590 0.853755
v 0.361815 0.115679 0.763987
v 0.408889 0.094409 0.752385
v 0.368624 0.010445 0.816400
v 0.361044 0.145495 0.744809
v 0.401054 -0.105530 0.839939
v 0.383591 -0.038179 0.828507
v 0.422900 -0.054945 0.814659
v 0.396082 0.163585 0.712312
v 0.419469 -0.154916 0.840985
v 0.400961 -0.287105 0.861956
v 0.405150 -0.070369 0.828519
v 0.436076 0.048487 0.763137
v 0.417642 -0.189545 0.847297
v 0.432143 0.143043 0.705460
v 0.430698 -0.220035 0.844205
v 0.429639 0.178081 0.678501
v 0.462870 -0.045812 0.789338
v 0.460634 0.054412 0.745559
v 0.441313 -0.109531 0.820242
v 0.448992 0.113000 0.716339
v 0.452701 -0.128924 0.818322
v 0.441968 -0.161601 0.830355
v 0.460580 -0.205894 0.826482
v 0.482332 0.131896 0.679847
v 0.440176 0.183762 0.665672
v 0.477080 0.024511 0.750926
v 0.484103 0.088361 0.710000
v 0.483437 -0.189229 0.811080
v 0.470363 -0.152456 0.812858
v 0.484282 0.070256 0.721306
v 0.459533 -0.076522 0.801225
v 0.492391 -0.085510 0.784004
v 0.500095 0.133618 0.666520
v 0.483820 -0.242283 0.816246
v 0.494352 0.180553 0.629751
v 0.491960 -0.005244 0.755402
v 0.512257 -0.265585 0.799682
v 0.510577 0.011972 0.734952
v 0.506397 -0.237838 0.802071
v 0.507306 -0.051033 0.763451
v 0.512425 -0.029481 0.752068
v 0.503350 -0.160809 0.794411
v 0.497984 -0.192461 0.802687
v 0.526861 0.157677 0.627886
v 0.525016 -0.090016 0.764067
v 0.536857 0.134472 0.640196
v 0.546897 -0.033586 0.729715
v 0.550718 -0.129444 0.756452
v 0.551679 0.101743 0.653066
v 0.552185 0.147870 0.618059
v 0.554200 0.048369 0.684463
v 0.553153 -0.166725 0.762014
v 0.563353 -0.249546 0.764195
v 0.559297 -0.304674 0.767990
v 0.563183 -0.200427 0.759836
v 0.558755 0.009929 0.701302
v 0.567081 -0.085595 0.732913
v 0.587517 -0.017668 0.690955
v 0.548275 0.124424 0.639476
v 0.574570 -0.136521 0.740491
v 0.560833 0.119429 0.633061
v 0.581974 -0.079318 0.719337
v 0.593213 -0.205416 0.737392
v 0.594414 -0.193444 0.734882
v 0.575531 0.031719 0.676412
v 0.573926 -0.145859 0.742923
v 0.579116 0.121720 0.614573
v 0.591354 -0.011952 0.685031
v 0.587721 -0.278049 0.746924
v 0.581402 -0.236416 0.749742
v 0.604082 -0.244663 0.732304
v 0.588936 -0.168793 0.735494
v 0.593076 -0.043776 0.697448
v 0.593967 -0.170884 0.731782
v 0.626802 -0.186481 0.706604
v 0.606602 -0.049115 0.687811
v 0.609115 -0.145721 0.714612
v 0.618725 -0.125129 0.701658
v 0.631193 -0.227593 0.707818
v 0.615140 -0.297843 0.724520
v 0.639594 -0.273446 0.702998
v 0.650457 -0.335410 0.690266
v 0.652645 -0.227897 0.688261
v 0.659648 -0.214903 0.680152
v 0.663464 -0.296611 0.680384
v -0.059525 -0.357334 0.945321
v 0.010647 -0.333135 0.949477
v -0.016100 -0.303697 0.950865
v -0.036106 -0.439219 0.928912
v -0.066290 -0.415940 0.934049
v -0.086600 -0.394876 0.937190
v -0.022440 -0.224657 0.948657
v -0.013777 -0.204175 0.947058
v -0.015605 -0.148557 0.939890
v 0.002441 -0.100258 0.930923
v 0.041098 -0.303689 0.949973
v 0.012400 -0.283053 0.951090
v 0.038177 -0.381090 0.943078
v 0.048166 -0.226022 0.947478
v 0.055613 -0.438715 0.928011
v 0.040238 -0.201739 0.945808
v 0.072209 -0.332715 0.946658
v 0.086141 -0.424081 0.930042
v 0.081664 -0.266383 0.947029
v 0.089610 -0.216486 0.943356
v 0.100653 -0.355563 0.941691
v 0.096758 -0.279555 0.945815
v 0.093677 -0.246008 0.945018
v 0.112298 -0.372058 0.938158
v 0.113203 -0.447023 0.919594
v 0.129791 -0.192957 0.936130
v 0.098787 -0.411981 0.931956
v 0.121981 -0.279311 0.942784
v 0.099783 -0.227112 0.943163
v 0.156065 -0.464400 0.906123
v 0.129012 -0.420078 0.926101
v 0.177167 -0.301617 0.933631
v 0.138551 -0.397800 0.930050
v 0.163940 -0.437270 0.915234
v 0.176564 -0.216373 0.930975
v 0.186066 -0.343232 0.929452
v 0.172620 -0.198501 0.929915
v 0.185710 -0.372231 0.926106
v 0.198576 -0.264847 0.929296
v 0.192224 -0.465638 0.898470
v 0.195161 -0.417784 0.914858
v 0.242451 -0.466997 0.885318
v 0.203945 -0.383172 0.920488
v 0.214383 -0.436004 0.904916
v 0.218586 -0.338805 0.922719
v 0.229757 -0.235612 0.920735
v 0.219613 -0.282838 0.924793
v 0.238718 -0.305579 0.919716
v 0.257313 -0.334903 0.913048
v 0.279094 -0.279071 0.908725
v 0.270215 -0.385752 0.902593
v 0.289298 -0.416778 0.889361
v 0.287261 -0.344649 0.903223
v 0.267267 -0.191491 0.906483
v 0.300522 -0.217839 0.898836
v 0.282992 -0.295888 0.907502
v 0.327021 -0.270031 0.892623
v 0.314768 -0.451644 0.868868
v 0.330837 -0.298691 0.891283
v -0.087834 -0.519333 0.883363
v -0.023665 -0.503354 0.898682
v -0.051223 -0.488771 0.905857
v 0.139704 -0.633073 0.563534
v -0.076436 -0.598252 0.793156
v -0.020496 -0.590228 0.811231
v -0.053680 -0.573591 0.834429
v -0.080051 -0.613894 0.751745
v -0.001158 -0.613469 0.757105
v -0.010492 -0.482136 0.911279
v -0.018544 -0.557698 0.854102
v -0.059315 -0.623012 0.714775
v 0.006921 -0.623313 0.715860
v -0.046392 -0.627193 0.689346
v 0.018306 -0.628897 0.673761
v -0.006818 -0.537517 0.873396
v 0.035641 -0.607747 0.773302
v 0.023904 -0.527939 0.881096
v -0.007851 -0.580243 0.827025
v 0.041123 -0.600286 0.790898
v 0.014635 -0.458598 0.922322
v 0.055626 -0.559814 0.849889
v 0.014818 -0.482986 0.910763
v 0.056611 -0.590826 0.808221
v 0.028847 -0.506212 0.896738
v 0.061489 -0.582257 0.821634
v 0.066660 -0.530178 0.877000
v 0.094733 -0.464852 0.914463
v 0.087865 -0.611674 0.757821
v 0.096624 -0.572564 0.831437
v 0.075205 -0.516273 0.886976
v 0.074169 -0.493002 0.901987
v 0.099544 -0.546526 0.859360
v 0.104948 -0.605079 0.774200
v 0.114182 -0.507276 0.888953
v 0.102637 -0.530514 0.873236
v 0.164261 -0.621235 0.706241
v 0.105265 -0.586745 0.810303
v 0.139100 -0.593494 0.793588
v 0.288150 -0.631065 0.572493
v 0.124236 -0.485024 0.900968
v 0.160038 -0.580674 0.810729
v 0.152752 -0.568481 0.828124
v 0.184446 -0.515102 0.871768
v 0.141600 -0.535320 0.863628
v 0.193515 -0.543606 0.846019
v 0.190583 -0.565454 0.823922
v 0.182551 -0.605153 0.759495
v 0.211173 -0.580361 0.799363
v 0.245202 -0.622984 0.672218
v 0.248258 -0.554012 0.820618
v 0.230305 -0.507152 0.866126
v 0.228351 -0.526905 0.851989
v 0.258285 -0.599992 0.748891
v 0.301011 -0.514345 0.838393
v 0.299052 -0.542970 0.814192
v 0.331529 -0.528283 0.814997
v 0.280281 -0.435049 0.886789
v 0.315447 -0.474102 0.858416
v 0.335817 -0.492070 0.840289
v 0.273472 -0.490808 0.863553
v 0.336318 -0.559209 0.781965
v 0.346302 -0.407500 0.871256
v 0.354990 -0.372926 0.875207
v 0.341531 -0.460655 0.854710
v 0.322224 -0.328253 0.893045
v 0.383937 -0.566622 0.750275
v 0.364020 -0.514558 0.812321
v 0.377178 -0.322504 0.871549
v 0.370818 -0.435312 0.852683
v 0.397361 -0.538215 0.775290
v 0.398114 -0.375859 0.855767
v 0.384006 -0.448843 0.841647
v 0.370728 -0.304970 0.875237
v 0.417493 -0.475335 0.812829
v 0.397773 -0.425292 0.843943
v 0.367961 -0.242833 0.875314
v 0.421366 -0.337724 0.849465
v 0.409132 -0.501300 0.800711
v 0.426650 -0.521199 0.775649
v 0.437071 -0.545938 0.745614
v 0.435464 -0.560100 0.730152
v 0.452005 -0.438245 0.811673
v 0.424166 -0.408283 0.836002
v 0.424453 -0.368780 0.844045
v 0.426374 -0.361998 0.844031
v 0.443016 -0.320269 0.839565
v 0.461423 -0.249546 0.829681
v 0.439696 -0.468027 0.805064
v 0.465320 -0.405177 0.814653
v 0.436132 -0.364162 0.838653
v 0.462528 -0.357340 0.825248
v 0.463582 -0.485045 0.781707
v 0.454607 -0.512419 0.767170
v 0.470275 -0.551779 0.718269
v 0.490762 -0.469780 0.773894
v 0.489560 -0.445226 0.786671
v 0.494113 -0.516243 0.738932
v 0.464584 -0.580157 0.682505
v 0.510774 -0.491992 0.746408
v 0.496709 -0.399204 0.797446
v 0.508211 -0.323961 0.801246
v 0.523079 -0.362219 0.787506
v 0.512676 -0.477603 0.754590
v 0.513465 -0.536694 0.704709
v 0.548734 -0.452356 0.742481
v 0.534245 -0.334529 0.783376
v 0.512250 -0.307412 0.799521
v 0.530041 -0.515301 0.713489
v 0.539507 -0.422412 0.762032
v 0.538671 -0.500085 0.719706
v 0.554527 -0.391556 0.760284
v 0.566974 -0.561227 0.630154
v 0.564228 -0.546865 0.652036
v 0.547063 -0.471916 0.732880
v 0.568942 -0.342952 0.758235
v 0.556006 -0.518806 0.689671
v 0.580637 -0.405148 0.736760
v 0.575184 -0.493207 0.696120
v 0.614090 -0.425712 0.701373
v 0.573638 -0.371956 0.750292
v 0.611292 -0.527307 0.632775
v 0.594555 -0.305521 0.741414
v 0.593401 -0.348555 0.738762
v 0.615823 -0.397596 0.709494
v 0.602091 -0.383746 0.725049
v 0.648592 -0.394384 0.680315
v -0.266936 -0.633838 0.475736
v 0.134140 -0.628815 0.659116
v 0.292916 -0.627100 0.622892
v 0.180130 -0.616123 0.725407
v 0.232355 -0.610934 0.728306
v 0.281154 -0.607218 0.721635
v 0.232270 -0.591634 0.774889
v 0.306063 -0.584423 0.760169
v 0.270195 -0.570167 0.794608
v 0.341705 -0.615017 0.667801
v 0.310110 -0.568986 0.781098
v 0.361773 -0.628097 0.577086
v 0.345560 -0.597942 0.716417
v 0.398347 -0.619495 0.614614
v 0.361208 -0.606308 0.687265
v 0.368160 -0.582467 0.735072
v 0.457009 -0.631100 0.449399
v 0.398284 -0.598652 0.687225
v 0.413301 -0.586412 0.703970
v 0.456608 -0.607356 0.624156
v 0.449806 -0.621307 0.567026
v 0.433244 -0.600010 0.662446
v 0.458196 -0.617478 0.581188
v 0.486198 -0.596459 0.632644
v 0.484807 -0.586187 0.656699
v 0.511418 -0.572371 0.660289
v 0.498993 -0.562288 0.684551
v 0.529375 -0.599678 0.586960
v 0.562137 -0.573595 0.614844
v 0.609544 -0.566547 0.580249
v 0.538227 0.181634 0.599529
v 0.563583 0.160264 0.597708
v 0.591540 0.152211 0.575983
v 0.581452 0.074790 0.645508
v 0.582810 0.104510 0.623821
v 0.598376 0.104463 0.608182
v 0.607794 0.157232 0.552243
v 0.596134 0.144594 0.577697
v 0.612331 0.047602 0.633437
v 0.633036 0.011368 0.634026
v 0.633359 0.192032 0.485030
v 0.622062 0.147635 0.544128
v 0.611419 0.107497 0.591905
v 0.632265 0.055480 0.607765
v 0.617185 0.116961 0.577790
v 0.633421 0.133557 0.543692
v 0.647251 0.143536 0.516565
v 0.659598 0.020796 0.600338
v 0.658594 0.070386 0.567177
v 0.645214 0.207307 0.452958
v 0.676704 0.145702 0.475806
v 0.674769 0.122537 0.501459
v 0.658308 0.115348 0.529428
v 0.699776 0.041993 0.537420
v 0.699850 0.017836 0.554267
v 0.705590 -0.052626 0.586374
v 0.691679 0.076295 0.521107
v 0.656495 0.215110 0.426090
v 0.705583 0.065638 0.511329
v 0.688300 0.129991 0.475715
v 0.711336 0.084529 0.486853
v 0.710867 0.124405 0.447872
v 0.732680 0.074747 0.463879
v 0.740292 0.031336 0.489252
v 0.715630 0.145629 0.415315
v 0.711110 0.166224 0.396191
v 0.727965 -0.011119 0.536021
v 0.738820 0.111241 0.415944
v 0.754479 0.116088 0.379979
v 0.744539 0.008510 0.499612
v 0.750025 0.107151 0.400215
v 0.746587 0.056992 0.458336
v 0.748222 0.080213 0.433227
v 0.769666 -0.029530 0.486514
v 0.768636 0.074425 0.402221
v 0.774046 0.013109 0.449599
v 0.772551 0.089606 0.376764
v 0.766448 -0.053996 0.505651
v 0.771453 0.050532 0.421619
v 0.790900 -0.033162 0.453773
v 0.773730 -0.044484 0.489118
v 0.791189 0.008413 0.422712
v 0.794554 0.024941 0.401869
v 0.800686 0.031285 0.383099
v 0.801664 -0.056123 0.449329
v 0.799717 0.058338 0.355228
v 0.667753 -0.111773 0.651184
v 0.647904 -0.102679 0.668311
v 0.641997 -0.148546 0.685920
v 0.669368 -0.191665 0.667415
v 0.684002 -0.249275 0.658644
v 0.651487 -0.024732 0.633798
v 0.682615 -0.145076 0.644513
v 0.671898 -0.089688 0.639580
v 0.674235 -0.287802 0.669824
v 0.681446 -0.064959 0.619772
v 0.706769 -0.222717 0.631685
v 0.687282 -0.335870 0.653150
v 0.693006 -0.185495 0.641538
v 0.716829 -0.132730 0.602475
v 0.719401 -0.293931 0.620883
v 0.700516 -0.238660 0.640239
v 0.732682 -0.114247 0.577300
v 0.751751 -0.251621 0.580665
v 0.754440 -0.195390 0.570049
v 0.740148 -0.063988 0.547785
v 0.746494 -0.176810 0.576716
v 0.763934 -0.129035 0.540421
v 0.755987 -0.096785 0.540099
v 0.771657 -0.062701 0.502226
v 0.776473 -0.167470 0.533485
v 0.779264 -0.095868 0.505828
v 0.783791 -0.125815 0.510188
v 0.810634 -0.226130 0.492906
v 0.806133 -0.144135 0.481105
v 0.806889 -0.097948 0.462165
v 0.820108 -0.064105 0.420162
v 0.830074 -0.097687 0.419575
v 0.827712 -0.154407 0.446917
v 0.826688 -0.157220 0.449639
v 0.828181 -0.043047 0.390374
v 0.855388 -0.157812 0.393413
v 0.871750 -0.189543 0.366738
v 0.861381 -0.272475 0.403165
v 0.858145 -0.118852 0.371235
v 0.875067 -0.220265 0.366131
v 0.736271 0.180858 0.305753
v 0.779618 0.110183 0.330963
v 0.723437 0.172063 0.360359
v 0.779544 0.100002 0.346882
v 0.783597 0.168979 0.213240
v 0.815283 0.101264 0.251681
v 0.812907 0.063220 0.317252
v 0.810467 0.129773 0.212852
v 0.832136 -0.018612 0.362576
v 0.808715 0.138864 0.199052
v 0.830536 0.045837 0.293262
v 0.849759 0.039847 0.242784
v 0.847596 -0.025646 0.331754
v 0.848160 -0.000061 0.302310
v 0.837272 0.125632 0.099533
v 0.858550 0.083346 0.109736
v 0.865028 -0.033597 0.290651
v 0.840143 -0.100863 0.400963
v 0.863462 -0.096549 0.346586
v 0.855936 0.051769 0.200991
v 0.857590 -0.048540 0.326512
v 0.865695 0.077263 0.072823
v 0.872860 -0.031643 0.263313
v 0.865791 0.058558 0.138810
v 0.875587 0.021919 0.171585
v 0.861252 0.077986 0.109284
v 0.865569 0.067103 0.115217
v 0.869425 -0.106650 0.337807
v 0.881023 -0.007472 0.199474
v 0.870184 -0.066570 0.307423
v 0.875572 -0.133832 0.336809
v 0.855716 -0.209665 0.406798
v 0.880354 -0.188565 0.345439
v 0.886961 -0.075530 0.262374
v 0.883005 -0.048342 0.247322
v 0.891206 0.021771 0.052207
v 0.893006 -0.001423 0.120146
v 0.895771 -0.039286 0.181503
v 0.898926 -0.169092 0.284891
v 0.897747 -0.076354 0.222499
v 0.908570 -0.053586 0.132721
v 0.892909 -0.024488 0.171024
v 0.896965 -0.033845 0.165892
v 0.887176 0.034606 -0.021468
v 0.912032 -0.044500 0.079108
v 0.910717 -0.136483 0.223334
v 0.908216 -0.075958 0.173015
v 0.915407 -0.049032 0.052211
v 0.919201 -0.056839 -0.002923
v 0.915312 -0.153185 0.215659
v 0.925524 -0.111468 0.116014
v 0.923729 -0.098664 0.107339
v 0.924069 -0.087108 0.076042
v 0.622507 -0.549599 0.593197
v 0.607162 -0.501709 0.661761
v 0.662796 -0.496899 0.611086
v 0.613965 -0.491430 0.663938
v 0.632952 -0.468027 0.662625
v 0.671756 -0.454293 0.631801
v 0.625789 -0.440760 0.684323
v 0.657232 -0.522444 0.590918
v 0.670948 -0.528295 0.567592
v 0.691897 -0.469985 0.599789
v 0.695628 -0.410216 0.626442
v 0.669802 -0.379614 0.663338
v 0.681186 -0.514203 0.572333
v 0.693110 -0.355455 0.643887
v 0.711269 -0.434089 0.598047
v 0.694645 -0.392202 0.633574
v 0.699948 -0.479574 0.582918
v 0.715600 -0.504828 0.538126
v 0.718130 -0.394378 0.605900
v 0.705327 -0.519788 0.534268
v 0.745211 -0.315388 0.588506
v 0.734840 -0.456864 0.554518
v 0.735088 -0.424664 0.572812
v 0.740729 -0.515388 0.490014
v 0.756258 -0.369488 0.564945
v 0.740524 -0.482307 0.526232
v 0.765936 -0.493711 0.477374
v 0.775799 -0.447628 0.502303
v 0.742366 -0.547050 0.438565
v 0.750795 -0.520881 0.467346
v 0.779946 -0.478286 0.470951
v 0.773664 -0.413876 0.524757
v 0.780203 -0.306552 0.542709
v 0.792782 -0.381425 0.509199
v 0.787544 -0.501744 0.431433
v 0.780714 -0.270341 0.542545
v 0.787285 -0.434206 0.493342
v 0.789471 -0.349520 0.523098
v 0.799876 -0.402321 0.490025
v 0.812808 -0.456241 0.434253
v 0.822484 -0.337570 0.472628
v 0.811570 -0.300760 0.495708
v 0.806722 -0.263367 0.503082
v 0.819917 -0.307706 0.481438
v 0.811063 -0.478911 0.415457
v 0.827914 -0.408974 0.438618
v 0.826548 -0.365128 0.458690
v 0.829804 -0.469935 0.387921
v 0.836416 -0.291745 0.453076
v 0.846823 -0.372233 0.418022
v 0.840135 -0.421671 0.407799
v 0.846453 -0.329042 0.430289
v 0.844037 -0.402943 0.410702
v 0.851800 -0.450762 0.359932
v 0.866254 -0.420833 0.350772
v 0.846033 -0.219628 0.428410
v 0.873808 -0.396445 0.347531
v 0.866733 -0.292899 0.391531
v 0.595537 -0.630412 0.273721
v 0.495215 -0.627172 0.474327
v 0.556563 -0.623398 0.441280
v 0.511618 -0.615322 0.544809
v 0.579284 -0.628975 0.339074
v 0.529757 -0.609666 0.552430
v 0.602955 -0.609501 0.471372
v 0.604234 -0.585991 0.546696
v 0.554367 -0.590517 0.587580
v 0.604875 -0.624457 0.362484
v 0.635720 -0.596138 0.480784
v 0.625819 -0.614336 0.414439
v 0.623931 -0.576670 0.545141
v 0.654066 -0.604688 0.422696
v 0.641334 -0.584381 0.506646
v 0.652432 -0.558697 0.545023
v 0.671503 -0.597092 0.426478
v 0.694216 -0.570541 0.466674
v 0.696744 -0.579720 0.441021
v 0.693837 -0.608179 0.335827
v 0.690381 -0.549135 0.512084
v 0.690568 -0.613631 0.304596
v 0.732912 -0.613824 0.179639
v 0.723242 -0.597892 0.331520
v 0.721196 -0.560922 0.445935
v 0.726268 -0.588630 0.363005
v 0.731992 -0.572143 0.402206
v 0.734873 -0.609788 0.221844
v 0.715127 -0.544137 0.485857
v 0.744820 -0.574320 0.372867
v 0.766075 -0.574537 0.328633
v 0.760853 -0.583930 0.307606
v 0.781581 -0.522677 0.411677
v 0.787817 -0.578304 0.258823
v 0.788917 -0.547492 0.349489
v 0.800953 -0.531448 0.357568
v 0.801428 -0.517672 0.381601
v 0.824532 -0.531600 0.301158
v 0.828444 -0.502898 0.347620
v 0.551492 -0.613487 0.513219
v 0.560332 -0.600851 0.553498
v 0.669767 -0.617572 0.314252
v 0.754054 -0.551514 0.409546
v 0.791061 -0.559328 0.314948
v 0.847898 -0.468310 0.350168
v 0.862926 -0.493585 0.275035
v 0.873181 -0.469507 0.284198
v 0.878927 -0.441962 0.300282
v 0.880937 -0.418887 0.314780
v 0.902357 -0.459900 0.185000
v 0.869198 -0.318801 0.383615
v 0.893892 -0.303933 0.324676
v 0.893938 -0.359193 0.311954
v 0.886169 -0.454818 0.263480
v 0.891250 -0.267015 0.331904
v 0.897496 -0.215882 0.305921
v 0.897681 -0.429486 0.253720
v 0.898917 -0.375708 0.290452
v 0.899381 -0.397452 0.276423
v 0.907330 -0.431418 0.211755
v 0.906235 -0.242327 0.284773
v 0.889217 -0.501856 0.138574
v 0.908817 -0.465908 0.133930
v 0.911892 -0.291988 0.270305
v 0.916217 -0.360318 0.238366
v 0.913002 -0.339292 0.258834
v 0.913376 -0.397309 0.224439
v 0.921544 -0.430859 0.137099
v 0.910263 -0.189056 0.254281
v 0.924607 -0.415403 0.145666
v 0.916648 -0.251205 0.249692
v 0.924218 -0.441640 0.086120
v 0.921750 -0.354397 0.218240
v 0.928084 -0.287291 0.206159
v 0.919947 -0.246207 0.235988
v 0.924380 -0.312778 0.220465
v 0.924050 -0.400062 0.170408
v 0.927997 -0.420227 0.112388
v 0.919439 -0.464541 0.003415
v 0.926194 -0.444369 0.045253
v 0.928398 -0.199632 0.182996
v 0.929972 -0.436352 -0.010448
v 0.931433 -0.337831 0.179550
v 0.935698 -0.410651 0.055130
v 0.935672 -0.266189 0.167271
v 0.940502 -0.364400 0.099771
v 0.926840 -0.142705 0.149306
v 0.933990 -0.177773 0.136692
v 0.935855 -0.153017 0.091730
v 0.940823 -0.237100 0.127830
v 0.942390 -0.292471 0.125633
v 0.938595 -0.403154 0.031962
v 0.942125 -0.225673 0.111551
v 0.940180 -0.163193 0.056105
v 0.939685 -0.337733 0.129685
v 0.941734 -0.181714 0.070191
v 0.947521 -0.213799 0.026599
v 0.947712 -0.249996 0.068508
v 0.949553 -0.305905 0.050156
v 0.949462 -0.241751 0.027923
v 0.501303 -0.633072 -0.302846
v 0.404031 -0.633863 0.321486
v 0.641670 -0.631091 0.004234
v 0.665942 -0.628922 0.095207
v 0.660061 -0.626961 0.204070
v 0.715859 -0.621351 0.102434
v 0.745349 -0.616258 -0.014404
v 0.753847 -0.611854 0.099596
v 0.760441 -0.605197 0.174627
v 0.739985 -0.602958 0.263572
v 0.757919 -0.600787 0.225739
v 0.758524 -0.594122 0.266672
v 0.782874 -0.596707 0.159117
v 0.780417 -0.590466 0.220603
v 0.793559 -0.595987 0.102143
v 0.803463 -0.579530 0.200083
v 0.804325 -0.593091 -0.033188
v 0.799450 -0.563995 0.279122
v 0.814243 -0.547938 0.286664
v 0.809323 -0.590350 0.036112
v 0.812001 -0.586221 0.092725
v 0.823274 -0.561436 0.212768
v 0.829530 -0.571403 0.121038
v 0.829373 -0.576543 0.054660
v 0.848265 -0.531967 0.226416
v 0.842087 -0.512918 0.295647
v 0.833183 -0.554612 0.202187
v 0.841379 -0.560126 0.130779
v 0.867495 -0.519197 0.188342
v 0.851223 -0.557801 0.060473
v 0.861480 -0.536138 0.149251
v 0.871463 -0.535596 0.072785
v 0.843864 -0.565529 -0.025620
v 0.867384 -0.543280 0.016439
v 0.864084 -0.506779 0.241019
v 0.876677 -0.483852 0.247734
v 0.881383 -0.527261 0.019027
v 0.876656 -0.509180 0.179440
v 0.888074 -0.515580 0.063644
v 0.906488 -0.482943 0.082947
v 0.916280 -0.469335 0.041524
v -0.335483 0.201484 0.723417
v -0.304746 0.251214 0.693572
v -0.318145 0.187254 0.740746
v -0.215563 0.249285 0.726883
v -0.256334 0.277316 0.682271
v -0.227555 0.219862 0.747974
v -0.193477 0.325331 0.647872
v -0.250530 0.301129 0.656665
v -0.154245 0.320946 0.673745
v -0.167474 0.237216 0.749977
v -0.171830 0.169682 0.797884
v -0.190641 0.147516 0.807775
v -0.163136 0.274337 0.718668
v -0.193135 0.346028 0.615462
v -0.102367 0.239681 0.761138
v -0.087729 0.385563 0.622186
v -0.107636 0.191995 0.794801
v -0.113411 0.294916 0.713629
v -0.116137 0.334557 0.673588
v -0.114158 0.120687 0.838472
v -0.090232 0.319209 0.696526
v -0.093606 0.351910 0.661527
v -0.078824 0.304584 0.712092
v -0.064668 0.250083 0.758489
v -0.067008 0.201670 0.793290
v -0.056927 0.358477 0.662203
v -0.035729 0.233085 0.773630
v -0.051659 0.399197 0.616072
v -0.088785 0.110982 0.847192
v -0.029896 0.155316 0.826193
v -0.049820 0.427893 0.577160
v -0.039020 0.304370 0.715990
v -0.037075 0.371662 0.650022
v -0.038982 0.414435 0.599119
v -0.046065 0.443614 0.553657
v -0.012224 0.185367 0.807154
v -0.035043 0.442292 0.559965
v -0.030508 0.351347 0.671655
v -0.012724 0.389105 0.631157
v -0.002027 0.425087 0.585497
v -0.007823 0.308273 0.712106
v -0.024967 0.441386 0.563374
v -0.006071 0.356861 0.665464
v 0.019459 0.353003 0.665508
v -0.338342 0.485036 0.380413
v -0.349493 0.441476 0.456760
v -0.304482 0.411122 0.526612
v -0.267492 0.418435 0.530816
v -0.257792 0.418055 0.532325
v -0.262119 0.441878 0.504505
v -0.252074 0.465471 0.476618
v -0.238049 0.485207 0.452813
v -0.267553 0.390775 0.560698
v -0.234307 0.474971 0.468255
v -0.237084 0.438074 0.509867
v -0.234413 0.334129 0.617387
v -0.225134 0.371820 0.572040
v -0.222694 0.476970 0.466305
v -0.209014 0.496535 0.441034
v -0.226413 0.415125 0.528693
v -0.205008 0.389738 0.539124
v -0.203362 0.380839 0.546842
v -0.226408 0.327130 0.628628
v -0.211139 0.465194 0.475919
v -0.191740 0.395439 0.520591
v -0.204064 0.436434 0.496852
v -0.199204 0.447304 0.484421
v -0.187232 0.392474 0.525005
v -0.188534 0.444523 0.477448
v -0.196586 0.389107 0.531775
v -0.186921 0.396755 0.516118
v -0.176984 0.412799 0.487045
v -0.176088 0.462863 0.452812
v -0.175699 0.369261 0.585760
v -0.164183 0.427451 0.460738
v -0.178246 0.415703 0.485928
v -0.174129 0.413742 0.483872
v -0.169604 0.414635 0.482120
v -0.169635 0.420163 0.472896
v -0.131293 0.371642 0.619545
v -0.146584 0.400981 0.543510
v -0.157895 0.490577 0.420199
v -0.160432 0.428713 0.456724
v -0.148133 0.373938 0.603198
v -0.155964 0.433801 0.447505
v -0.110923 0.416671 0.554272
v -0.146517 0.441054 0.433266
v -0.147064 0.444723 0.428736
v -0.156566 0.427873 0.458737
v -0.134783 0.456738 0.406216
v -0.105976 0.445578 0.475151
v -0.104163 0.412422 0.569946
v -0.115957 0.424285 0.526053
v -0.057249 0.476878 0.472198
v -0.076383 0.408731 0.594250
v -0.059601 0.462921 0.505912
v -0.034971 0.473830 0.503591
v -0.024327 0.476892 0.502624
v -0.013596 0.488930 0.480012
v -0.009775 0.456590 0.540619
v -0.003941 0.472868 0.513093
v -0.183133 0.486766 0.441761
v -0.181875 0.405040 0.500970
v -0.529785 0.215337 0.584455
v -0.495136 0.257090 0.574563
v -0.444875 0.251326 0.617674
v -0.429136 0.316550 0.564868
v -0.449171 0.334913 0.528481
v -0.459004 0.360188 0.486581
v -0.413277 0.367920 0.515869
v -0.433440 0.390773 0.466597
v -0.422008 0.202048 0.676133
v -0.381269 0.287079 0.624821
v -0.399777 0.350201 0.547269
v -0.395981 0.315010 0.588340
v -0.378899 0.215309 0.690818
v -0.419481 0.411050 0.447795
v -0.372143 0.408967 0.489766
v -0.391819 0.385454 0.508734
v -0.375634 0.346131 0.566881
v -0.391315 0.443083 0.417519
v -0.384236 0.434927 0.439611
v -0.359053 0.396839 0.515126
v -0.370398 0.246677 0.668159
v -0.360510 0.325138 0.597622
v -0.358041 0.449547 0.436127
v -0.343599 0.472703 0.404081
v -0.363961 0.473020 0.379757
v -0.334335 0.393989 0.532974
v -0.343229 0.284441 0.646131
v -0.320629 0.325385 0.614935
v -0.305847 0.367824 0.576453
v -0.292104 0.478647 0.433826
v -0.285766 0.432367 0.507923
v -0.288914 0.263071 0.687863
v -0.284055 0.315340 0.635670
v -0.283122 0.353873 0.597028
v -0.265615 0.364496 0.587651
v -0.210915 0.364364 0.573833
v -0.166797 0.506240 0.188676
v -0.134426 0.514564 0.176133
v -0.135204 0.511944 0.171399
v -0.151024 0.554949 0.261056
v -0.124950 0.562167 0.285075
v -0.113054 0.534077 0.185304
v -0.111770 0.551243 0.326503
v -0.107583 0.542827 0.341353
v -0.101503 0.565855 0.255852
v -0.070158 0.568305 0.212961
v -0.110668 0.467660 0.373641
v -0.086558 0.470976 0.363685
v -0.097439 0.466850 0.368870
v -0.104257 0.461361 0.433645
v -0.067478 0.484956 0.405239
v -0.078091 0.556992 0.295000
v -0.103622 0.466024 0.370752
v -0.081667 0.549058 0.314826
v -0.090263 0.525321 0.343290
v -0.093083 0.470983 0.357938
v -0.088183 0.543788 0.327227
v -0.090068 0.536844 0.336020
v -0.083873 0.473511 0.351382
v -0.076950 0.472862 0.444686
v -0.041904 0.490530 0.451389
v -0.078048 0.477177 0.341680
v -0.072824 0.538535 0.319354
v -0.070898 0.478826 0.348856
v -0.068596 0.529239 0.319713
v -0.070781 0.483823 0.325708
v -0.070221 0.480560 0.331692
v -0.027497 0.567231 0.218550
v -0.057354 0.553421 0.286382
v -0.064678 0.484286 0.319950
v -0.065578 0.536494 0.313385
v -0.056628 0.485913 0.312332
v -0.061616 0.487444 0.313377
v -0.058109 0.486555 0.310928
v -0.050963 0.561523 0.259564
v -0.047201 0.488425 0.306678
v -0.039895 0.553532 0.267258
v -0.054411 0.488486 0.304946
v -0.050629 0.490340 0.298925
v -0.032914 0.499546 0.427609
v -0.036986 0.556729 0.257906
v -0.044885 0.488955 0.296793
v -0.031046 0.487528 0.474369
v -0.046868 0.490255 0.294586
v -0.038637 0.493037 0.281860
v -0.017289 0.511422 0.392493
v -0.034927 0.491070 0.285187
v -0.040088 0.490719 0.285985
v -0.037582 0.491713 0.282751
v -0.033451 0.492211 0.277135
v -0.023005 0.533111 0.260440
v -0.026977 0.494616 0.266090
v -0.033854 0.548244 0.267002
v -0.026540 0.548280 0.257251
v 0.004269 0.524704 0.332074
v -0.023126 0.493557 0.269620
v -0.028739 0.492479 0.271914
v -0.022631 0.494824 0.260582
v -0.002488 0.509983 0.424382
v -0.018758 0.540656 0.251566
v -0.010292 0.499641 0.241789
v -0.019364 0.494527 0.259466
v -0.012554 0.496600 0.256012
v 0.012896 0.528843 0.346143
v 0.018686 0.529590 0.358425
v 0.018736 0.518026 0.408687
v 0.003875 0.488851 0.481671
v 0.044769 0.476767 0.493515
v 0.037360 0.540103 0.308565
v 0.046493 0.539257 0.336377
v -0.095496 0.482363 0.352781
v -0.098177 0.474095 0.358381
v -0.086495 0.477975 0.345143
v -0.076124 0.482455 0.332042
v -0.073893 0.490199 0.326568
v -0.063461 0.545798 0.303727
v -0.040447 0.545633 0.278021
v -0.065940 0.523374 0.317946
v -0.050496 0.531131 0.298213
v -0.044586 0.520906 0.291639
v -0.028764 0.540173 0.266386
v -0.318211 0.498770 0.363189
v -0.280208 0.515405 0.351422
v -0.234139 0.534391 0.312510
v -0.253505 0.525649 0.298996
v -0.243942 0.522103 0.374802
v -0.272795 0.508353 0.386083
v -0.221148 0.535758 0.345896
v -0.282130 0.494555 0.410415
v -0.278490 0.514277 0.299071
v -0.266035 0.513927 0.284772
v -0.229584 0.529831 0.280179
v -0.225938 0.510137 0.413292
v -0.215654 0.539375 0.293856
v -0.217843 0.504287 0.428406
v -0.199184 0.515355 0.413019
v -0.173017 0.552748 0.310139
v -0.191305 0.538277 0.360136
v -0.193497 0.500077 0.433681
v -0.170533 0.551072 0.323822
v -0.161926 0.555860 0.287150
v -0.187472 0.525107 0.396154
v -0.196009 0.525661 0.393195
v -0.171827 0.537715 0.368780
v -0.172053 0.513807 0.410323
v -0.150524 0.515292 0.398030
v -0.157598 0.521843 0.394981
v -0.144549 0.545258 0.349491
v -0.156368 0.533958 0.376739
v -0.156176 0.555011 0.313677
v -0.128763 0.491882 0.391580
v -0.125907 0.518777 0.377800
v -0.129034 0.551396 0.228385
v -0.119753 0.560774 0.294403
v -0.142746 0.445141 0.425285
v -0.132664 0.561528 0.269582
v -0.133031 0.453174 0.408193
v -0.136207 0.451417 0.412457
v -0.136578 0.447888 0.419712
v -0.129178 0.456004 0.401495
v -0.128724 0.452576 0.410003
v -0.120571 0.461410 0.387240
v -0.119249 0.459453 0.389638
v -0.114893 0.458035 0.414034
v -0.122073 0.530012 0.365949
v -0.113522 0.464471 0.378593
v -0.173933 0.520037 0.403066
v -0.140810 0.533098 0.372921
v -0.127109 0.541493 0.353391
v -0.111078 0.461311 0.384522
v -0.174578 0.535048 0.175241
v -0.104965 0.523961 0.144776
v -0.158133 0.507775 0.175294
v -0.142522 0.510094 0.169155
v -0.139491 0.512413 0.164599
v -0.132747 0.511902 0.164568
v -0.123079 0.514038 0.158952
v -0.114562 0.552546 0.142469
v -0.115444 0.517655 0.152425
v -0.113155 0.515794 0.158161
v -0.111360 0.516125 0.154293
v -0.078525 0.561241 0.195811
v -0.115508 0.575660 0.130331
v -0.047785 0.560426 0.105671
v -0.099810 0.519769 0.144727
v -0.103488 0.517731 0.148856
v -0.081720 0.521642 0.140324
v -0.087949 0.520801 0.140340
v -0.083727 0.521721 0.137101
v -0.061356 0.531011 0.121658
v -0.079894 0.522038 0.136523
v -0.076284 0.523384 0.132775
v -0.032774 0.558059 0.135133
v -0.070173 0.524124 0.130748
v -0.066560 0.525553 0.127145
v -0.062988 0.525635 0.128243
v -0.040842 0.572003 0.181724
v -0.058449 0.527587 0.123525
v -0.054308 0.529256 0.123155
v -0.052153 0.531711 0.117514
v -0.019262 0.571678 0.146674
v -0.084013 0.565879 0.259672
v -0.046598 0.535455 0.113473
v -0.042466 0.534984 0.115479
v -0.013616 0.574955 0.160170
v -0.014719 0.557375 0.229614
v -0.007787 0.552751 0.226579
v 0.009580 0.570894 0.171686
v -0.010015 0.497880 0.243760
v -0.012253 0.496367 0.248559
v -0.005759 0.500191 0.236328
v 0.006820 0.559543 0.198859
v -0.004435 0.501345 0.233934
v 0.035073 0.577189 0.122878
v -0.002389 0.500216 0.234759
v 0.000377 0.501214 0.234416
v 0.000493 0.502206 0.228900
v 0.019855 0.524043 0.255955
v 0.012919 0.508353 0.216796
v 0.004892 0.507537 0.219782
v 0.005303 0.504128 0.224466
v 0.006389 0.506239 0.219192
v 0.043304 0.558193 0.147747
v 0.028076 0.534739 0.286200
v 0.011975 0.509909 0.211050
v 0.011958 0.508393 0.214561
v 0.014437 0.510094 0.209533
v 0.017489 0.512619 0.204615
v 0.004849 0.565011 0.192464
v 0.018018 0.514060 0.201559
v 0.020934 0.513876 0.201569
v 0.019003 0.512135 0.207692
v 0.024633 0.518279 0.192210
v 0.025261 0.521266 0.189011
v 0.028557 0.519838 0.188101
v 0.025509 0.517645 0.193003
v 0.043532 0.542188 0.155044
v 0.029992 0.521861 0.184132
v 0.035312 0.529486 0.172090
v 0.036971 0.525537 0.179729
v 0.036557 0.525650 0.176230
v 0.037777 0.527658 0.172349
v 0.034583 0.523761 0.180367
v 0.042575 0.534629 0.161428
v 0.046805 0.539115 0.153987
v 0.050505 0.541156 0.150620
v 0.044288 0.533511 0.162718
v 0.050680 0.544621 0.146217
v 0.053135 0.542416 0.150249
v -0.023478 0.573371 0.187405
v -0.005124 0.503761 0.233355
v 0.026332 0.563460 0.167290
v 0.025809 0.516925 0.197278
v 0.040868 0.540160 0.236391
v 0.041743 0.561661 0.147456
v -0.089946 0.579601 0.114822
v -0.056906 0.578064 0.099568
v -0.056795 0.573902 0.103039
v -0.062516 0.590397 0.064457
v -0.017726 0.579925 0.079900
v -0.038544 0.537441 0.109840
v -0.037317 0.537248 0.111263
v -0.042941 0.535218 0.117490
v -0.027407 0.543036 0.107553
v -0.023654 0.573260 0.088644
v -0.036415 0.539588 0.107725
v -0.031205 0.541382 0.105966
v 0.002770 0.568613 0.103875
v -0.027446 0.544405 0.103446
v -0.020126 0.549158 0.099950
v -0.012227 0.555017 0.096077
v 0.005833 0.595786 0.048592
v -0.033740 0.590050 0.038503
v -0.002056 0.581719 0.073588
v -0.009350 0.556172 0.097622
v 0.023642 0.579225 0.101534
v 0.010223 0.576548 0.123078
v 0.019540 0.577332 0.126885
v 0.006828 0.599981 0.036294
v 0.005970 0.568255 0.087686
v 0.008090 0.573678 0.081520
v 0.011917 0.593557 0.056128
v 0.023759 0.579695 0.091744
v 0.029373 0.579669 0.109286
v 0.036114 0.569007 0.145643
v 0.037870 0.586379 0.085182
v 0.046889 0.582242 0.103089
v 0.069784 0.621376 0.039570
v 0.064336 0.579551 0.105045
v -0.023427 0.590694 0.054554
v -0.007792 0.589531 0.060283
v -0.016052 0.551050 0.100114
v -0.001719 0.562702 0.090266
v 0.025687 0.583363 0.079841
v -0.371172 0.537954 0.201564
v -0.398821 0.535356 0.183955
v -0.388354 0.516380 0.235987
v -0.373002 0.514469 0.243078
v -0.355320 0.539160 0.209752
v -0.334907 0.469247 0.264233
v -0.346521 0.551743 0.185331
v -0.353564 0.517571 0.240223
v -0.349640 0.464295 0.275054
v -0.352633 0.463513 0.282001
v -0.331962 0.541001 0.214841
v -0.343788 0.465971 0.271154
v -0.341548 0.465946 0.273547
v -0.350171 0.480894 0.322185
v -0.327777 0.492570 0.316628
v -0.315911 0.475001 0.252260
v -0.320582 0.484106 0.248835
v -0.329839 0.468909 0.265552
v -0.322473 0.530921 0.225600
v -0.355009 0.480738 0.367072
v -0.327796 0.497162 0.345682
v -0.302624 0.557945 0.193042
v -0.323766 0.498332 0.330185
v -0.320340 0.471856 0.257502
v -0.324374 0.518555 0.234580
v -0.320295 0.471279 0.259916
v -0.311168 0.477443 0.248657
v -0.312353 0.542214 0.214518
v -0.312510 0.473392 0.253798
v -0.296480 0.492654 0.279732
v -0.285669 0.515991 0.326318
v -0.277339 0.557287 0.198029
v -0.296860 0.477002 0.245179
v -0.285532 0.512380 0.225029
v -0.249535 0.549789 0.199737
v -0.275109 0.518508 0.308723
v -0.291689 0.479010 0.240858
v -0.252122 0.552220 0.199013
v -0.281288 0.480625 0.236570
v -0.257765 0.568895 0.182596
v -0.273471 0.482416 0.232367
v -0.262725 0.582176 0.142373
v -0.266399 0.484897 0.227106
v -0.261944 0.488608 0.222840
v -0.246161 0.565685 0.186910
v -0.218946 0.503709 0.199929
v -0.254025 0.487011 0.221551
v -0.228701 0.535008 0.197964
v -0.255682 0.485614 0.226638
v -0.247876 0.487259 0.222706
v -0.242200 0.489213 0.216605
v -0.213535 0.582334 0.156999
v -0.225472 0.492498 0.209751
v -0.218920 0.496401 0.203343
v -0.218922 0.565773 0.180696
v -0.207605 0.496360 0.201840
v -0.175879 0.584383 0.143514
v -0.178530 0.578599 0.154974
v -0.190426 0.500409 0.198118
v -0.198656 0.500443 0.193684
v -0.199133 0.498236 0.197726
v -0.182398 0.572931 0.162713
v -0.156553 0.511254 0.171719
v -0.193462 0.500637 0.192317
v -0.175844 0.504122 0.183955
v -0.175570 0.503280 0.189566
v -0.172137 0.564157 0.164926
v -0.171810 0.504119 0.184212
v -0.170950 0.506336 0.180198
v -0.162065 0.506276 0.179053
v -0.290846 0.477954 0.244160
v -0.207642 0.508171 0.229896
v -0.232364 0.490950 0.216788
v -0.232486 0.492099 0.210846
v -0.227988 0.494573 0.207368
v -0.426538 0.467230 0.035768
v -0.417768 0.486731 0.055293
v -0.441388 0.518005 0.111375
v -0.431308 0.526835 0.132855
v -0.403993 0.538197 0.119273
v -0.455508 0.500291 0.089450
v -0.388984 0.529904 0.085120
v -0.420360 0.469010 0.038381
v -0.411905 0.472889 0.040748
v -0.408839 0.472960 0.037859
v -0.368943 0.524179 0.069623
v -0.413273 0.533142 0.168862
v -0.381588 0.547180 0.165878
v -0.397032 0.476860 0.038243
v -0.368879 0.553834 0.125094
v -0.378569 0.483390 0.036749
v -0.347400 0.519254 0.022219
v -0.386550 0.480485 0.037144
v -0.370841 0.553813 0.146442
v -0.376103 0.545628 0.103868
v -0.344516 0.562766 0.146433
v -0.368406 0.549088 0.175772
v -0.371653 0.484676 0.037858
v -0.359161 0.489191 0.036885
v -0.359732 0.488538 0.038447
v -0.354246 0.559964 0.134787
v -0.333868 0.558945 0.097745
v -0.335838 0.496358 0.035309
v -0.325876 0.566655 0.112529
v -0.338700 0.560040 0.167757
v -0.352310 0.490563 0.038106
v -0.346166 0.492461 0.037939
v -0.324781 0.500474 0.040705
v -0.281071 0.557309 0.069622
v -0.314303 0.503730 0.034947
v -0.318244 0.500944 0.037099
v -0.287002 0.517133 0.033086
v -0.282874 0.580096 0.117316
v -0.314584 0.502121 0.038566
v -0.303054 0.506091 0.038469
v -0.301578 0.575461 0.134722
v -0.291786 0.575602 0.105651
v -0.305105 0.506185 0.035435
v -0.293806 0.575706 0.146348
v -0.293168 0.509926 0.038576
v -0.270576 0.568685 0.180417
v -0.282338 0.516313 0.040458
v -0.287722 0.512055 0.038263
v -0.281840 0.516075 0.035471
v -0.259606 0.583796 0.105624
v -0.275863 0.517866 0.038292
v -0.244063 0.587413 0.124943
v -0.271934 0.519798 0.038441
v -0.267315 0.522309 0.036854
v -0.261459 0.524943 0.036914
v -0.269359 0.522995 0.034584
v -0.226192 0.569011 0.065181
v -0.259368 0.526255 0.039417
v -0.207270 0.588132 0.135375
v -0.211825 0.589977 0.120960
v -0.385621 0.480924 0.040419
v -0.332403 0.496365 0.038571
v -0.327920 0.498056 0.036800
v -0.302471 0.563402 0.086267
v -0.333113 0.534048 0.015667
v -0.282265 0.574348 0.094459
v -0.293723 0.510200 0.035634
v -0.249875 0.582950 0.095946
v -0.266753 0.570596 0.004148
v -0.208909 0.543141 0.031455
v -0.277184 0.545717 0.057997
v -0.212755 0.560784 0.053519
v -0.236128 0.534711 0.037162
v -0.251493 0.530652 0.034538
v -0.251811 0.574970 0.080851
v -0.221696 0.576576 0.073624
v -0.218917 0.584127 0.086587
v -0.218450 0.539559 0.034906
v -0.224540 0.587736 0.099769
v -0.211321 0.541270 0.036631
v -0.232366 0.583192 0.152149
v -0.197935 0.545327 0.036692
v -0.197179 0.545834 0.030431
v -0.201802 0.543239 0.034304
v -0.216906 0.573291 0.173079
v -0.191255 0.545808 0.033189
v -0.170778 0.568966 0.051140
v -0.120019 0.591385 0.087837
v -0.177910 0.575930 0.157961
v -0.148198 0.553198 0.029067
v -0.169228 0.508466 0.178079
v -0.204880 0.550945 0.183708
v -0.135331 0.554934 0.030562
v -0.111241 0.560253 0.025083
v -0.098503 0.578853 0.044069
v -0.093801 0.589572 0.095546
v -0.082614 0.582518 0.010265
v -0.112107 0.558896 0.028520
v -0.076222 0.590728 0.076138
v -0.086466 0.564714 0.026590
v -0.073980 0.568490 0.027083
v -0.045309 0.586305 0.080090
v -0.079924 0.566214 0.025421
v -0.072101 0.577903 0.035365
v -0.066190 0.570380 0.025305
v -0.066354 0.589779 0.056756
v -0.063526 0.584403 0.040355
v -0.047149 0.580360 0.015995
v -0.064255 0.570900 0.023174
v -0.056407 0.573553 0.023537
v -0.067764 0.588135 0.050154
v -0.049598 0.576504 0.020190
v -0.017287 0.592161 0.021532
v -0.007554 0.596552 0.025366
v -0.128847 0.589940 0.076052
v -0.184076 0.547128 0.031947
v -0.179506 0.548944 0.034883
v -0.171830 0.554222 0.024847
v -0.097770 0.586328 0.107344
v -0.123993 0.557007 0.030448
v -0.093570 0.563222 0.027501
v -0.095623 0.563134 0.024525
v -0.060399 0.573015 0.020586
v -0.708769 0.219297 0.336834
v -0.681890 0.287526 0.271128
v -0.642166 0.304311 0.322181
v -0.626096 0.271130 0.406866
v -0.666301 0.320815 0.236229
v -0.621288 0.345888 0.281001
v -0.654668 0.214179 0.440932
v -0.602507 0.325094 0.355870
v -0.627688 0.235651 0.453489
v -0.583514 0.384642 0.271367
v -0.587771 0.269076 0.463111
v -0.575668 0.367754 0.318698
v -0.551779 0.325076 0.430912
v -0.579962 0.297835 0.433927
v -0.570176 0.415340 0.223642
v -0.539465 0.276758 0.509631
v -0.548113 0.404599 0.290580
v -0.585241 0.207217 0.536459
v -0.553452 0.410435 0.269223
v -0.521946 0.467163 0.172376
v -0.563310 0.438762 0.154512
v -0.540143 0.440883 0.217588
v -0.530376 0.301747 0.489461
v -0.523154 0.469666 0.129061
v -0.511555 0.389066 0.361166
v -0.510585 0.478341 0.151321
v -0.512888 0.421901 0.302920
v -0.507111 0.467665 0.208788
v -0.506354 0.289505 0.529782
v -0.502867 0.441393 0.279288
v -0.479405 0.354964 0.472810
v -0.500992 0.455710 0.251288
v -0.493636 0.330182 0.492737
v -0.495700 0.481864 0.187338
v -0.507939 0.375433 0.400644
v -0.437038 0.403137 0.442906
v -0.496217 0.433691 0.298980
v -0.481955 0.492504 0.105667
v -0.474046 0.322426 0.522017
v -0.479955 0.498322 0.154234
v -0.490816 0.400728 0.360082
v -0.464571 0.489182 0.222443
v -0.460797 0.420052 0.343710
v -0.456661 0.512760 0.128972
v -0.457306 0.502100 0.198371
v -0.453012 0.468661 0.274955
v -0.470469 0.467800 0.263435
v -0.462253 0.504690 0.179541
v -0.446157 0.428077 0.334791
v -0.499071 0.455076 0.064986
v -0.456864 0.489043 0.076364
v -0.441172 0.521875 0.142568
v -0.442241 0.430163 0.355393
v -0.424725 0.419888 0.425746
v -0.403008 0.443751 0.401216
v -0.423564 0.512477 0.083065
v -0.414904 0.527830 0.101642
v -0.439302 0.496005 0.237157
v -0.433765 0.468913 0.282426
v -0.413696 0.496305 0.255019
v -0.427539 0.437085 0.324030
v -0.410052 0.445053 0.312215
v -0.410746 0.536852 0.150352
v -0.404927 0.451578 0.328130
v -0.406893 0.445667 0.313525
v -0.392134 0.459291 0.345713
v -0.400186 0.514498 0.232177
v -0.395101 0.455413 0.376775
v -0.398329 0.499781 0.255598
v -0.397342 0.449548 0.305529
v -0.388207 0.452928 0.302979
v -0.388825 0.481433 0.273580
v -0.373996 0.465378 0.310731
v -0.384749 0.454640 0.296551
v -0.375192 0.462821 0.285077
v -0.359496 0.494854 0.257976
v -0.369129 0.459195 0.287536
v -0.342878 0.473297 0.287912
v -0.361505 0.462558 0.280676
v -0.359992 0.461200 0.283790
v -0.362183 0.465517 0.277905
v -0.537656 0.349917 0.408311
v -0.372937 0.457903 0.290870
v -0.801221 0.201779 0.049832
v -0.793370 0.203749 0.110450
v -0.776082 0.238875 0.056395
v -0.768223 0.251632 -0.001935
v -0.793193 0.176935 0.189147
v -0.766948 0.230014 0.151142
v -0.746540 0.264245 0.129952
v -0.747339 0.276874 0.062473
v -0.735730 0.287554 0.085853
v -0.729465 0.297861 0.058574
v -0.741732 0.244800 0.200591
v -0.736525 0.290760 -0.008771
v -0.726880 0.299628 0.035176
v -0.717856 0.287371 0.168871
v -0.716794 0.262363 0.234748
v -0.698074 0.312394 0.162728
v -0.701985 0.251818 0.293614
v -0.709534 0.316860 0.054694
v -0.663759 0.355375 0.125919
v -0.691878 0.324705 0.141615
v -0.687915 0.295690 0.238889
v -0.678195 0.340697 0.018962
v -0.651350 0.363452 0.073863
v -0.677050 0.340700 0.043037
v -0.668684 0.341730 0.169933
v -0.651247 0.353586 0.188411
v -0.619525 0.395009 0.120268
v -0.650356 0.321562 0.271997
v -0.635527 0.376672 0.156141
v -0.617484 0.383451 0.060543
v -0.620115 0.372938 0.219162
v -0.617922 0.378853 0.026157
v -0.597158 0.412985 0.136680
v -0.588268 0.414410 0.174113
v -0.570548 0.434187 0.124152
v -0.585370 0.393281 0.037061
v -0.565712 0.431724 0.096623
v -0.575914 0.414569 0.073408
v -0.589511 0.407287 0.001676
v -0.560371 0.408245 0.031001
v -0.565985 0.421277 0.005485
v -0.520147 0.426081 0.038302
v -0.520101 0.426070 0.035855
v -0.503427 0.476343 0.099882
v -0.509380 0.464289 -0.002378
v -0.529009 0.423957 0.031464
v -0.490029 0.440430 0.034979
v -0.490766 0.439739 0.038373
v -0.473241 0.447557 0.036474
v -0.459628 0.453448 0.035852
v -0.455522 0.455330 0.038427
v -0.427542 0.466727 0.039353
v -0.440166 0.461267 0.038233
v -0.637697 0.365068 0.033087
v -0.618934 0.376003 0.043056
v -0.412245 -0.124393 0.839922
v -0.337526 -0.125497 0.873449
v -0.412244 -0.195889 0.851754
v -0.352945 -0.201827 0.879047
v -0.362754 -0.264908 0.879273
v -0.305983 -0.183752 0.894583
v -0.333920 -0.224146 0.888438
v -0.325885 -0.075187 0.865887
v -0.315458 0.010403 0.840078
v -0.302823 -0.043833 0.864908
v -0.289824 0.040789 0.836492
v -0.288837 -0.002206 0.855023
v -0.312656 -0.126205 0.882742
v -0.284048 -0.071391 0.879218
v -0.298460 0.138141 0.780893
v -0.260686 0.066470 0.834246
v -0.242317 0.101287 0.821639
v -0.252130 -0.204259 0.912928
v -0.241948 0.178581 0.773938
v -0.240067 -0.015857 0.874407
v -0.272866 -0.107448 0.891362
v -0.253426 0.028276 0.853930
v -0.242781 -0.097230 0.897177
v -0.214844 -0.149143 0.914454
v -0.233854 0.075554 0.837661
v -0.220670 0.158194 0.793473
v -0.232578 -0.224426 0.919859
v -0.207826 0.054450 0.854444
v -0.206328 -0.041165 0.890947
v -0.187630 -0.137568 0.918301
v -0.163860 0.006495 0.883558
v -0.183447 0.103168 0.835499
v -0.171322 0.043769 0.867099
v -0.193880 -0.087843 0.906425
v -0.184158 -0.049771 0.898348
v -0.143881 0.000776 0.889144
v -0.133818 0.149082 0.818730
v -0.164725 -0.075479 0.909183
v -0.141488 -0.054894 0.907612
v -0.151191 0.089899 0.848939
v -0.119709 -0.177406 0.935962
v -0.114168 0.067131 0.866094
v -0.086354 -0.131727 0.932664
v -0.121619 -0.054092 0.910387
v -0.069907 0.010884 0.894487
v -0.067684 -0.218471 0.945705
v -0.082699 -0.189844 0.941610
v -0.088373 -0.260651 0.946525
v -0.038261 -0.108798 0.931751
v -0.054065 -0.044338 0.914305
v -0.059037 0.059220 0.875670
v -0.051801 -0.165385 0.940924
v -0.100625 0.146555 0.825283
v -0.037035 -0.244766 0.949361
v -0.698269 -0.185333 0.635926
v -0.648871 -0.175878 0.684984
v -0.621792 -0.069881 0.681913
v -0.627318 -0.031003 0.661300
v -0.633944 -0.126105 0.688084
v -0.639680 -0.227017 0.700608
v -0.612124 -0.163803 0.715885
v -0.610916 0.043024 0.639215
v -0.606067 -0.120731 0.711430
v -0.584386 -0.021987 0.696039
v -0.607000 -0.019641 0.675318
v -0.594929 0.009360 0.672204
v -0.589600 -0.074394 0.711551
v -0.564083 -0.208066 0.760735
v -0.571653 -0.170128 0.749681
v -0.575420 0.121293 0.620919
v -0.562003 0.059362 0.673591
v -0.572684 0.163549 0.590259
v -0.547075 -0.103587 0.753360
v -0.553411 0.019941 0.701597
v -0.546440 -0.063572 0.741725
v -0.532912 0.151709 0.635342
v -0.527090 -0.132851 0.774468
v -0.527589 0.097457 0.678367
v -0.544248 0.129253 0.642809
v -0.534545 0.239232 0.556046
v -0.525071 -0.162212 0.781691
v -0.525629 -0.020189 0.740695
v -0.517459 0.057390 0.709610
v -0.493582 -0.048867 0.773169
v -0.490489 0.017437 0.748698
v -0.501237 0.226294 0.598313
v -0.479471 -0.227602 0.818838
v -0.480490 0.073362 0.726922
v -0.503087 -0.110444 0.785137
v -0.477003 0.162528 0.670272
v -0.493904 -0.148462 0.799224
v -0.478471 -0.099051 0.797530
v -0.452373 0.136202 0.706710
v -0.463444 0.061154 0.744514
v -0.462362 -0.121369 0.812250
v -0.443907 -0.050102 0.803065
v -0.460468 0.003655 0.773746
v -0.430582 -0.090957 0.822381
v -0.416230 -0.158760 0.844367
v -0.451435 0.095499 0.733077
v -0.416532 0.120609 0.738462
v -0.435426 0.043364 0.770218
v -0.413747 0.163684 0.711388
v -0.445801 -0.270527 0.840454
v -0.404494 -0.001777 0.805640
v -0.390705 -0.057809 0.832790
v -0.395544 0.156194 0.726929
v -0.388535 0.050639 0.790144
v -0.363124 -0.151008 0.867832
v -0.372692 0.158745 0.736668
v -0.355183 -0.023677 0.837125
v -0.368797 0.109952 0.767908
v -0.357144 -0.066134 0.850617
v -0.333718 0.068040 0.806012
v -0.316350 0.150549 0.765948
v -0.308201 0.102195 0.798234
v -0.334360 -0.393407 0.879461
v -0.333513 -0.323684 0.889215
v -0.394385 -0.326146 0.863969
v -0.330885 -0.450017 0.863647
v -0.327115 -0.547848 0.798109
v -0.323313 -0.480822 0.851953
v -0.324230 -0.351850 0.890046
v -0.353106 -0.556871 0.776485
v -0.317977 -0.513223 0.832899
v -0.369833 -0.584322 0.730002
v -0.297961 -0.574881 0.777348
v -0.327315 -0.426813 0.873334
v -0.280809 -0.544306 0.819697
v -0.322984 -0.274418 0.894450
v -0.315286 -0.593106 0.739905
v -0.292468 -0.345883 0.901699
v -0.304508 -0.556120 0.798360
v -0.290945 -0.515165 0.841704
v -0.267065 -0.586364 0.771813
v -0.278737 -0.248078 0.908361
v -0.262930 -0.323763 0.912563
v -0.266716 -0.430768 0.892989
v -0.269862 -0.594439 0.756204
v -0.296649 -0.468451 0.868383
v -0.321164 -0.604716 0.710679
v -0.300687 -0.613802 0.691864
v -0.264555 -0.608609 0.724376
v -0.251800 -0.533745 0.839353
v -0.248429 -0.481184 0.877324
v -0.247743 -0.402114 0.906212
v -0.220574 -0.557941 0.824553
v -0.254787 -0.277443 0.916106
v -0.252921 -0.357210 0.912378
v -0.237004 -0.604027 0.746766
v -0.234238 -0.569413 0.807237
v -0.240077 -0.514856 0.858299
v -0.210118 -0.260704 0.927144
v -0.216508 -0.458248 0.896628
v -0.240929 -0.427910 0.901288
v -0.208558 -0.325643 0.926577
v -0.215434 -0.529310 0.853439
v -0.177204 -0.618810 0.716631
v -0.203986 -0.481665 0.888389
v -0.184764 -0.504252 0.879217
v -0.224330 -0.392287 0.914455
v -0.225806 -0.584442 0.788905
v -0.175457 -0.597810 0.778483
v -0.161117 -0.629665 0.649474
v -0.176958 -0.625254 0.682736
v -0.199073 -0.430907 0.910591
v -0.212339 -0.413185 0.912634
v -0.176246 -0.547430 0.846247
v -0.179115 -0.590087 0.792183
v -0.164990 -0.612050 0.744724
v -0.180365 -0.578340 0.810094
v -0.171083 -0.417015 0.920255
v -0.164998 -0.387653 0.928017
v -0.184876 -0.568277 0.822021
v -0.170522 -0.471419 0.900409
v -0.153439 -0.504115 0.885386
v -0.140961 -0.445804 0.916213
v -0.163931 -0.340027 0.934493
v -0.134658 -0.301744 0.941373
v -0.115197 -0.607355 0.767424
v -0.111258 -0.491653 0.898672
v -0.122250 -0.519717 0.879190
v -0.138529 -0.197343 0.935794
v -0.133722 -0.576905 0.821295
v -0.126777 -0.377723 0.935701
v -0.107898 -0.559298 0.845828
v -0.120922 -0.542611 0.860493
v -0.091573 -0.586074 0.813525
v -0.104404 -0.427533 0.927137
v -0.112231 -0.462595 0.913249
v -0.118437 -0.344412 0.941046
v 0.002214 -0.631149 0.643254
v -0.078394 -0.317498 0.947154
v -0.081860 -0.468258 0.913924
v -0.073216 -0.605742 0.776305
v -0.041481 -0.547931 0.862858
v -0.060802 -0.528717 0.878517
v -0.029275 -0.373917 0.944611
v -0.011704 -0.418845 0.935839
v -0.161110 -0.632038 0.610628
v -0.675068 -0.358684 0.662757
v -0.652764 -0.336554 0.687906
v -0.634486 -0.413564 0.688134
v -0.679684 -0.246135 0.663094
v -0.651452 -0.247775 0.691107
v -0.677860 -0.458006 0.624209
v -0.662251 -0.472774 0.631019
v -0.650413 -0.446458 0.658714
v -0.637296 -0.377401 0.695851
v -0.615007 -0.287109 0.725118
v -0.666167 -0.492327 0.611484
v -0.624635 -0.493835 0.651948
v -0.604816 -0.520178 0.646181
v -0.613353 -0.455753 0.688172
v -0.612985 -0.481535 0.672240
v -0.612040 -0.335714 0.724864
v -0.601126 -0.394378 0.722896
v -0.616732 -0.241192 0.721982
v -0.582612 -0.319662 0.750433
v -0.572598 -0.545168 0.646801
v -0.595826 -0.418945 0.719510
v -0.586839 -0.368648 0.740386
v -0.586587 -0.278763 0.748407
v -0.581390 -0.489379 0.693609
v -0.575980 -0.459899 0.717112
v -0.567745 -0.588280 0.578970
v -0.566620 -0.411130 0.745241
v -0.564334 -0.509593 0.691159
v -0.569275 -0.437911 0.733145
v -0.550348 -0.314422 0.774953
v -0.542714 -0.560395 0.651959
v -0.549436 -0.345625 0.772533
v -0.538485 -0.570548 0.639935
v -0.538456 -0.529477 0.692594
v -0.546957 -0.378168 0.768524
v -0.544435 -0.460472 0.741063
v -0.541980 -0.582546 0.615181
v -0.547590 -0.273464 0.777391
v -0.507948 -0.228266 0.801378
v -0.536638 -0.546289 0.675247
v -0.520361 -0.425070 0.774013
v -0.505577 -0.482186 0.755854
v -0.503548 -0.507845 0.738311
v -0.506736 -0.463133 0.766232
v -0.503654 -0.304673 0.807075
v -0.487100 -0.400884 0.803237
v -0.470459 -0.545921 0.723125
v -0.514265 -0.330021 0.798602
v -0.505744 -0.569054 0.668264
v -0.511409 -0.374761 0.793794
v -0.486741 -0.557192 0.698536
v -0.475264 -0.440240 0.797287
v -0.472555 -0.496098 0.768002
v -0.477308 -0.335878 0.820737
v -0.468675 -0.583073 0.671704
v -0.462473 -0.390612 0.820265
v -0.458984 -0.514023 0.762468
v -0.446123 -0.570281 0.707966
v -0.450679 -0.357338 0.832828
v -0.463185 -0.304789 0.830992
v -0.434488 -0.465039 0.809108
v -0.448835 -0.484671 0.789917
v -0.438528 -0.416716 0.826458
v -0.415530 -0.534557 0.768915
v -0.443327 -0.557582 0.726813
v -0.425288 -0.442415 0.824327
v -0.419329 -0.372932 0.846381
v -0.422563 -0.309774 0.851897
v -0.403844 -0.491725 0.809338
v -0.398860 -0.271430 0.863812
v -0.403873 -0.515109 0.792348
v -0.398894 -0.553083 0.758201
v -0.393219 -0.575183 0.732160
v -0.367573 -0.471590 0.838260
v -0.369628 -0.541371 0.785517
v -0.366113 -0.413206 0.861725
v -0.382988 -0.233574 0.869285
v -0.387699 -0.354771 0.863897
v -0.367561 -0.518459 0.807355
v -0.543332 -0.601672 0.566194
v -0.511080 -0.612677 0.555497
v -0.510416 -0.601777 0.595344
v -0.428600 -0.609331 0.634094
v -0.434648 -0.627209 0.532273
v -0.402237 -0.619010 0.613138
v -0.417024 -0.599995 0.669881
v -0.398204 -0.623089 0.593477
v -0.324207 -0.632656 0.526841
v -0.423554 -0.592083 0.684224
v -0.373751 -0.599781 0.696573
v -0.348616 -0.623243 0.623745
v -0.327907 -0.630696 0.570631
v -0.360257 -0.616730 0.650221
v -0.265213 -0.624719 0.655640
v -0.887165 -0.189227 0.330168
v -0.865876 -0.201264 0.385118
v -0.877412 -0.169588 0.349185
v -0.848126 -0.160065 0.410277
v -0.841962 -0.114568 0.405049
v -0.822594 0.021191 0.352232
v -0.822627 -0.066561 0.418632
v -0.819429 -0.160335 0.463468
v -0.816766 -0.108521 0.449844
v -0.816848 -0.032249 0.408076
v -0.813549 0.002809 0.387954
v -0.809421 0.052784 0.348827
v -0.804971 -0.045267 0.438813
v -0.789809 0.066351 0.375458
v -0.824766 -0.236114 0.470865
v -0.783357 -0.233080 0.536289
v -0.786831 -0.174080 0.520907
v -0.762105 0.057865 0.435787
v -0.777519 0.021272 0.439910
v -0.789121 -0.093160 0.490419
v -0.769542 -0.001031 0.470014
v -0.767761 -0.034486 0.494316
v -0.760337 -0.061988 0.520135
v -0.763990 0.109932 0.378522
v -0.763833 -0.193445 0.557833
v -0.763006 -0.120781 0.540158
v -0.748688 -0.150509 0.568230
v -0.752411 0.030702 0.474351
v -0.738230 0.002322 0.515472
v -0.733033 0.174580 0.357005
v -0.732719 0.125447 0.419918
v -0.735507 -0.189445 0.593463
v -0.733785 -0.116815 0.577604
v -0.732782 -0.064146 0.558994
v -0.724577 -0.023868 0.549705
v -0.715090 0.096818 0.476903
v -0.705793 -0.224954 0.633291
v -0.713467 -0.137818 0.608240
v -0.702084 0.031403 0.545166
v -0.709442 -0.085070 0.596234
v -0.705345 0.154809 0.433157
v -0.704571 -0.042890 0.584218
v -0.703681 0.080919 0.506592
v -0.678441 0.153276 0.475549
v -0.672599 0.233300 0.385054
v -0.682578 0.010585 0.581868
v -0.682336 -0.207456 0.656495
v -0.670137 0.250258 0.363511
v -0.687800 -0.052390 0.607757
v -0.682084 0.060244 0.550316
v -0.664802 -0.122423 0.657005
v -0.678260 0.113996 0.512372
v -0.674740 -0.095306 0.638399
v -0.665639 0.180455 0.464664
v -0.663250 0.002435 0.608121
v -0.645108 0.061382 0.592430
v -0.616306 0.009913 0.652229
v -0.608129 0.159067 0.557425
v -0.635297 0.106172 0.570889
v -0.609742 0.195529 0.520259
v -0.603755 0.218313 0.503024
v -0.606028 0.078848 0.621637
v -0.931152 -0.151238 0.138569
v -0.937963 -0.220761 0.146378
v -0.926395 -0.097816 0.097580
v -0.926788 -0.082203 0.045857
v -0.926922 -0.220758 0.203935
v -0.928521 -0.164162 0.166867
v -0.919747 -0.111474 0.165889
v -0.906471 -0.140743 0.247708
v -0.903687 -0.002193 0.038051
v -0.911726 -0.023672 0.006829
v -0.910441 -0.036316 0.096702
v -0.906146 -0.108230 0.225616
v -0.903599 -0.050004 0.171739
v -0.906215 -0.185713 0.271124
v -0.902573 -0.208071 0.290671
v -0.906074 -0.083661 0.202787
v -0.901762 -0.008408 0.093193
v -0.901084 -0.027785 0.147850
v -0.894454 0.024165 0.005370
v -0.884565 -0.146925 0.321447
v -0.888531 0.008672 0.146367
v -0.886985 -0.099770 0.286839
v -0.886762 0.033790 0.082668
v -0.885025 -0.056896 0.256573
v -0.889333 -0.025464 0.203092
v -0.892516 -0.241421 0.327956
v -0.875454 0.054875 0.103696
v -0.874555 -0.117326 0.333722
v -0.871457 0.076928 -0.000969
v -0.870911 -0.049173 0.294544
v -0.865851 -0.065661 0.322722
v -0.869476 -0.004100 0.250376
v -0.872238 0.019498 0.206266
v -0.860706 0.070002 0.157116
v -0.858968 -0.121229 0.372746
v -0.867974 0.078761 0.069045
v -0.858468 0.101498 0.038062
v -0.859268 0.088582 0.105390
v -0.853762 -0.026713 0.321912
v -0.845255 0.068050 0.228338
v -0.844268 0.125002 0.070262
v -0.843968 0.017162 0.303322
v -0.842038 0.096146 0.184842
v -0.840227 0.113978 0.145633
v -0.837951 -0.035876 0.367350
v -0.830219 0.074487 0.267366
v -0.824760 0.102544 0.238113
v -0.813601 0.164384 0.134371
v -0.816779 0.071976 0.308355
v -0.811335 0.132087 0.225758
v -0.802762 0.114156 0.284483
v -0.773726 0.119557 0.346486
v -0.768099 0.165808 0.288825
v -0.779086 0.173488 0.243857
v -0.776676 0.134313 0.318980
v -0.758240 0.203730 0.243070
v -0.736212 0.214356 0.281625
v -0.860076 -0.248089 0.406082
v -0.871891 -0.389980 0.359118
v -0.866938 -0.367089 0.379829
v -0.847929 -0.382200 0.413800
v -0.867732 -0.418914 0.351903
v -0.843917 -0.420175 0.402666
v -0.855184 -0.433785 0.369411
v -0.848513 -0.468479 0.351300
v -0.837348 -0.266415 0.451859
v -0.833223 -0.305146 0.459438
v -0.840223 -0.329885 0.443522
v -0.822398 -0.359208 0.469570
v -0.832430 -0.446136 0.406991
v -0.833886 -0.474286 0.376720
v -0.828802 -0.393861 0.445886
v -0.831887 -0.212998 0.454561
v -0.808968 -0.410997 0.473295
v -0.808827 -0.290031 0.500892
v -0.817249 -0.465910 0.418959
v -0.805162 -0.385669 0.490648
v -0.809627 -0.487983 0.409881
v -0.799194 -0.458363 0.458305
v -0.826632 -0.523981 0.315256
v -0.793402 -0.516150 0.402052
v -0.802402 -0.435188 0.470211
v -0.805421 -0.543699 0.322054
v -0.783908 -0.397317 0.519425
v -0.793365 -0.342885 0.520148
v -0.781268 -0.484136 0.464636
v -0.769452 -0.380553 0.545895
v -0.782548 -0.507267 0.435054
v -0.780128 -0.447220 0.498310
v -0.770493 -0.331931 0.554407
v -0.763872 -0.467071 0.508104
v -0.752860 -0.556742 0.402261
v -0.771401 -0.285645 0.555984
v -0.776617 -0.556850 0.355518
v -0.760277 -0.525936 0.446065
v -0.766250 -0.574909 0.328642
v -0.750253 -0.441786 0.545707
v -0.745181 -0.587826 0.330565
v -0.763899 -0.266625 0.565748
v -0.752223 -0.417230 0.555894
v -0.739258 -0.517051 0.491699
v -0.752621 -0.574447 0.359421
v -0.748332 -0.295649 0.586107
v -0.742405 -0.400541 0.575507
v -0.719011 -0.502279 0.538185
v -0.745916 -0.361234 0.581822
v -0.736193 -0.537444 0.466040
v -0.724650 -0.477936 0.554171
v -0.726789 -0.592532 0.350268
v -0.739462 -0.601606 0.276421
v -0.726550 -0.556651 0.446978
v -0.743232 -0.228583 0.589541
v -0.707485 -0.580361 0.424306
v -0.712778 -0.418936 0.604858
v -0.725018 -0.349043 0.609422
v -0.720911 -0.463135 0.570578
v -0.702068 -0.527738 0.529375
v -0.700949 -0.289060 0.641444
v -0.716771 -0.319535 0.622480
v -0.700456 -0.608512 0.322881
v -0.698773 -0.547222 0.504528
v -0.699507 -0.392447 0.629231
v -0.689893 -0.337586 0.650255
v -0.697489 -0.489390 0.578225
v -0.679270 -0.594019 0.427542
v -0.675539 -0.604741 0.390482
v -0.680119 -0.423530 0.639385
v -0.748795 -0.603835 0.235399
v -0.670545 -0.584315 0.468488
v -0.689870 -0.504373 0.572752
v -0.675532 -0.391152 0.655301
v -0.671397 -0.560925 0.517546
v -0.676924 -0.291011 0.666919
v -0.658010 -0.612680 0.375859
v -0.658863 -0.537676 0.569104
v -0.654096 -0.513968 0.603346
v -0.659004 -0.551426 0.549001
v -0.678589 -0.619409 0.280282
v -0.616912 -0.623090 0.361118
v -0.621329 -0.578486 0.544199
v -0.664814 -0.626572 0.209655
v -0.624979 -0.603881 0.467826
v -0.624732 -0.593152 0.503681
v -0.622701 -0.546408 0.597334
v -0.620024 -0.559228 0.581028
v -0.567278 -0.619501 0.459872
v -0.583884 -0.596113 0.541918
v -0.585891 -0.576675 0.585900
v -0.564389 -0.628903 0.371043
v -0.598552 -0.609700 0.476538
v -0.562308 -0.606331 0.531076
v -0.537816 -0.625303 0.448091
v -0.470589 -0.620680 0.550654
v -0.950683 -0.239932 0.018584
v -0.950756 -0.294915 -0.047818
v -0.950598 -0.328570 -0.020491
v -0.948830 -0.317357 0.066840
v -0.949520 -0.344265 0.010072
v -0.949458 -0.272596 0.067821
v -0.948656 -0.227227 0.049580
v -0.948689 -0.212951 -0.026350
v -0.943592 -0.178877 0.056525
v -0.943287 -0.214176 0.101481
v -0.941703 -0.324087 0.129657
v -0.943425 -0.380018 0.052683
v -0.945480 -0.377271 -0.019518
v -0.943430 -0.344821 0.103102
v -0.943889 -0.282597 0.122563
v -0.939840 -0.374942 0.101487
v -0.935817 -0.360371 0.145477
v -0.937660 -0.299789 0.161981
v -0.927843 -0.418148 0.126849
v -0.931606 -0.426577 0.070743
v -0.926895 -0.284673 0.214678
v -0.932139 -0.433080 0.026333
v -0.918989 -0.343200 0.235419
v -0.920110 -0.401499 0.192516
v -0.922458 -0.451022 0.077983
v -0.919080 -0.380985 0.214679
v -0.922189 -0.457753 -0.040279
v -0.916423 -0.428908 0.175643
v -0.915919 -0.470211 0.050732
v -0.916646 -0.249300 0.252192
v -0.910789 -0.464637 0.130668
v -0.910389 -0.314965 0.274110
v -0.922178 -0.187404 0.211153
v -0.912009 -0.274916 0.271020
v -0.910579 -0.428931 0.202966
v -0.899049 -0.406187 0.271403
v -0.902960 -0.371833 0.280805
v -0.910482 -0.477239 0.079207
v -0.912843 -0.478345 -0.029288
v -0.906626 -0.488965 0.040979
v -0.900729 -0.455855 0.204063
v -0.896000 -0.425567 0.263486
v -0.896252 -0.483839 0.161807
v -0.895088 -0.300733 0.324130
v -0.887372 -0.266135 0.344717
v -0.889067 -0.506469 0.122178
v -0.896874 -0.506467 -0.002929
v -0.882293 -0.358433 0.347082
v -0.881906 -0.464546 0.261534
v -0.883019 -0.404269 0.323013
v -0.885340 -0.423432 0.301342
v -0.867513 -0.454185 0.321163
v -0.869033 -0.336362 0.383798
v -0.871374 -0.295636 0.383768
v -0.865742 -0.483343 0.284961
v -0.885065 -0.520922 0.053682
v -0.878182 -0.525712 0.095645
v -0.883179 -0.483106 0.223590
v -0.881268 -0.510364 0.155295
v -0.874876 -0.501787 0.212735
v -0.864441 -0.544586 0.068318
v -0.858062 -0.529680 0.197855
v -0.857422 -0.501384 0.276292
v -0.855913 -0.543476 0.149462
v -0.852452 -0.517178 0.255547
v -0.857715 -0.484939 0.306325
v -0.847451 -0.561256 0.074178
v -0.841228 -0.554115 0.173510
v -0.842027 -0.515943 0.291289
v -0.828680 -0.570766 0.139838
v -0.833817 -0.551464 0.215625
v -0.830033 -0.493075 0.361307
v -0.836487 -0.572699 0.035155
v -0.826745 -0.576584 0.098831
v -0.825315 -0.538632 0.282890
v -0.821401 -0.564228 0.210404
v -0.816616 -0.572876 0.187064
v -0.796500 -0.567410 0.277068
v -0.806447 -0.592573 0.042926
v -0.789716 -0.592142 0.176799
v -0.805328 -0.590217 0.106687
v -0.796921 -0.578494 0.231567
v -0.785873 -0.599926 0.114478
v -0.771142 -0.592849 0.240120
v -0.761656 -0.611847 0.048782
v -0.770732 -0.600161 0.189377
v -0.756137 -0.611696 0.107591
v -0.749753 -0.608244 0.192316
v -0.766436 -0.609672 -0.065071
v -0.717363 -0.617479 0.194987
v -0.704064 -0.623311 0.137976
v -0.684390 -0.614851 0.310457
v -0.689344 -0.626929 -0.062248
v -0.622014 -0.632019 -0.112790
v -0.542442 -0.633714 -0.118969
v -0.483995 -0.631099 0.428297
v -0.636282 -0.631109 0.150404
v 0.293842 0.550243 0.011548
v 0.318057 0.546930 -0.001893
v 0.288913 0.550794 -0.011427
v 0.259482 0.530052 -0.046637
v 0.280918 0.548712 -0.090119
v 0.261506 0.542559 -0.062864
v 0.292690 0.541680 -0.084768
v 0.268710 0.526336 -0.053696
v 0.274415 0.522093 -0.052876
v 0.281202 0.521073 -0.050419
v 0.337844 0.516341 -0.053404
v 0.289670 0.515938 -0.055280
v 0.295624 0.514109 -0.059805
v 0.304616 0.511724 -0.058617
v 0.287296 0.548921 -0.099735
v 0.310947 0.541517 -0.107374
v 0.310604 0.543320 -0.123039
v 0.312362 0.547530 -0.007690
v 0.320725 0.541403 -0.022357
v 0.304607 0.539859 -0.030523
v 0.300534 0.512464 -0.060780
v 0.322149 0.519224 -0.078512
v 0.283121 0.549832 -0.119015
v 0.322206 0.531536 -0.094738
v 0.322915 0.506185 -0.063051
v 0.318140 0.507036 -0.064480
v 0.323954 0.544928 0.009575
v 0.326573 0.504165 -0.067840
v 0.347412 0.530804 -0.148418
v 0.347851 0.511886 -0.089666
v 0.378000 0.517711 -0.043186
v 0.339505 0.499406 -0.072650
v 0.355460 0.508149 -0.224322
v 0.324318 0.515221 -0.206676
v 0.342262 0.498354 -0.068795
v 0.374799 0.530604 -0.013541
v 0.340408 0.498363 -0.071029
v 0.374672 0.512235 -0.207577
v 0.345220 0.496952 -0.074698
v 0.367109 0.508210 -0.222609
v 0.363690 0.534984 -0.003806
v 0.353287 0.528354 -0.156189
v 0.355137 0.491635 -0.076307
v 0.377026 0.472848 -0.280512
v 0.374048 0.517933 -0.184810
v 0.368827 0.485205 -0.077806
v 0.392976 0.517710 -0.036212
v 0.384671 0.495386 -0.245771
v 0.384747 0.484571 -0.264955
v 0.386603 0.505710 -0.056456
v 0.384430 0.515904 -0.170864
v 0.370826 0.483605 -0.079938
v 0.377528 0.480938 -0.085451
v 0.409981 0.484018 -0.073347
v 0.391346 0.502226 -0.226259
v 0.415775 0.518713 -0.003885
v 0.423218 0.496268 -0.197208
v 0.390171 0.473979 -0.088303
v 0.400164 0.502981 -0.214668
v 0.402299 0.470623 -0.284182
v 0.402197 0.500957 -0.057783
v 0.402090 0.519479 -0.025109
v 0.416367 0.504391 -0.047647
v 0.401881 0.468164 -0.092283
v 0.403848 0.480931 -0.267460
v 0.404106 0.467007 -0.088178
v 0.425574 0.488342 -0.234316
v 0.416916 0.480630 -0.262382
v 0.413955 0.463769 -0.088624
v 0.409142 0.463373 -0.091155
v 0.449613 0.465469 -0.080627
v 0.412769 0.461438 -0.094873
v 0.437206 0.508332 -0.021170
v 0.438255 0.510049 0.006680
v 0.448998 0.500731 -0.031039
v 0.441859 0.463445 -0.282293
v 0.435184 0.447243 -0.101641
v 0.428169 0.451523 -0.099024
v 0.419606 0.457150 -0.094084
v 0.449313 0.480828 -0.172715
v 0.468454 0.491686 -0.032973
v 0.265435 0.527331 -0.046887
v 0.358388 0.515772 -0.105902
v 0.329968 0.533154 -0.163148
v 0.333816 0.534522 -0.152236
v 0.344138 0.529827 -0.122963
v 0.384198 0.515815 -0.154359
v 0.380465 0.478544 -0.083896
v 0.396714 0.498680 -0.121285
v 0.395204 0.471061 -0.086698
v 0.405403 0.483388 -0.108341
v 0.383153 0.498338 -0.105132
v 0.437141 0.489272 -0.183614
v 0.454162 0.457963 -0.129722
v 0.433220 0.478020 -0.133043
v 0.453766 0.449847 -0.120508
v 0.438323 0.445831 -0.098317
v 0.439008 0.444442 -0.101613
v 0.449350 0.437629 -0.105719
v 0.423296 0.456463 -0.100205
v 0.402829 0.504186 -0.145962
v 0.481229 0.488641 0.028394
v 0.473491 0.494977 -0.001940
v 0.459629 0.430080 -0.106241
v 0.444938 0.486559 -0.059712
v 0.474252 0.484150 -0.044533
v 0.464404 0.427127 -0.109635
v 0.476407 0.442834 -0.092144
v 0.487573 0.447458 -0.274856
v 0.472317 0.421766 -0.109062
v 0.473344 0.420447 -0.111354
v 0.476757 0.418164 -0.113478
v 0.486487 0.443495 -0.150260
v 0.480195 0.416657 -0.110302
v 0.502625 0.476939 -0.024384
v 0.497948 0.451717 -0.232352
v 0.520527 0.410297 -0.104322
v 0.497595 0.474332 -0.040655
v 0.507268 0.476794 -0.009696
v 0.484700 0.412390 -0.114940
v 0.496440 0.404517 -0.115564
v 0.491779 0.407647 -0.117362
v 0.499406 0.425158 -0.141200
v 0.534547 0.403655 -0.154854
v 0.504581 0.398879 -0.118030
v 0.527715 0.463389 -0.017700
v 0.507849 0.396524 -0.121165
v 0.532930 0.435047 -0.071869
v 0.507939 0.398562 -0.124888
v 0.527180 0.426377 -0.186551
v 0.541638 0.449620 -0.036006
v 0.519768 0.388841 -0.124741
v 0.524670 0.387944 -0.129626
v 0.525880 0.385066 -0.123550
v 0.577776 0.428667 -0.019280
v 0.590846 0.373055 -0.103346
v 0.593974 0.404493 -0.055783
v 0.590419 0.422297 0.008195
v 0.623380 0.370265 -0.077645
v 0.665821 0.342549 -0.060872
v 0.678076 0.339192 -0.033088
v 0.452265 0.436134 -0.102451
v 0.455834 0.476074 -0.228404
v 0.462821 0.429293 -0.105113
v 0.490540 0.449785 -0.168493
v 0.480645 0.468044 -0.065001
v 0.568890 0.372378 -0.117879
v 0.521178 0.452988 -0.056324
v 0.563522 0.420340 -0.065980
v 0.520163 0.436016 -0.205151
v 0.537667 0.408701 -0.167229
v 0.554345 0.386353 -0.156475
v 0.539096 0.394561 -0.148835
v 0.539602 0.375395 -0.128878
v 0.547901 0.369971 -0.133033
v 0.562902 0.393047 -0.181703
v 0.550649 0.369072 -0.128503
v 0.550314 0.408659 -0.193523
v 0.586471 0.379379 -0.204079
v 0.560236 0.361372 -0.132793
v 0.566622 0.357597 -0.138463
v 0.586638 0.366856 -0.172429
v 0.570920 0.353889 -0.135651
v 0.600239 0.336501 -0.149714
v 0.573711 0.392973 -0.248960
v 0.592946 0.338683 -0.140508
v 0.613329 0.358437 -0.232436
v 0.622093 0.358173 -0.096629
v 0.636597 0.332382 -0.267458
v 0.607568 0.328250 -0.144550
v 0.628288 0.344076 -0.226599
v 0.653883 0.305596 -0.134347
v 0.614859 0.324053 -0.142232
v 0.640202 0.306497 -0.148230
v 0.649893 0.322271 -0.249933
v 0.698829 0.270070 -0.189576
v 0.666810 0.306340 -0.121369
v 0.677423 0.286610 -0.278406
v 0.720288 0.263185 -0.123802
v 0.643048 0.376393 -0.009695
v 0.660442 0.293143 -0.152187
v 0.669934 0.330991 -0.078675
v 0.606060 0.403401 -0.033053
v 0.687316 0.334431 -0.001796
v 0.677792 0.331088 -0.061571
v 0.685107 0.283043 -0.136529
v 0.735403 0.230105 -0.240005
v 0.704484 0.306067 -0.058223
v 0.698150 0.268163 -0.158032
v 0.711663 0.305381 -0.028948
v 0.727050 0.247470 -0.156110
v 0.721827 0.254804 -0.140458
v 0.750460 0.219258 -0.188762
v 0.721221 0.275905 -0.094600
v 0.742601 0.267104 -0.041907
v 0.733668 0.272316 -0.065581
v 0.784231 0.214935 -0.013463
v 0.635239 0.310916 -0.155637
v 0.664801 0.291568 -0.164238
v 0.392663 0.451917 -0.306439
v 0.417937 0.448984 -0.311445
v 0.403609 0.361769 -0.391315
v 0.394311 0.369762 -0.382073
v 0.417955 0.350706 -0.403625
v 0.379852 0.437894 -0.316262
v 0.422763 0.402863 -0.359859
v 0.435351 0.450920 -0.306067
v 0.420840 0.336671 -0.437419
v 0.405124 0.354024 -0.409380
v 0.427367 0.338528 -0.419545
v 0.443386 0.403616 -0.361610
v 0.466850 0.336177 -0.426987
v 0.437518 0.331124 -0.427547
v 0.456221 0.299824 -0.490146
v 0.440360 0.318906 -0.456441
v 0.441349 0.428230 -0.334577
v 0.469244 0.432252 -0.321274
v 0.453561 0.316643 -0.445761
v 0.451026 0.321297 -0.439145
v 0.452670 0.306500 -0.472480
v 0.469166 0.382655 -0.382115
v 0.467701 0.447628 -0.295450
v 0.415473 0.343240 -0.492040
v 0.479788 0.271736 -0.527204
v 0.470601 0.304705 -0.459006
v 0.484994 0.400479 -0.358332
v 0.481578 0.279856 -0.501087
v 0.496591 0.249470 -0.548597
v 0.503513 0.414456 -0.327601
v 0.504775 0.422385 -0.312150
v 0.509016 0.277633 -0.486671
v 0.471929 0.469188 -0.196325
v 0.497928 0.355858 -0.405689
v 0.496426 0.261933 -0.521823
v 0.526885 0.426124 -0.267429
v 0.497237 0.404550 -0.347229
v 0.508128 0.435760 -0.275651
v 0.506045 0.267699 -0.504063
v 0.518560 0.382352 -0.364783
v 0.527409 0.415179 -0.299223
v 0.534286 0.394688 -0.332198
v 0.516353 0.361010 -0.393231
v 0.529550 0.248664 -0.514526
v 0.543607 0.238702 -0.518074
v 0.551212 0.410496 -0.256296
v 0.543158 0.326714 -0.420038
v 0.551224 0.412478 -0.219442
v 0.553230 0.400920 -0.288223
v 0.550292 0.352723 -0.381278
v 0.555643 0.377022 -0.337976
v 0.562730 0.318577 -0.416262
v 0.596579 0.330396 -0.361261
v 0.567905 0.375905 -0.321851
v 0.575783 0.376527 -0.305471
v 0.588337 0.316760 -0.393055
v 0.586964 0.375191 -0.280929
v 0.599921 0.292267 -0.412956
v 0.618312 0.339972 -0.300840
v 0.620056 0.297796 -0.378245
v 0.598988 0.351377 -0.317209
v 0.639743 0.306164 -0.329677
v 0.638054 0.317759 -0.308152
v 0.682179 0.270185 -0.305752
v 0.070473 0.626569 -0.032933
v 0.080122 0.625350 -0.038795
v 0.073872 0.631204 0.010496
v 0.087867 0.631282 -0.023030
v 0.074320 0.572215 -0.136644
v 0.091780 0.578444 -0.123121
v 0.068608 0.567455 -0.196254
v 0.082063 0.632642 -0.013614
v 0.068305 0.570846 -0.125079
v 0.093642 0.620024 -0.046195
v 0.078210 0.569056 -0.203041
v 0.097576 0.632150 0.001927
v 0.090989 0.595928 -0.080460
v 0.093611 0.625728 -0.036901
v 0.101451 0.630999 -0.015615
v 0.109847 0.627158 -0.025878
v 0.106981 0.572169 -0.130796
v 0.103135 0.563867 -0.200094
v 0.119054 0.562391 -0.126763
v 0.106952 0.589722 -0.085030
v 0.110621 0.621371 -0.037572
v 0.116992 0.628564 -0.001944
v 0.115051 0.626366 0.021296
v 0.122679 0.624897 -0.019311
v 0.124931 0.546789 -0.148295
v 0.132341 0.622977 0.003860
v 0.133725 0.586209 -0.076229
v 0.128854 0.542415 -0.154050
v 0.125650 0.549245 -0.139406
v 0.130641 0.549014 -0.140818
v 0.126705 0.545982 -0.146306
v 0.127319 0.551064 -0.135247
v 0.129184 0.535343 -0.173674
v 0.140246 0.618856 -0.001933
v 0.132497 0.618099 -0.025113
v 0.129896 0.539393 -0.160792
v 0.124599 0.559423 -0.122664
v 0.142564 0.575714 -0.095453
v 0.132818 0.537071 -0.169651
v 0.142839 0.614533 -0.017409
v 0.155855 0.590543 -0.048443
v 0.150037 0.578341 -0.085381
v 0.162406 0.595925 -0.026536
v 0.152394 0.571427 -0.111173
v 0.183772 0.584656 -0.007459
v 0.150561 0.563281 -0.140503
v 0.194535 0.573024 -0.033101
v 0.166480 0.564740 -0.151507
v 0.161971 0.573601 -0.095594
v 0.171883 0.580521 -0.053863
v 0.169682 0.572003 -0.091713
v 0.202472 0.568608 0.019377
v 0.194087 0.566678 -0.074889
v 0.197007 0.569927 -0.054632
v 0.198854 0.569479 -0.042954
v 0.204736 0.571838 -0.007745
v 0.212782 0.562922 -0.050901
v 0.230786 0.560693 -0.011994
v 0.209677 0.564876 -0.024348
v 0.203097 0.552651 -0.095604
v 0.218772 0.556638 -0.033058
v 0.236507 0.545031 -0.037306
v 0.254976 0.549031 -0.025692
v 0.095511 0.571149 -0.164968
v 0.106732 0.584523 -0.095960
v 0.134361 0.598395 -0.054252
v 0.120797 0.570267 -0.109116
v 0.146590 0.571275 -0.109157
v 0.142507 0.562543 -0.130620
v 0.177436 0.570340 -0.082022
v -0.121142 0.595564 -0.027380
v -0.106535 0.593562 -0.038927
v -0.062574 0.590013 -0.031667
v -0.113675 0.584217 -0.078639
v -0.053684 0.591648 -0.009829
v -0.037622 0.582246 -0.046978
v -0.029218 0.588471 -0.066379
v -0.081988 0.586546 -0.080224
v -0.044922 0.581596 -0.044671
v -0.031195 0.591108 -0.025161
v -0.025971 0.594177 -0.013618
v -0.017621 0.581660 -0.087479
v -0.025574 0.591935 0.004174
v -0.024752 0.586078 -0.040959
v -0.019468 0.565034 -0.106376
v -0.036850 0.581627 0.019416
v -0.007600 0.596820 -0.023292
v -0.019200 0.590067 -0.056667
v -0.014169 0.566679 -0.106106
v -0.003661 0.594576 -0.042942
v 0.000213 0.582859 -0.087616
v 0.002968 0.601415 -0.007791
v -0.008180 0.572835 -0.121437
v 0.009512 0.582164 -0.097468
v -0.009120 0.572496 -0.174481
v 0.016853 0.604839 -0.021399
v 0.016112 0.582210 -0.104884
v -0.002260 0.568956 -0.181339
v 0.029549 0.572713 -0.131771
v 0.018035 0.599852 -0.050471
v 0.061900 0.627188 0.016165
v 0.056598 0.583720 -0.101214
v 0.006869 0.540811 -0.214656
v 0.038386 0.609702 -0.040791
v 0.053051 0.624634 0.001940
v 0.064709 0.628415 -0.019433
v -0.002241 0.565328 -0.191149
v 0.061971 0.563048 -0.146769
v 0.034750 0.535411 -0.170299
v 0.031158 0.531476 -0.183606
v 0.015560 0.575712 -0.132649
v 0.039486 0.568686 -0.129321
v 0.036894 0.540952 -0.159822
v 0.041432 0.547266 -0.148774
v 0.040344 0.543250 -0.154727
v 0.062578 0.603350 -0.070028
v 0.044553 0.547055 -0.148738
v 0.047602 0.553068 -0.139115
v 0.042622 0.543331 -0.156881
v 0.053208 0.556417 -0.136418
v 0.049469 0.566838 -0.123508
v 0.068566 0.630771 -0.001960
v 0.076297 0.582411 -0.105231
v 0.070031 0.629317 -0.023729
v -0.003736 0.592054 -0.065223
v 0.040962 0.601980 -0.064547
v -0.153319 0.594973 -0.017742
v -0.177073 0.597031 -0.044091
v -0.190369 0.585347 -0.130843
v -0.161782 0.587187 -0.120298
v -0.201663 0.572196 -0.182683
v -0.142688 0.583007 -0.134519
v -0.136798 0.593788 -0.052730
v -0.193998 0.592080 -0.071141
v -0.146423 0.527991 -0.206976
v -0.162280 0.524205 -0.218689
v -0.122094 0.547466 -0.215100
v -0.189453 0.584186 -0.144100
v -0.133301 0.586123 -0.120002
v -0.127924 0.558622 -0.263652
v -0.087158 0.570712 -0.128468
v -0.157239 0.546919 -0.340891
v -0.145592 0.586972 -0.075974
v -0.120627 0.533497 -0.180132
v -0.058568 0.588980 0.001690
v -0.123994 0.544446 -0.370852
v -0.060042 0.580308 -0.051481
v -0.117106 0.560341 -0.314315
v -0.111187 0.564360 -0.271508
v -0.078453 0.562965 -0.199758
v -0.105414 0.564409 -0.292885
v -0.105274 0.563244 -0.246196
v -0.101308 0.537219 -0.169932
v -0.097719 0.549388 -0.354979
v -0.098149 0.561764 -0.311009
v -0.110758 0.535506 -0.172290
v -0.084067 0.558278 -0.322071
v -0.091903 0.539382 -0.158730
v -0.056510 0.569269 -0.201198
v -0.078428 0.558587 -0.136708
v -0.076884 0.544002 -0.145346
v -0.093509 0.539231 -0.377265
v -0.083398 0.566649 -0.272679
v -0.072653 0.551299 -0.335531
v -0.049703 0.580356 -0.049817
v -0.072590 0.543193 -0.145088
v -0.068533 0.560271 -0.302574
v -0.054663 0.569295 -0.218711
v -0.035437 0.571717 -0.104947
v -0.056955 0.549246 -0.322052
v -0.064681 0.545151 -0.140665
v -0.059184 0.547521 -0.133523
v -0.033398 0.565593 -0.226395
v -0.051171 0.553066 -0.303450
v -0.033021 0.571636 -0.160246
v -0.042427 0.546133 -0.305380
v -0.042931 0.552906 -0.123309
v -0.031168 0.573093 -0.175777
v -0.025413 0.585165 -0.081746
v -0.017621 0.573600 -0.173773
v -0.033265 0.556705 -0.119212
v -0.019112 0.548731 -0.252697
v -0.018889 0.531005 -0.285489
v -0.009805 0.574466 -0.146472
v 0.004118 0.556852 -0.198358
v -0.014115 0.499471 -0.306361
v -0.006061 0.507282 -0.280986
v -0.001447 0.510199 -0.266316
v 0.005991 0.577218 -0.121029
v 0.002826 0.512021 -0.258200
v 0.006510 0.515991 -0.242820
v 0.011694 0.519077 -0.230349
v 0.009723 0.519587 -0.230264
v 0.012364 0.519804 -0.225151
v 0.015998 0.521090 -0.222630
v 0.014690 0.522262 -0.215985
v 0.017110 0.521707 -0.216754
v 0.038729 0.560303 -0.140408
v 0.023853 0.527603 -0.191798
v 0.022789 0.525592 -0.199502
v 0.035629 0.544454 -0.228550
v 0.033676 0.544209 -0.271493
v 0.031654 0.535630 -0.170491
v 0.025813 0.529632 -0.185899
v 0.030366 0.531620 -0.178424
v -0.054494 0.548424 -0.132758
v -0.069445 0.583299 -0.099337
v 0.062608 0.556494 -0.289952
v 0.120942 0.546665 -0.189402
v 0.130669 0.532031 -0.185300
v 0.129954 0.528977 -0.204910
v 0.132701 0.528521 -0.199066
v 0.133494 0.513989 -0.254465
v 0.134000 0.511987 -0.260332
v 0.135073 0.523952 -0.216543
v 0.136043 0.527849 -0.204204
v 0.132156 0.533487 -0.178337
v 0.135035 0.516162 -0.247842
v 0.137069 0.522393 -0.226300
v 0.150474 0.521410 -0.278147
v 0.158859 0.541826 -0.224438
v 0.165685 0.533777 -0.271499
v 0.166169 0.555435 -0.193237
v 0.177863 0.555886 -0.203924
v 0.183562 0.560623 -0.182771
v 0.197352 0.540583 -0.286946
v 0.195331 0.556657 -0.119210
v 0.208920 0.548361 -0.246965
v 0.200040 0.549516 -0.103412
v 0.187162 0.562132 -0.123029
v 0.201380 0.556726 -0.162148
v 0.204576 0.544425 -0.109345
v 0.210879 0.539011 -0.115047
v 0.206992 0.544898 -0.105437
v 0.212834 0.538486 -0.114905
v 0.217206 0.533469 -0.124960
v 0.230240 0.543802 -0.203193
v 0.215222 0.535332 -0.120950
v 0.224356 0.540759 -0.162286
v 0.234538 0.539500 -0.276067
v 0.218764 0.558787 -0.088387
v 0.220453 0.531892 -0.126721
v 0.224289 0.528605 -0.134742
v 0.236546 0.542764 -0.122568
v 0.212489 0.564478 -0.064411
v 0.265481 0.553962 -0.095745
v 0.226495 0.527277 -0.138693
v 0.226449 0.528074 -0.134625
v 0.222856 0.529460 -0.134885
v 0.234272 0.523327 -0.146324
v 0.224223 0.560473 -0.062686
v 0.238455 0.522051 -0.149375
v 0.225223 0.555077 -0.048121
v 0.235798 0.544760 -0.041061
v 0.261133 0.528990 -0.049169
v 0.244116 0.518282 -0.160165
v 0.249752 0.536087 -0.042775
v 0.252734 0.516132 -0.166828
v 0.248735 0.515907 -0.166738
v 0.254539 0.524155 -0.206550
v 0.263672 0.551821 -0.115027
v 0.273475 0.546689 -0.130580
v 0.255286 0.512573 -0.179708
v 0.289188 0.531605 -0.165660
v 0.265382 0.507091 -0.191282
v 0.271465 0.504421 -0.196605
v 0.272763 0.502458 -0.203021
v 0.279175 0.498679 -0.210816
v 0.307953 0.512058 -0.205607
v 0.320274 0.533486 -0.165787
v 0.113136 0.556478 -0.194265
v 0.116181 0.542247 -0.253814
v 0.133048 0.523552 -0.218596
v 0.137306 0.515441 -0.253764
v 0.132592 0.527106 -0.204930
v 0.148872 0.538564 -0.210890
v 0.186634 0.563245 -0.091696
v 0.175603 0.565718 -0.131772
v 0.237938 0.521018 -0.154329
v 0.254881 0.528255 -0.222758
v 0.113680 0.529889 -0.321264
v 0.131905 0.506943 -0.277129
v 0.131215 0.498639 -0.295658
v 0.132656 0.491173 -0.310390
v 0.130934 0.482596 -0.333858
v 0.130888 0.486416 -0.324077
v 0.134311 0.486623 -0.320651
v 0.131840 0.488993 -0.315542
v 0.133657 0.504207 -0.279905
v 0.134357 0.492434 -0.306910
v 0.132494 0.483237 -0.329835
v 0.136567 0.504121 -0.283380
v 0.133327 0.500219 -0.289119
v 0.134243 0.498308 -0.293310
v 0.148990 0.505325 -0.318044
v 0.134726 0.482394 -0.331764
v 0.156659 0.520414 -0.296523
v 0.166397 0.499832 -0.357159
v 0.169252 0.525796 -0.304536
v 0.179781 0.523931 -0.323170
v 0.185739 0.540317 -0.278149
v 0.183899 0.531516 -0.307324
v 0.181274 0.514178 -0.346045
v 0.190064 0.523574 -0.333248
v 0.201368 0.529191 -0.325761
v 0.197552 0.498360 -0.391237
v 0.197408 0.469169 -0.443218
v 0.212975 0.507736 -0.379625
v 0.212568 0.535273 -0.309695
v 0.222879 0.537317 -0.298775
v 0.218584 0.523644 -0.342714
v 0.211662 0.459389 -0.468940
v 0.228509 0.498870 -0.400761
v 0.240152 0.504542 -0.386243
v 0.238779 0.525891 -0.329390
v 0.245949 0.529882 -0.308451
v 0.216552 0.550513 -0.208951
v 0.247878 0.535859 -0.263613
v 0.247885 0.481177 -0.433361
v 0.259545 0.512743 -0.353289
v 0.256920 0.529889 -0.281190
v 0.254615 0.529884 -0.230558
v 0.261061 0.527576 -0.257844
v 0.273148 0.512455 -0.333735
v 0.270124 0.513480 -0.230916
v 0.286784 0.505195 -0.291097
v 0.271700 0.517806 -0.256910
v 0.269961 0.504333 -0.206203
v 0.279070 0.497823 -0.220775
v 0.274078 0.516050 -0.309885
v 0.274842 0.516889 -0.283203
v 0.278958 0.503211 -0.357240
v 0.297810 0.481055 -0.394332
v 0.289703 0.497543 -0.268665
v 0.285201 0.494909 -0.218626
v 0.284863 0.493145 -0.226417
v 0.291925 0.486973 -0.238220
v 0.293394 0.488552 -0.231012
v 0.299160 0.492517 -0.335895
v 0.301152 0.477022 -0.258490
v 0.303178 0.484150 -0.297954
v 0.303329 0.478799 -0.248561
v 0.336744 0.494834 -0.242028
v 0.308380 0.468519 -0.267448
v 0.314561 0.469324 -0.262388
v 0.317600 0.456370 -0.285094
v 0.314291 0.464457 -0.269175
v 0.345925 0.430793 -0.387268
v 0.318612 0.457164 -0.279529
v 0.320659 0.453392 -0.285553
v 0.326780 0.449522 -0.287570
v 0.337924 0.435475 -0.304205
v 0.329761 0.442416 -0.298587
v 0.336025 0.443373 -0.294916
v 0.333118 0.436633 -0.308486
v 0.355546 0.495897 -0.245840
v 0.344215 0.424099 -0.318792
v 0.351511 0.420264 -0.320726
v 0.357561 0.476675 -0.271619
v 0.347268 0.419875 -0.324119
v 0.361426 0.411178 -0.331063
v 0.356979 0.408856 -0.335457
v 0.359441 0.402401 -0.349485
v 0.362853 0.402125 -0.343338
v 0.396644 0.375206 -0.375175
v 0.281283 0.498718 -0.210391
v -0.138682 0.510126 -0.446936
v -0.128911 0.526242 -0.415694
v -0.111686 0.512025 -0.436053
v -0.133180 0.469742 -0.503470
v -0.115410 0.529974 -0.406048
v -0.087605 0.490564 -0.439789
v -0.088025 0.528009 -0.393378
v -0.080304 0.517320 -0.400309
v -0.071875 0.475728 -0.431743
v -0.067801 0.441660 -0.463300
v -0.066478 0.509122 -0.391465
v -0.060653 0.539712 -0.345683
v -0.070239 0.436265 -0.476411
v -0.056953 0.454923 -0.427294
v -0.050555 0.535404 -0.338148
v -0.050481 0.461141 -0.410373
v -0.044369 0.518441 -0.348517
v -0.033383 0.470963 -0.434972
v -0.061307 0.447585 -0.448029
v -0.038517 0.470573 -0.386615
v -0.039710 0.470934 -0.383241
v -0.037505 0.476573 -0.370928
v -0.018153 0.492433 -0.324600
v -0.017211 0.517367 -0.297598
v -0.016625 0.496869 -0.313408
v -0.012434 0.498306 -0.307106
v -0.008295 0.504393 -0.372326
v -0.008223 0.502070 -0.296745
v -0.007491 0.499841 -0.405633
v -0.001503 0.496429 -0.434971
v -0.007405 0.504121 -0.289190
v -0.007692 0.501816 -0.302755
v 0.023732 0.506139 -0.442062
v -0.011160 0.463187 -0.509292
v 0.012401 0.525431 -0.339805
v 0.020129 0.513844 -0.416503
v 0.030079 0.525467 -0.391882
v 0.022089 0.531474 -0.349509
v -0.003626 0.505609 -0.287070
v 0.039196 0.510676 -0.441129
v 0.037177 0.488554 -0.487874
v 0.044958 0.539347 -0.359348
v 0.042401 0.523679 -0.408814
v 0.043728 0.550879 -0.279265
v 0.049169 0.551200 -0.305576
v 0.056527 0.549148 -0.329097
v 0.054708 0.513527 -0.438517
v 0.062542 0.544455 -0.350383
v 0.060554 0.525331 -0.409595
v 0.076209 0.521847 -0.414859
v 0.072224 0.550418 -0.326977
v 0.066324 0.508105 -0.448852
v 0.072245 0.556250 -0.295792
v 0.074135 0.542297 -0.356233
v 0.083907 0.525495 -0.400254
v 0.083501 0.510438 -0.435916
v 0.083740 0.493466 -0.468409
v 0.085607 0.541489 -0.351228
v 0.089584 0.543549 -0.339579
v 0.089620 0.551706 -0.304563
v 0.091452 0.535074 -0.365031
v 0.099157 0.511140 -0.415725
v 0.093403 0.521422 -0.400217
v 0.098735 0.530056 -0.367796
v 0.101012 0.540781 -0.327932
v 0.103112 0.550081 -0.277225
v 0.109447 0.471626 -0.473186
v 0.107163 0.513109 -0.392441
v 0.106876 0.536537 -0.325863
v 0.113842 0.520376 -0.350160
v 0.116952 0.470208 -0.452823
v 0.118786 0.515303 -0.339728
v 0.123852 0.482172 -0.392477
v 0.130850 0.476644 -0.349463
v 0.131358 0.479193 -0.340850
v 0.133410 0.448310 -0.402175
v 0.133246 0.465314 -0.367901
v 0.133511 0.480759 -0.334478
v 0.133266 0.476778 -0.343863
v 0.132679 0.470177 -0.359186
v 0.133400 0.457739 -0.383835
v 0.135497 0.451469 -0.393022
v 0.136348 0.461261 -0.375493
v 0.134999 0.441602 -0.410259
v 0.135007 0.445364 -0.404020
v 0.138465 0.445543 -0.404509
v 0.133467 0.471012 -0.355847
v 0.134218 0.474832 -0.347884
v 0.135119 0.437843 -0.416428
v 0.152917 0.468165 -0.394074
v 0.151991 0.496423 -0.342238
v 0.161139 0.463686 -0.413743
v 0.177531 0.488852 -0.390348
v -0.063401 0.449979 -0.442485
v -0.054210 0.459374 -0.416545
v -0.046337 0.462731 -0.407903
v 0.006022 0.515508 -0.380735
v 0.035460 0.540492 -0.338744
v 0.031798 0.541611 -0.312947
v 0.068228 0.472977 -0.511281
v 0.080223 0.461004 -0.524411
v 0.093457 0.476470 -0.489955
v 0.096620 0.498715 -0.445606
v 0.106278 0.457947 -0.502307
v 0.110250 0.499279 -0.415830
v 0.114901 0.438941 -0.513299
v 0.120754 0.409606 -0.546528
v 0.128872 0.407054 -0.521518
v 0.134742 0.431276 -0.429580
v 0.136456 0.370543 -0.583800
v 0.144164 0.382294 -0.521319
v 0.135512 0.434151 -0.422614
v 0.136861 0.404537 -0.484215
v 0.138293 0.431853 -0.426034
v 0.136480 0.429915 -0.429766
v 0.140469 0.429875 -0.431813
v 0.140340 0.401892 -0.482117
v 0.137373 0.426070 -0.435982
v 0.138621 0.416932 -0.452925
v 0.137150 0.422103 -0.443669
v 0.140914 0.417448 -0.452826
v 0.143177 0.394790 -0.494612
v 0.142854 0.408307 -0.470762
v 0.144212 0.387443 -0.509444
v 0.147104 0.373415 -0.537819
v 0.159359 0.440193 -0.447459
v 0.146642 0.387464 -0.509072
v 0.154604 0.368915 -0.546437
v 0.159148 0.352003 -0.576872
v 0.161877 0.391037 -0.520340
v 0.188894 0.428155 -0.497619
v 0.215412 0.383346 -0.576424
v 0.195437 0.312844 -0.651804
v 0.220862 0.411702 -0.543231
v 0.220821 0.451913 -0.484841
v 0.231354 0.404714 -0.555235
v 0.232412 0.472971 -0.450783
v 0.228644 0.425553 -0.526758
v 0.234370 0.449800 -0.490217
v 0.242173 0.393282 -0.570230
v 0.253795 0.425997 -0.524749
v 0.250780 0.451370 -0.485613
v 0.251817 0.379948 -0.585607
v 0.292728 0.445910 -0.475661
v 0.278203 0.466781 -0.446276
v 0.265235 0.494731 -0.396277
v 0.289563 0.425902 -0.510439
v 0.282508 0.486571 -0.400630
v 0.313988 0.439113 -0.470261
v 0.305674 0.480597 -0.374233
v 0.340686 0.418572 -0.478794
v 0.343662 0.421777 -0.335962
v 0.321448 0.462560 -0.386624
v 0.055941 0.492777 -0.480489
v 0.136823 0.416043 -0.456834
v 0.139262 0.406642 -0.473249
v 0.140203 0.397510 -0.491793
v 0.138300 0.435765 -0.420190
v 0.139430 0.410527 -0.465475
v 0.188548 0.453736 -0.459877
v 0.187700 0.346507 -0.605614
v 0.206472 0.408551 -0.539530
v 0.213110 0.437786 -0.503366
v 0.227380 0.311522 -0.660105
v 0.228614 0.360321 -0.607876
v 0.242177 0.348839 -0.621821
v 0.249943 0.323299 -0.648017
v 0.261762 0.312760 -0.656808
v 0.266697 0.345905 -0.621314
v 0.264565 0.399380 -0.558144
v 0.295737 0.387153 -0.561116
v 0.294711 0.285927 -0.672585
v 0.270237 0.244003 -0.718331
v 0.302214 0.318969 -0.637287
v 0.326488 0.350253 -0.590602
v 0.316790 0.287865 -0.661342
v 0.307736 0.424001 -0.502188
v 0.348296 0.305579 -0.628099
v 0.337876 0.256742 -0.679240
v 0.370915 0.216620 -0.695824
v 0.328831 0.381295 -0.550370
v 0.343421 0.391372 -0.524555
v 0.348446 0.348908 -0.579174
v 0.368578 0.308732 -0.612484
v 0.357740 0.392814 -0.506175
v 0.371804 0.396258 -0.466337
v 0.340848 0.431594 -0.444348
v 0.375992 0.264439 -0.651944
v 0.380160 0.340018 -0.565097
v 0.365927 0.407031 -0.424826
v 0.397006 0.359772 -0.503963
v 0.370376 0.395039 -0.350496
v 0.357289 0.404143 -0.355489
v 0.383002 0.358010 -0.534485
v 0.374990 0.392413 -0.353288
v 0.369232 0.390698 -0.367123
v 0.370807 0.392628 -0.355412
v 0.375744 0.387161 -0.362303
v 0.381141 0.377221 -0.384729
v 0.400499 0.309262 -0.586752
v 0.383097 0.379073 -0.372820
v 0.400292 0.282579 -0.617561
v 0.385536 0.379266 -0.369747
v 0.403813 0.319328 -0.569834
v 0.409536 0.228128 -0.662619
v 0.412298 0.331187 -0.538393
v 0.426167 0.307163 -0.559736
v 0.450912 0.261808 -0.593546
v 0.407985 0.355576 -0.400335
v 0.429690 0.294137 -0.575022
v 0.500335 0.221952 -0.589336
v -0.089496 0.416259 -0.517855
v -0.086006 0.415427 -0.517218
v -0.085294 0.418310 -0.512196
v -0.078129 0.426311 -0.497060
v -0.102997 0.371372 -0.593190
v -0.034869 0.459459 -0.478336
v -0.081850 0.416088 -0.517447
v -0.101107 0.344777 -0.644616
v -0.021215 0.422222 -0.578704
v -0.068297 0.273720 -0.743412
v -0.006318 0.327320 -0.698739
v -0.005852 0.287642 -0.734814
v -0.013382 0.409801 -0.600975
v -0.006535 0.392935 -0.625480
v -0.012519 0.347347 -0.678035
v 0.004970 0.420316 -0.591376
v 0.018532 0.248212 -0.765746
v 0.013904 0.456781 -0.538522
v 0.015823 0.482766 -0.490907
v 0.018557 0.392769 -0.628157
v 0.015630 0.355947 -0.670420
v 0.013660 0.209471 -0.793843
v 0.026342 0.315399 -0.709885
v 0.053832 0.293493 -0.727007
v 0.025429 0.454872 -0.543906
v 0.024593 0.474892 -0.510383
v 0.047998 0.453765 -0.545079
v 0.041023 0.472694 -0.516370
v 0.040004 0.375100 -0.647853
v 0.051230 0.328516 -0.695681
v 0.064396 0.078111 -0.867647
v 0.057770 0.424267 -0.584573
v 0.063407 0.270955 -0.744480
v 0.087366 0.295619 -0.719541
v 0.061625 0.447675 -0.551396
v 0.076002 0.424428 -0.578955
v 0.072203 0.211580 -0.788177
v 0.087335 0.157204 -0.822658
v 0.071484 0.354512 -0.665471
v 0.087944 0.131782 -0.837679
v 0.078095 0.389382 -0.623257
v 0.137122 0.231320 -0.763936
v 0.102371 0.344239 -0.664638
v 0.087411 0.336751 -0.679309
v 0.093745 0.402186 -0.598579
v 0.092747 0.309101 -0.705568
v 0.091604 0.437510 -0.550494
v 0.098040 0.459298 -0.512140
v 0.106301 0.399142 -0.590784
v 0.127347 0.323074 -0.673732
v 0.130369 0.292987 -0.707676
v 0.126456 0.338770 -0.653801
v 0.150594 0.168986 -0.806541
v 0.123463 0.374919 -0.603579
v 0.176451 0.143395 -0.817353
v 0.151294 0.330584 -0.638387
v 0.211741 0.241899 -0.733503
v 0.155991 0.346571 -0.587624
v 0.186546 0.184203 -0.789507
v 0.168863 0.305153 -0.666808
v 0.189572 0.261913 -0.717996
v 0.152742 0.355686 -0.570649
v 0.163947 0.331099 -0.616885
v 0.185774 0.217092 -0.763920
v 0.178122 0.334250 -0.616434
v 0.173221 0.324518 -0.629417
v 0.183514 0.299069 -0.670296
v 0.203068 0.274664 -0.699517
v 0.211383 0.219357 -0.754433
v 0.236302 0.175744 -0.781779
v 0.218557 0.194854 -0.772850
v 0.275862 0.209780 -0.744134
v 0.277556 0.178119 -0.766319
v 0.291496 0.243520 -0.711288
v -0.012614 0.366774 -0.656514
v 0.056559 0.387258 -0.631491
v 0.103205 0.431292 -0.546745
v 0.683934 0.288409 -0.212937
v 0.719658 0.250405 -0.230390
v 0.746013 0.235034 -0.136662
v 0.781812 0.189173 -0.163948
v 0.755855 0.217671 -0.166442
v 0.725927 0.244438 -0.177718
v 0.765958 0.190888 -0.241047
v 0.782041 0.179265 -0.205971
v 0.767838 0.227878 -0.082913
v 0.776366 0.152490 -0.289156
v 0.785080 0.209138 -0.063408
v 0.804707 0.172668 -0.112720
v 0.801125 0.152863 -0.205758
v 0.795405 0.137026 -0.262167
v 0.804966 0.140102 -0.224442
v 0.819017 0.067036 -0.304484
v 0.830468 0.147140 -0.023417
v 0.816893 0.113357 -0.235599
v 0.802668 0.189381 0.019514
v 0.822545 0.153247 -0.078766
v 0.836351 0.110360 -0.157499
v 0.836998 0.096158 -0.193213
v 0.848027 0.053495 -0.233337
v 0.840902 0.120733 -0.089769
v 0.843816 0.124939 0.009269
v 0.828698 0.045098 -0.306856
v 0.830919 -0.017282 -0.365812
v 0.855381 0.003277 -0.280036
v 0.861158 0.058101 -0.165736
v 0.865550 -0.056843 -0.312286
v 0.861618 0.074821 -0.113943
v 0.863354 0.086591 -0.035124
v 0.866739 0.074270 -0.073158
v 0.851770 0.110169 0.017432
v 0.871150 0.029132 -0.179975
v 0.879223 -0.041046 -0.253872
v 0.877634 0.057272 0.022454
v 0.881265 0.002579 -0.182388
v 0.886888 0.020905 -0.101478
v 0.884469 0.033902 -0.075137
v 0.882625 -0.118110 -0.308599
v 0.893324 -0.177825 -0.306409
v 0.898863 -0.005792 -0.082574
v 0.902222 -0.111425 -0.239016
v 0.895874 -0.041226 -0.185401
v 0.905355 -0.132443 -0.242790
v 0.908914 -0.068743 -0.158138
v 0.903399 -0.085139 -0.208825
v 0.916401 -0.048830 -0.029029
v 0.899873 0.001712 0.021230
v 0.919611 -0.125135 -0.171745
v 0.919188 -0.072937 -0.088793
v 0.928964 -0.132090 -0.118071
v 0.924190 -0.079508 -0.045257
v 0.931831 -0.122698 -0.074880
v 0.927434 -0.159064 -0.159217
v 0.924409 -0.170457 -0.185193
v 0.930690 -0.101968 0.000946
v 0.939906 -0.214901 -0.119051
v 0.935208 -0.140748 -0.074154
v 0.941466 -0.160157 -0.002561
v 0.946467 -0.205823 -0.031586
v 0.562758 0.262340 -0.481934
v 0.574721 0.249380 -0.487950
v 0.607139 0.237993 -0.471400
v 0.589685 0.286167 -0.431983
v 0.621118 0.255678 -0.434163
v 0.627876 0.165103 -0.526424
v 0.618801 0.217426 -0.481762
v 0.656936 0.198080 -0.455232
v 0.679660 0.169054 -0.454721
v 0.650618 0.133083 -0.529571
v 0.664451 0.086912 -0.550663
v 0.656677 0.267106 -0.364618
v 0.662515 0.239750 -0.394182
v 0.681229 0.189181 -0.429514
v 0.685403 -0.012851 -0.591227
v 0.695632 0.197941 -0.394053
v 0.713331 0.097202 -0.476056
v 0.696266 0.247913 -0.314977
v 0.690980 0.128069 -0.480106
v 0.682211 -0.041150 -0.609228
v 0.703258 0.207206 -0.366282
v 0.710389 0.029008 -0.534738
v 0.713283 0.140108 -0.434309
v 0.683783 -0.076353 -0.622279
v 0.713335 -0.108482 -0.600142
v 0.706374 0.001282 -0.557882
v 0.715766 0.063186 -0.501581
v 0.765026 0.186075 -0.255668
v 0.713426 -0.060744 -0.581703
v 0.748893 0.075988 -0.439727
v 0.748486 0.165552 -0.336039
v 0.746936 0.142854 -0.371066
v 0.742230 -0.112082 -0.565389
v 0.735057 -0.197338 -0.595576
v 0.745531 0.018500 -0.492277
v 0.740659 -0.028504 -0.529897
v 0.754296 -0.163190 -0.564001
v 0.750181 0.108788 -0.404946
v 0.771891 -0.069437 -0.506478
v 0.764027 0.035795 -0.449781
v 0.767841 -0.032166 -0.492123
v 0.759866 0.131968 -0.358656
v 0.763929 -0.119280 -0.538459
v 0.772941 -0.228569 -0.550347
v 0.767751 0.146994 -0.320092
v 0.771753 0.068794 -0.406686
v 0.791506 0.106335 -0.321367
v 0.801143 0.005140 -0.408450
v 0.792788 -0.055303 -0.465489
v 0.799296 0.065389 -0.354986
v 0.801405 -0.029572 -0.434134
v 0.797076 0.044900 -0.381195
v 0.789596 -0.203876 -0.522612
v 0.808989 -0.106441 -0.463580
v 0.806930 -0.083202 -0.456396
v 0.824882 -0.166117 -0.456303
v 0.820455 -0.027303 -0.395939
v 0.832037 -0.113906 -0.424391
v 0.834444 -0.076558 -0.400470
v 0.822162 0.032167 -0.338815
v 0.840839 -0.104283 -0.402241
v 0.864243 -0.103673 -0.349333
v 0.858037 -0.141654 -0.382077
v 0.875321 -0.077269 -0.301063
v 0.859698 -0.219618 -0.401083
v 0.853378 -0.469540 -0.335773
v 0.877770 -0.451016 -0.292839
v 0.870361 -0.492517 -0.251742
v 0.882579 -0.466333 -0.257477
v 0.877294 -0.413005 -0.328909
v 0.889337 -0.423683 -0.286966
v 0.885824 -0.476239 -0.228357
v 0.895265 -0.474908 -0.189770
v 0.891246 -0.404138 -0.296718
v 0.877138 -0.315687 -0.365979
v 0.899891 -0.318565 -0.305986
v 0.902730 -0.405592 -0.258969
v 0.871209 -0.258206 -0.380739
v 0.889889 -0.233446 -0.331772
v 0.902334 -0.263683 -0.300394
v 0.902418 -0.380850 -0.277136
v 0.906495 -0.342536 -0.279996
v 0.901215 -0.439571 -0.227680
v 0.883184 -0.501571 -0.176656
v 0.904547 -0.455625 -0.186075
v 0.908050 -0.460473 -0.156003
v 0.911312 -0.163190 -0.239066
v 0.911971 -0.419180 -0.208750
v 0.920352 -0.244178 -0.235071
v 0.913597 -0.325156 -0.260541
v 0.906554 -0.483982 -0.075136
v 0.918311 -0.463683 -0.048794
v 0.919266 -0.423629 -0.166861
v 0.924234 -0.271006 -0.223338
v 0.923713 -0.431392 -0.122548
v 0.923479 -0.231616 -0.219082
v 0.922433 -0.361108 -0.213508
v 0.921222 -0.383172 -0.203702
v 0.918576 -0.452647 -0.101490
v 0.927726 -0.434286 -0.074160
v 0.922394 -0.405699 -0.174906
v 0.926242 -0.419214 -0.130601
v 0.932650 -0.354039 -0.166739
v 0.933657 -0.319541 -0.176673
v 0.935695 -0.215706 -0.149325
v 0.939858 -0.389313 -0.067814
v 0.936056 -0.251004 -0.161986
v 0.935964 -0.416343 -0.000728
v 0.939654 -0.321198 -0.140335
v 0.944401 -0.348925 -0.084100
v 0.942487 -0.341733 -0.108492
v 0.940590 -0.395355 0.022926
v 0.945572 -0.278787 -0.100675
v 0.948595 -0.344905 -0.013663
v 0.944909 -0.225159 -0.082453
v 0.949840 -0.305222 -0.045986
v 0.948549 -0.278331 -0.068309
v 0.951132 -0.285604 -0.015837
v 0.949712 -0.331253 0.008286
v 0.950419 -0.318324 0.012473
v 0.567217 -0.633068 0.132504
v 0.578819 -0.630853 -0.292094
v 0.641800 -0.630405 -0.129754
v 0.646646 -0.627769 -0.224216
v 0.681061 -0.626807 -0.131821
v 0.702748 -0.625199 -0.014648
v 0.706640 -0.617392 -0.230399
v 0.726033 -0.619308 -0.119119
v 0.743123 -0.607785 -0.218678
v 0.750870 -0.611649 -0.136689
v 0.736421 -0.598075 -0.300806
v 0.761420 -0.600673 -0.216704
v 0.779991 -0.604692 -0.030265
v 0.774724 -0.602142 -0.142525
v 0.770584 -0.606679 -0.096659
v 0.792540 -0.573633 -0.263516
v 0.796734 -0.582578 -0.208545
v 0.755775 -0.584917 -0.314892
v 0.788528 -0.597871 -0.114216
v 0.788708 -0.592887 -0.168872
v 0.782934 -0.603190 0.049781
v 0.810152 -0.583378 -0.138604
v 0.806834 -0.571812 -0.225701
v 0.816986 -0.551336 -0.267925
v 0.810414 -0.586458 -0.102986
v 0.827882 -0.568960 -0.149339
v 0.841285 -0.548133 -0.194422
v 0.825324 -0.578208 -0.076139
v 0.835064 -0.573102 0.017080
v 0.838469 -0.533824 -0.254288
v 0.832602 -0.568807 -0.120449
v 0.848221 -0.559745 -0.066377
v 0.851004 -0.546336 -0.156033
v 0.855555 -0.523689 -0.226191
v 0.854101 -0.555985 -0.033185
v 0.877507 -0.530548 -0.045502
v 0.885026 -0.518916 -0.069286
v 0.885028 -0.510880 -0.124434
v 0.899483 -0.500322 -0.040255
v 0.890013 -0.515728 -0.022203
v 0.900622 -0.486725 -0.119065
v 0.899989 -0.500506 0.030865
v 0.852206 -0.551436 -0.114191
v 0.863024 -0.525089 -0.191284
v 0.877429 -0.508010 -0.184427
v 0.683044 -0.520942 -0.563967
v 0.691085 -0.532843 -0.538865
v 0.711234 -0.494516 -0.556992
v 0.678382 -0.474023 -0.612996
v 0.704879 -0.377802 -0.627075
v 0.707685 -0.412115 -0.613235
v 0.688282 -0.446789 -0.619095
v 0.732766 -0.354401 -0.599552
v 0.709738 -0.459325 -0.586829
v 0.695510 -0.231496 -0.645723
v 0.725132 -0.238327 -0.612919
v 0.726778 -0.517823 -0.510812
v 0.736307 -0.531213 -0.478194
v 0.719058 -0.549081 -0.474927
v 0.715292 -0.331271 -0.623560
v 0.733448 -0.423626 -0.577431
v 0.744779 -0.378571 -0.579191
v 0.746704 -0.299729 -0.588340
v 0.767905 -0.257838 -0.560037
v 0.744229 -0.466485 -0.537222
v 0.742976 -0.487761 -0.520949
v 0.744663 -0.438473 -0.555371
v 0.754150 -0.387503 -0.564616
v 0.755712 -0.328804 -0.574498
v 0.756315 -0.417781 -0.550422
v 0.755062 -0.517839 -0.468270
v 0.775168 -0.500163 -0.458360
v 0.793222 -0.467943 -0.461333
v 0.773436 -0.358413 -0.545941
v 0.784024 -0.521370 -0.412100
v 0.753035 -0.547153 -0.422272
v 0.779582 -0.431919 -0.509395
v 0.788875 -0.310482 -0.530646
v 0.781845 -0.395322 -0.523470
v 0.793243 -0.506606 -0.417309
v 0.787457 -0.274472 -0.533165
v 0.776848 -0.160430 -0.532039
v 0.800142 -0.374883 -0.502497
v 0.798024 -0.480923 -0.440469
v 0.797475 -0.435035 -0.478835
v 0.817661 -0.402177 -0.462539
v 0.795438 -0.524996 -0.382619
v 0.808324 -0.326914 -0.499876
v 0.820230 -0.357420 -0.474129
v 0.811277 -0.481990 -0.413632
v 0.813077 -0.260588 -0.492882
v 0.812244 -0.446927 -0.444870
v 0.825038 -0.303698 -0.474079
v 0.810648 -0.213351 -0.491254
v 0.824696 -0.512340 -0.340697
v 0.814476 -0.464654 -0.425548
v 0.839542 -0.380731 -0.430586
v 0.844039 -0.473154 -0.354039
v 0.836935 -0.442051 -0.400482
v 0.827194 -0.211000 -0.462527
v 0.838493 -0.400951 -0.423729
v 0.832577 -0.338796 -0.456125
v 0.842761 -0.493843 -0.327910
v 0.846587 -0.294179 -0.434456
v 0.850966 -0.347763 -0.417855
v 0.844290 -0.519041 -0.274759
v 0.850186 -0.417606 -0.390259
v 0.859245 -0.433109 -0.358489
v 0.852166 -0.192824 -0.410938
v 0.872635 -0.371963 -0.362555
v 0.866680 -0.170536 -0.373028
v 0.889250 -0.357263 -0.326025
v 0.502654 -0.631524 -0.388896
v 0.454561 -0.627145 -0.513128
v 0.519009 -0.629180 -0.421826
v 0.497941 -0.621636 -0.519416
v 0.572171 -0.625455 -0.402268
v 0.631073 -0.625264 -0.306780
v 0.530148 -0.615499 -0.525280
v 0.570519 -0.604940 -0.529515
v 0.588686 -0.610699 -0.486664
v 0.637648 -0.615528 -0.391684
v 0.623191 -0.597232 -0.496794
v 0.622365 -0.605873 -0.465873
v 0.591357 -0.582639 -0.569861
v 0.604261 -0.565005 -0.589493
v 0.642122 -0.534643 -0.593310
v 0.651276 -0.566997 -0.535355
v 0.672046 -0.615542 -0.330221
v 0.645647 -0.598138 -0.464638
v 0.661379 -0.603644 -0.419353
v 0.664762 -0.578546 -0.494938
v 0.669316 -0.624545 -0.230913
v 0.683666 -0.597720 -0.408033
v 0.669945 -0.559488 -0.525483
v 0.700841 -0.603076 -0.352851
v 0.693903 -0.582361 -0.442051
v 0.709908 -0.566619 -0.454751
v 0.714138 -0.609408 -0.284115
v 0.734801 -0.590016 -0.341698
v 0.761000 -0.569291 -0.355268
v 0.766329 -0.559193 -0.370301
v 0.761942 -0.593875 -0.257691
v 0.788352 -0.540118 -0.367456
v 0.787244 -0.563095 -0.312781
v 0.823504 -0.530588 -0.305475
v 0.336869 0.194910 -0.730032
v 0.346511 0.146206 -0.758502
v 0.345457 0.103897 -0.783794
v 0.376195 0.153921 -0.738844
v 0.398462 0.075689 -0.773853
v 0.389492 0.111108 -0.758333
v 0.381385 0.038615 -0.801018
v 0.396303 0.174052 -0.713760
v 0.414787 0.043714 -0.781669
v 0.419174 0.199378 -0.680178
v 0.455364 0.055989 -0.752406
v 0.433447 0.118601 -0.729426
v 0.436009 0.145944 -0.709642
v 0.435609 0.201898 -0.666448
v 0.433892 -0.087445 -0.820803
v 0.456213 -0.067518 -0.802616
v 0.476233 -0.003119 -0.767042
v 0.454933 0.226909 -0.628292
v 0.470170 -0.119400 -0.808328
v 0.469777 0.036417 -0.753228
v 0.503533 0.123664 -0.678211
v 0.480790 0.096017 -0.713133
v 0.497012 0.163983 -0.650796
v 0.485313 -0.055669 -0.781272
v 0.496612 -0.121641 -0.792763
v 0.505957 0.195881 -0.613386
v 0.524735 0.047294 -0.709527
v 0.519888 0.099979 -0.681929
v 0.480348 0.251398 -0.572702
v 0.515907 0.002357 -0.737894
v 0.506389 -0.022730 -0.755275
v 0.511316 0.239686 -0.544583
v 0.548583 -0.096302 -0.750675
v 0.547288 -0.040902 -0.733026
v 0.523102 0.220650 -0.560302
v 0.546018 0.132024 -0.635799
v 0.536898 0.167775 -0.611159
v 0.549164 -0.126350 -0.758130
v 0.546160 0.173117 -0.595029
v 0.557266 0.104269 -0.647060
v 0.556894 0.060813 -0.675993
v 0.542617 0.214872 -0.550816
v 0.567676 0.167262 -0.581335
v 0.561837 0.210540 -0.538256
v 0.613436 0.145077 -0.560209
v 0.573743 0.011427 -0.688915
v 0.574688 -0.118535 -0.736687
v 0.587339 0.202396 -0.527614
v 0.567740 -0.197435 -0.757513
v 0.579924 -0.160995 -0.741952
v 0.592881 -0.072455 -0.707940
v 0.591332 0.035811 -0.660531
v 0.584326 0.077305 -0.640948
v 0.613974 -0.020469 -0.668501
v 0.606725 0.173119 -0.540301
v 0.619328 -0.148210 -0.706215
v 0.629202 -0.121234 -0.690699
v 0.619807 0.075894 -0.607116
v 0.630661 -0.085377 -0.678725
v 0.626072 0.039837 -0.624620
v 0.637930 -0.181555 -0.696086
v 0.658691 -0.007032 -0.617698
v 0.646199 -0.034602 -0.644066
v 0.635515 0.125955 -0.553557
v 0.678649 0.036156 -0.569818
v 0.685397 -0.143043 -0.641271
v 0.694523 -0.187578 -0.640851
v 0.050823 0.044816 -0.883468
v 0.018511 -0.043970 -0.916605
v 0.073232 -0.022352 -0.907028
v 0.066237 -0.086268 -0.925798
v 0.117097 0.027068 -0.884420
v 0.106471 -0.088083 -0.922494
v 0.085866 -0.193434 -0.942777
v 0.102290 -0.151370 -0.935471
v 0.149409 0.063198 -0.863620
v 0.120031 -0.027565 -0.903822
v 0.135769 -0.121570 -0.926061
v 0.139699 -0.207827 -0.937771
v 0.149592 -0.059205 -0.909097
v 0.169330 0.032690 -0.873457
v 0.166934 -0.028502 -0.896788
v 0.193219 -0.097813 -0.910873
v 0.186002 -0.137525 -0.920323
v 0.215748 -0.069440 -0.898744
v 0.197144 0.092072 -0.840017
v 0.216635 -0.014475 -0.881305
v 0.222364 0.149871 -0.802424
v 0.254463 -0.166347 -0.908533
v 0.232150 0.081782 -0.836224
v 0.243963 0.011453 -0.864300
v 0.275599 -0.120342 -0.894562
v 0.267377 -0.058784 -0.881800
v 0.262278 0.075121 -0.830531
v 0.278228 0.146060 -0.786449
v 0.280982 0.004116 -0.855833
v 0.316166 0.124658 -0.784536
v 0.338063 0.014424 -0.830782
v 0.304194 -0.087269 -0.877676
v 0.324564 -0.037812 -0.855644
v 0.325394 0.061644 -0.814486
v 0.327711 -0.119409 -0.876816
v 0.360482 -0.012780 -0.832269
v 0.366900 -0.136846 -0.864587
v 0.357149 -0.062691 -0.850659
v 0.380085 -0.207365 -0.869297
v 0.379958 -0.041832 -0.833982
v 0.391614 -0.100706 -0.845629
v 0.403051 -0.182573 -0.855811
v 0.421514 -0.003360 -0.799091
v 0.434052 -0.039109 -0.805736
v 0.449861 -0.141675 -0.824574
v 0.441018 -0.433207 -0.819034
v 0.422847 -0.409978 -0.836449
v 0.420072 -0.374832 -0.845991
v 0.441541 -0.396317 -0.830153
v 0.431941 -0.301729 -0.847979
v 0.435056 -0.238235 -0.845622
v 0.475015 -0.291002 -0.824755
v 0.459376 -0.458497 -0.797894
v 0.454083 -0.362360 -0.830097
v 0.479707 -0.402024 -0.806491
v 0.490106 -0.313798 -0.814746
v 0.484918 -0.378392 -0.809021
v 0.449671 -0.202090 -0.834238
v 0.476735 -0.245860 -0.822812
v 0.504097 -0.446366 -0.775513
v 0.483622 -0.172903 -0.810590
v 0.496521 -0.274601 -0.811914
v 0.519005 -0.415768 -0.777089
v 0.463797 -0.483308 -0.781819
v 0.522967 -0.466338 -0.752777
v 0.486835 -0.502411 -0.754264
v 0.519763 -0.392423 -0.783355
v 0.532850 -0.284358 -0.788330
v 0.526740 -0.236491 -0.790806
v 0.531879 -0.324159 -0.786946
v 0.554164 -0.351463 -0.767895
v 0.557256 -0.431255 -0.744303
v 0.581165 -0.413191 -0.732590
v 0.560590 -0.307096 -0.767945
v 0.566435 -0.253443 -0.763741
v 0.581993 -0.466344 -0.707876
v 0.577461 -0.371944 -0.746706
v 0.518575 -0.166148 -0.787468
v 0.596267 -0.327859 -0.738701
v 0.585033 -0.223933 -0.747139
v 0.581656 -0.285451 -0.752718
v 0.615568 -0.451527 -0.687793
v 0.612130 -0.205533 -0.722599
v 0.613933 -0.394940 -0.711486
v 0.608263 -0.489778 -0.669980
v 0.618218 -0.283196 -0.722684
v 0.630461 -0.320024 -0.710323
v 0.640281 -0.347523 -0.698389
v 0.638991 -0.252954 -0.703380
v 0.642959 -0.475047 -0.648793
v 0.637902 -0.512859 -0.622269
v 0.665436 -0.432550 -0.650308
v 0.659625 -0.309542 -0.684025
v 0.658541 -0.450752 -0.648277
v 0.663864 -0.375419 -0.670738
v 0.656324 -0.401983 -0.670949
v 0.675889 -0.496974 -0.597213
v 0.685372 -0.352448 -0.653358
v 0.653890 -0.519091 -0.599226
v 0.692144 -0.271314 -0.651721
v 0.691863 -0.412435 -0.630832
v 0.691959 -0.320446 -0.650456
v 0.703138 -0.291491 -0.639805
v 0.125477 -0.630206 -0.647900
v 0.277550 -0.626813 -0.632241
v 0.337662 -0.611641 -0.682131
v 0.370891 -0.619448 -0.630851
v 0.345581 -0.605870 -0.696374
v 0.367059 -0.625227 -0.596511
v 0.396257 -0.592110 -0.701804
v 0.339968 -0.560885 -0.778744
v 0.364852 -0.550848 -0.778586
v 0.388541 -0.562933 -0.752371
v 0.403178 -0.605752 -0.664270
v 0.419796 -0.610969 -0.636536
v 0.399282 -0.527043 -0.785393
v 0.368202 -0.576738 -0.744024
v 0.416869 -0.572945 -0.722670
v 0.424153 -0.592248 -0.684501
v 0.428887 -0.539757 -0.756606
v 0.419090 -0.499085 -0.797234
v 0.411231 -0.465922 -0.820899
v 0.448035 -0.617397 -0.587887
v 0.442002 -0.519982 -0.767974
v 0.438536 -0.578652 -0.700510
v 0.474333 -0.556566 -0.708924
v 0.463137 -0.601975 -0.633391
v 0.480307 -0.608564 -0.599419
v 0.477323 -0.531813 -0.734936
v 0.489581 -0.582505 -0.658202
v 0.483710 -0.572150 -0.680532
v 0.511130 -0.538386 -0.704432
v 0.535103 -0.553529 -0.667865
v 0.514555 -0.514428 -0.725275
v 0.542688 -0.576541 -0.626616
v 0.540773 -0.565002 -0.647132
v 0.544792 -0.588223 -0.601425
v 0.530319 -0.600027 -0.584023
v 0.549213 -0.499410 -0.711676
v 0.566474 -0.619403 -0.462977
v 0.561550 -0.537793 -0.665214
v 0.551559 -0.522146 -0.690086
v 0.593597 -0.594411 -0.538684
v 0.590247 -0.551071 -0.623429
v 0.578814 -0.508476 -0.680276
v 0.629159 -0.525606 -0.617420
v 0.622748 -0.583365 -0.534894
v 0.361765 -0.631022 -0.534344
v 0.160610 -0.267590 -0.937872
v 0.112697 -0.283687 -0.945184
v 0.186590 -0.551284 -0.840342
v 0.181447 -0.565825 -0.825664
v 0.126882 -0.533812 -0.867697
v 0.134655 -0.449346 -0.916093
v 0.180748 -0.441821 -0.910655
v 0.126862 -0.349528 -0.939969
v 0.182479 -0.361875 -0.928928
v 0.193897 -0.233545 -0.930041
v 0.152293 -0.604978 -0.767301
v 0.205976 -0.604651 -0.755586
v 0.128166 -0.613568 -0.746931
v 0.190768 -0.325143 -0.931005
v 0.195108 -0.290031 -0.931417
v 0.147430 -0.625185 -0.689418
v 0.194187 -0.384630 -0.922912
v 0.198956 -0.486030 -0.887423
v 0.218585 -0.207094 -0.922489
v 0.132743 -0.584353 -0.810161
v 0.224722 -0.508702 -0.867188
v 0.225384 -0.412869 -0.909534
v 0.234287 -0.461823 -0.890588
v 0.223412 -0.258279 -0.924603
v 0.233408 -0.543503 -0.836428
v 0.250801 -0.291979 -0.917982
v 0.240170 -0.614981 -0.712714
v 0.249003 -0.630491 -0.604939
v 0.231483 -0.584383 -0.787739
v 0.252909 -0.592216 -0.767485
v 0.257671 -0.564456 -0.806668
v 0.240288 -0.338249 -0.918519
v 0.250816 -0.525622 -0.847181
v 0.238725 -0.493087 -0.873464
v 0.260018 -0.605711 -0.734948
v 0.249573 -0.434075 -0.897009
v 0.255916 -0.357335 -0.912172
v 0.253517 -0.246977 -0.916363
v 0.259937 -0.392920 -0.905039
v 0.288860 -0.499337 -0.854344
v 0.280239 -0.574646 -0.785744
v 0.284018 -0.205915 -0.904596
v 0.309612 -0.393879 -0.889058
v 0.293441 -0.595849 -0.745196
v 0.288037 -0.543489 -0.818882
v 0.320215 -0.478225 -0.855507
v 0.295424 -0.419956 -0.887418
v 0.322512 -0.341014 -0.892430
v 0.304659 -0.370862 -0.895017
v 0.314082 -0.437112 -0.875509
v 0.310181 -0.460548 -0.867779
v 0.327385 -0.261003 -0.893443
v 0.335707 -0.520336 -0.820992
v 0.326008 -0.587167 -0.747688
v 0.342966 -0.207343 -0.884323
v 0.331769 -0.171972 -0.884313
v 0.344319 -0.539298 -0.800026
v 0.347431 -0.450936 -0.857399
v 0.347391 -0.304654 -0.885541
v 0.350408 -0.501526 -0.828988
v 0.356097 -0.370982 -0.875613
v 0.355256 -0.402139 -0.869782
v 0.379405 -0.264221 -0.873198
v 0.374083 -0.475612 -0.834238
v 0.376669 -0.429461 -0.852683
v 0.372632 -0.512578 -0.810779
v 0.385530 -0.331971 -0.868025
v 0.393289 -0.370118 -0.859706
v 0.409692 -0.481952 -0.813181
v -0.395155 0.551047 -0.068901
v -0.367844 0.561132 -0.081956
v -0.354358 0.567141 -0.058612
v -0.348864 0.549128 -0.001622
v -0.348550 0.564842 -0.098228
v -0.380951 0.547129 -0.125642
v -0.375788 0.537034 -0.163448
v -0.408660 0.541995 -0.037282
v -0.343140 0.568557 -0.035548
v -0.356056 0.560805 -0.024805
v -0.392292 0.544291 -0.021765
v -0.348430 0.542801 -0.184373
v -0.379669 0.519885 -0.243103
v -0.332236 0.543539 -0.221458
v -0.322071 0.577316 -0.064415
v -0.317917 0.556887 -0.150136
v -0.330141 0.566599 -0.109874
v -0.329384 0.566939 -0.016544
v -0.320083 0.563568 -0.006206
v -0.314256 0.579356 -0.044977
v -0.308968 0.561158 0.000564
v -0.292732 0.560792 -0.194155
v -0.296233 0.581716 -0.080922
v -0.276252 0.571177 -0.126778
v -0.286929 0.566075 -0.142494
v -0.279955 0.586146 -0.027656
v -0.283987 0.579249 -0.012025
v -0.269507 0.590100 -0.059629
v -0.259618 0.580895 -0.004725
v -0.253813 0.570562 -0.187216
v -0.298308 0.547148 -0.234885
v -0.263491 0.571777 -0.169863
v -0.275235 0.589462 -0.044955
v -0.261673 0.561954 -0.208693
v -0.248112 0.553234 -0.224408
v -0.250871 0.593113 -0.035238
v -0.246433 0.588138 -0.082720
v -0.260243 0.586351 -0.014702
v -0.250741 0.576391 -0.120852
v -0.241793 0.593948 -0.058086
v -0.238155 0.577783 -0.163979
v -0.233848 0.592961 -0.067233
v -0.227675 0.596000 -0.041789
v -0.235273 0.592688 -0.021673
v -0.232282 0.579689 -0.148437
v -0.239205 0.583070 -0.002385
v -0.234314 0.576028 0.005743
v -0.233356 0.588620 -0.010112
v -0.227052 0.572627 -0.186543
v -0.220689 0.577849 -0.171673
v -0.197722 0.587813 -0.003999
v -0.218663 0.581676 -0.152284
v -0.205026 0.583098 -0.107376
v -0.207059 0.578869 -0.167739
v -0.172362 0.596776 -0.029363
v -0.161603 0.564492 -0.178630
v -0.164079 0.585714 -0.089773
v -0.139121 0.550146 -0.182080
v -0.575018 0.414672 -0.193174
v -0.542955 0.455752 -0.135845
v -0.542026 0.406874 -0.295254
v -0.564041 0.443783 -0.039249
v -0.527008 0.473520 -0.049096
v -0.572052 0.440044 -0.107312
v -0.524801 0.472346 -0.120839
v -0.580276 0.436398 -0.084911
v -0.523934 0.476904 -0.096327
v -0.502531 0.478922 -0.017902
v -0.523495 0.472703 -0.037309
v -0.506034 0.490603 -0.078105
v -0.499765 0.476789 -0.164970
v -0.493879 0.497044 -0.098012
v -0.487150 0.502066 -0.058972
v -0.478888 0.504668 -0.044132
v -0.478709 0.508143 -0.070323
v -0.469080 0.501019 -0.018153
v -0.473102 0.504292 -0.125933
v -0.449168 0.523922 -0.091721
v -0.439460 0.502456 -0.192445
v -0.425479 0.526464 -0.136538
v -0.464695 0.494127 -0.004274
v -0.429994 0.533922 -0.050865
v -0.433169 0.533476 -0.070312
v -0.433104 0.490385 -0.254115
v -0.429319 0.499356 0.010050
v -0.443908 0.520516 -0.027657
v -0.416308 0.526121 -0.010560
v -0.427940 0.533340 -0.100555
v -0.402981 0.517386 -0.202980
v -0.405713 0.523702 -0.171529
v -0.395342 0.513188 0.012782
v -0.397105 0.547480 -0.097549
v -0.403410 0.546833 -0.050853
v -0.386545 0.538903 -0.008259
v -0.639410 0.289221 -0.362774
v -0.601994 0.317303 -0.380613
v -0.606141 0.301460 -0.399368
v -0.576036 0.317194 -0.419820
v -0.590595 0.386986 -0.240319
v -0.575455 0.381484 -0.291892
v -0.572764 0.353932 -0.361232
v -0.536371 0.400672 -0.321058
v -0.489677 0.391193 -0.402734
v -0.524119 0.338365 -0.449894
v -0.509176 0.445629 -0.246816
v -0.470111 0.437729 -0.338338
v -0.454609 0.435773 -0.357896
v -0.447883 0.465182 -0.304406
v -0.447220 0.418470 -0.391338
v -0.419041 0.476578 -0.311369
v -0.400206 0.475042 -0.327852
v -0.396042 0.505584 -0.265239
v -0.379714 0.498134 -0.297534
v -0.380632 0.452873 -0.366637
v -0.392523 0.424361 -0.407938
v -0.387206 0.476873 -0.330551
v -0.390507 0.405673 -0.433214
v -0.365260 0.443685 -0.384183
v -0.367072 0.522338 -0.251869
v -0.355368 0.493105 -0.314179
v -0.348574 0.519890 -0.272186
v -0.361046 0.416124 -0.436397
v -0.399619 0.393099 -0.451320
v -0.322036 0.448224 -0.376754
v -0.301711 0.540548 -0.247372
v -0.310929 0.549058 -0.223591
v -0.290894 0.467429 -0.341632
v -0.281431 0.491677 -0.311027
v -0.287171 0.531724 -0.260389
v -0.314919 0.451451 -0.376899
v -0.258620 0.482711 -0.311178
v -0.274282 0.480723 -0.388177
v -0.275187 0.461361 -0.467553
v -0.258014 0.479296 -0.443965
v -0.267929 0.483645 -0.355523
v -0.233894 0.507137 -0.366451
v -0.249650 0.495249 -0.400283
v -0.250098 0.490515 -0.420687
v -0.261144 0.481229 -0.318412
v -0.207354 0.515894 -0.288769
v -0.218867 0.560932 -0.206629
v -0.237981 0.491538 -0.294916
v -0.213876 0.498562 -0.439682
v -0.207403 0.526552 -0.246257
v -0.209679 0.510073 -0.413803
v -0.225017 0.509852 -0.389980
v -0.224401 0.498687 -0.279040
v -0.175657 0.539445 -0.343676
v -0.176731 0.539115 -0.295906
v -0.199912 0.510078 -0.256395
v -0.195760 0.523971 -0.384880
v -0.178682 0.535436 -0.280424
v -0.181859 0.517784 -0.243957
v -0.177580 0.513158 -0.431343
v -0.192398 0.494104 -0.462017
v -0.173074 0.521937 -0.227182
v -0.167818 0.526989 -0.404041
v -0.167467 0.545159 -0.309574
v -0.176007 0.530203 -0.258058
v -0.179744 0.518691 -0.236059
v -0.167932 0.522077 -0.226499
v -0.162030 0.498578 -0.464796
v -0.150126 0.542892 -0.366849
v -0.161757 0.546256 -0.283297
v -0.140932 0.548982 -0.247827
v -0.138449 0.557618 -0.300755
v -0.150541 0.529261 -0.204658
v -0.155973 0.517882 -0.429700
v -0.147281 0.537612 -0.384959
v -0.131180 0.557388 -0.319419
v -0.497769 0.406856 -0.366053
v -0.496042 0.438012 -0.298777
v -0.468251 0.464382 -0.273823
v -0.320283 0.522058 -0.275264
v -0.335909 0.531637 -0.253959
v -0.318457 0.457273 -0.359699
v -0.316483 0.478772 -0.335302
v -0.241599 0.492614 -0.291425
v -0.204617 0.507783 -0.265600
v -0.349132 0.242980 -0.685747
v -0.261285 0.262696 -0.711076
v -0.352130 0.359633 -0.565914
v -0.319217 0.373740 -0.569777
v -0.352261 0.397049 -0.511478
v -0.303444 0.428143 -0.503547
v -0.278448 0.338326 -0.632789
v -0.324593 0.432855 -0.471817
v -0.253665 0.366638 -0.612798
v -0.261493 0.296664 -0.681420
v -0.291025 0.463378 -0.439428
v -0.251136 0.235082 -0.736815
v -0.265239 0.412383 -0.550013
v -0.254466 0.461227 -0.483854
v -0.238823 0.444261 -0.519495
v -0.235632 0.322904 -0.666645
v -0.231275 0.186167 -0.777741
v -0.237421 0.292121 -0.695211
v -0.203057 0.402778 -0.588414
v -0.215122 0.259122 -0.730651
v -0.206856 0.480637 -0.478803
v -0.227238 0.369779 -0.619657
v -0.217219 0.344676 -0.650125
v -0.196257 0.455494 -0.522067
v -0.182090 0.266203 -0.732901
v -0.195052 0.237927 -0.752874
v -0.226770 0.160436 -0.795082
v -0.193345 0.353912 -0.643978
v -0.171921 0.423365 -0.567001
v -0.171134 0.180720 -0.797056
v -0.181400 0.159875 -0.807378
v -0.164967 0.215178 -0.775719
v -0.169915 0.445867 -0.540123
v -0.167904 0.474923 -0.501451
v -0.170971 0.340574 -0.656778
v -0.145447 0.287585 -0.716622
v -0.156335 0.451758 -0.531928
v -0.168178 0.377042 -0.616082
v -0.144691 0.336544 -0.655078
v -0.117100 0.249686 -0.757537
v -0.152361 0.480882 -0.493794
v -0.150577 0.431134 -0.553244
v -0.145521 0.363548 -0.621746
v -0.119562 0.288047 -0.720574
v -0.121818 0.167644 -0.812570
v -0.136799 0.325104 -0.668110
v -0.134885 0.488569 -0.479918
v -0.127513 0.457978 -0.513175
v -0.120303 0.351898 -0.621634
v -0.096652 0.332389 -0.668060
v -0.123018 0.384733 -0.582981
v -0.113114 0.373208 -0.588076
v -0.101842 0.390361 -0.559939
v -0.115088 0.330576 -0.661973
v -0.102891 0.208457 -0.788910
v -0.100266 0.503074 -0.439722
v -0.110676 0.363709 -0.602344
v -0.094892 0.448200 -0.493126
v -0.078418 0.323784 -0.688179
v -0.088318 0.410435 -0.525914
v -0.051227 0.176503 -0.814455
v -0.039039 0.249561 -0.764947
v -0.059791 0.207624 -0.793365
v -0.032319 0.393544 -0.615918
v -0.039801 0.418399 -0.571055
v -0.575522 0.186877 -0.567709
v -0.623318 0.263986 -0.426130
v -0.606496 0.247889 -0.470585
v -0.623167 0.109467 -0.582161
v -0.574797 0.149095 -0.600140
v -0.553337 0.242730 -0.537673
v -0.577179 0.262734 -0.489849
v -0.548526 0.179434 -0.599252
v -0.545232 0.291162 -0.491518
v -0.547196 0.322531 -0.447578
v -0.496124 0.147513 -0.668090
v -0.532899 0.266781 -0.531592
v -0.510452 0.301963 -0.511017
v -0.541950 0.352903 -0.406898
v -0.505487 0.219774 -0.600580
v -0.504585 0.334558 -0.474245
v -0.495066 0.275237 -0.553334
v -0.482641 0.295891 -0.539720
v -0.481471 0.186484 -0.649233
v -0.463662 0.363725 -0.465450
v -0.482152 0.344262 -0.479077
v -0.456708 0.330481 -0.514249
v -0.443217 0.252188 -0.617910
v -0.443105 0.352053 -0.491920
v -0.447069 0.189145 -0.671882
v -0.475239 0.113229 -0.705793
v -0.416734 0.156913 -0.715310
v -0.374533 0.325195 -0.591291
v -0.405882 0.349045 -0.532850
v -0.455093 0.381451 -0.445316
v -0.425592 0.396846 -0.438025
v -0.412917 0.191256 -0.692108
v -0.416181 0.274114 -0.615939
v -0.374287 0.344239 -0.568560
v -0.423823 0.356728 -0.499997
v -0.384454 0.272376 -0.639533
v -0.389254 0.389086 -0.472955
v -0.380577 0.220723 -0.687514
v -0.376114 0.252775 -0.662838
v -0.349455 0.187700 -0.729159
v -0.342450 0.167516 -0.746459
v -0.356383 0.136235 -0.760227
v -0.323861 0.313704 -0.635234
v -0.329545 0.342426 -0.601296
v -0.323321 0.289355 -0.658835
v -0.301611 0.457578 -0.435432
v -0.324954 0.404735 -0.523508
v -0.795256 0.211687 -0.032203
v -0.773261 0.208772 -0.181477
v -0.761908 0.243000 -0.120532
v -0.766563 0.247720 -0.072083
v -0.750466 0.270113 -0.059174
v -0.739255 0.265270 -0.148190
v -0.765508 0.208844 -0.208809
v -0.787261 0.148132 -0.269952
v -0.727293 0.291106 -0.104950
v -0.717258 0.250569 -0.260642
v -0.693372 0.331908 -0.088197
v -0.714831 0.200809 -0.357294
v -0.717390 0.293673 -0.142445
v -0.696408 0.300391 -0.196993
v -0.674022 0.352488 -0.075172
v -0.699553 0.237525 -0.329711
v -0.695704 0.256326 -0.303376
v -0.695905 0.279967 -0.251190
v -0.695795 0.188123 -0.410881
v -0.676322 0.336490 -0.151499
v -0.668480 0.352066 -0.120196
v -0.707253 0.160467 -0.424924
v -0.640778 0.301445 -0.337741
v -0.653383 0.366151 -0.014775
v -0.617054 0.405027 -0.060608
v -0.648679 0.332264 -0.246331
v -0.651928 0.356566 -0.165721
v -0.620442 0.402630 -0.078111
v -0.621335 0.397379 -0.113347
v -0.630330 0.380064 -0.153034
v -0.618536 0.345031 -0.287941
v -0.604943 0.198755 -0.524916
v -0.609618 0.398617 -0.011924
v -0.585838 0.432197 -0.072645
v -0.594361 0.344308 -0.342712
v -0.582020 0.424452 -0.140658
v -0.550166 0.459235 -0.064498
v -0.938140 -0.131967 0.021955
v -0.934823 -0.112815 -0.010009
v -0.931249 -0.114400 -0.085878
v -0.924286 -0.078195 -0.072168
v -0.917937 -0.086273 -0.144276
v -0.927308 -0.079113 0.001450
v -0.913179 -0.030258 -0.032558
v -0.906385 -0.019361 -0.083100
v -0.926163 -0.125212 -0.144323
v -0.910487 -0.098542 -0.199563
v -0.900551 -0.038686 -0.170182
v -0.900977 -0.023008 -0.137848
v -0.895009 0.015347 -0.071323
v -0.888822 0.035796 -0.039525
v -0.885995 0.023164 -0.124895
v -0.886712 -0.022508 -0.210894
v -0.873480 0.034997 -0.170302
v -0.869735 0.067603 -0.104403
v -0.874986 -0.029234 -0.262606
v -0.858087 0.097881 -0.076115
v -0.863627 0.024213 -0.233316
v -0.855994 0.016816 -0.269323
v -0.859368 -0.043129 -0.321999
v -0.842479 0.076651 -0.222802
v -0.839631 0.115956 -0.142947
v -0.836305 0.016412 -0.325007
v -0.836476 0.044085 -0.292751
v -0.833745 0.112268 -0.182453
v -0.816095 0.179308 -0.021464
v -0.823176 0.096326 -0.254607
v -0.818736 0.121773 -0.221634
v -0.827972 0.147161 -0.105870
v -0.810848 0.076513 -0.317656
v -0.813354 0.178092 -0.074508
v -0.821281 0.005743 -0.370968
v -0.797262 0.195915 -0.110402
v -0.809383 0.161026 -0.164899
v -0.803130 0.146917 -0.223952
v -0.789556 0.059505 -0.385691
v -0.802675 -0.012892 -0.423116
v -0.765033 0.118778 -0.366909
v -0.740220 0.169907 -0.349346
v -0.770068 0.087508 -0.394844
v -0.730777 0.148871 -0.396955
v -0.727300 0.073732 -0.479959
v -0.731191 0.089508 -0.460081
v -0.734803 0.215440 -0.285975
v -0.742635 0.110069 -0.420632
v -0.692066 0.074440 -0.528164
v -0.701634 0.124149 -0.472277
v -0.680015 0.144973 -0.482860
v -0.674034 0.182049 -0.452407
v -0.655059 0.124072 -0.534119
v -0.662115 0.093575 -0.550446
v -0.658427 0.158473 -0.498303
v -0.601902 0.136603 -0.583341
v -0.951341 -0.272933 0.034271
v -0.948486 -0.244053 -0.069285
v -0.948548 -0.333452 -0.060014
v -0.947344 -0.299608 -0.092086
v -0.946181 -0.201672 -0.058093
v -0.945482 -0.179438 -0.012679
v -0.941495 -0.347511 -0.120894
v -0.943464 -0.222821 -0.109158
v -0.945277 -0.362221 -0.067816
v -0.940897 -0.258328 -0.142474
v -0.941719 -0.392911 -0.047137
v -0.938472 -0.140747 -0.053671
v -0.938443 -0.411937 0.020493
v -0.936559 -0.326619 -0.162959
v -0.935239 -0.387566 -0.126860
v -0.938528 -0.152941 -0.079777
v -0.937693 -0.222713 -0.150898
v -0.937778 -0.411037 -0.044237
v -0.932574 -0.288202 -0.190770
v -0.934042 -0.157398 -0.126782
v -0.931861 -0.357456 -0.173667
v -0.933877 -0.409091 -0.100702
v -0.929978 -0.438269 -0.036299
v -0.928044 -0.207100 -0.196402
v -0.926822 -0.403162 -0.160523
v -0.926805 -0.427518 -0.118077
v -0.928786 -0.329546 -0.201015
v -0.927042 -0.157092 -0.170650
v -0.923604 -0.243198 -0.226878
v -0.912477 -0.309264 -0.269864
v -0.914951 -0.464543 -0.099548
v -0.918978 -0.161298 -0.212545
v -0.910662 -0.369845 -0.257957
v -0.914369 -0.428571 -0.190407
v -0.918097 -0.203830 -0.237699
v -0.918783 -0.448952 -0.122961
v -0.913039 -0.341749 -0.260791
v -0.920433 -0.464025 0.003902
v -0.903182 -0.417778 -0.249809
v -0.910960 -0.244664 -0.274113
v -0.910354 -0.173652 -0.253467
v -0.900686 -0.352583 -0.297664
v -0.906812 -0.126801 -0.238728
v -0.906080 -0.464397 -0.163836
v -0.906114 -0.485806 -0.080014
v -0.896773 -0.198185 -0.307428
v -0.902712 -0.324331 -0.299083
v -0.898166 -0.483332 -0.157118
v -0.897856 -0.452843 -0.224451
v -0.897943 -0.272474 -0.317137
v -0.890929 -0.385655 -0.311301
v -0.896389 -0.084298 -0.243809
v -0.894389 -0.140109 -0.289768
v -0.893122 -0.500106 -0.129039
v -0.891092 -0.435176 -0.273064
v -0.881214 -0.475293 -0.248909
v -0.883767 -0.519247 -0.095636
v -0.900697 -0.069414 -0.211858
v -0.886686 -0.500814 -0.165433
v -0.887031 -0.348718 -0.336692
v -0.879183 -0.293932 -0.365526
v -0.880910 -0.135659 -0.326626
v -0.877384 -0.218167 -0.363501
v -0.876128 -0.437277 -0.314208
v -0.871532 -0.539636 0.001452
v -0.858387 -0.386586 -0.390332
v -0.870012 -0.461441 -0.304976
v -0.853375 -0.423556 -0.380451
v -0.865409 -0.505163 -0.242285
v -0.869187 -0.536054 -0.108858
v -0.859816 -0.447051 -0.346694
v -0.862965 -0.478036 -0.302372
v -0.863447 -0.494428 -0.272597
v -0.873645 -0.523442 -0.152807
v -0.852022 -0.520104 -0.250917
v -0.847771 -0.555771 -0.132749
v -0.848706 -0.539689 -0.204121
v -0.836287 -0.472322 -0.374725
v -0.828650 -0.564897 -0.182620
v -0.859876 -0.551302 -0.042944
v -0.837971 -0.450346 -0.393329
v -0.832744 -0.574027 -0.074725
v -0.841663 -0.492914 -0.335572
v -0.826452 -0.526059 -0.311995
v -0.840344 -0.504365 -0.320200
v -0.846212 -0.564885 -0.030553
v -0.832484 -0.392608 -0.441470
v -0.840344 -0.418644 -0.412135
v -0.826793 -0.580484 -0.012696
v -0.820015 -0.577095 -0.148298
v -0.820482 -0.432483 -0.442119
v -0.814930 -0.587185 -0.057590
v -0.805725 -0.567250 -0.251800
v -0.816296 -0.517065 -0.354377
v -0.816840 -0.481165 -0.405045
v -0.809195 -0.578536 -0.190489
v -0.810592 -0.587895 -0.098104
v -0.795384 -0.563058 -0.295111
v -0.793460 -0.516227 -0.403138
v -0.793481 -0.531800 -0.375820
v -0.793650 -0.599699 0.014643
v -0.789492 -0.483066 -0.453798
v -0.793612 -0.548470 -0.339632
v -0.778661 -0.584187 -0.261896
v -0.785994 -0.598053 -0.140568
v -0.783051 -0.593658 -0.195225
v -0.793721 -0.598014 -0.081994
v -0.773683 -0.510066 -0.448377
v -0.769396 -0.606050 -0.126849
v -0.773983 -0.557119 -0.362144
v -0.754735 -0.576729 -0.349418
v -0.760402 -0.584364 -0.309512
v -0.739002 -0.597995 -0.297822
v -0.749129 -0.545180 -0.433697
v -0.750853 -0.607751 -0.191929
v -0.746944 -0.611617 -0.159409
v -0.742681 -0.510334 -0.496747
v -0.750164 -0.563328 -0.394179
v -0.736157 -0.618850 -0.030266
v -0.726139 -0.573072 -0.413671
v -0.720524 -0.607933 -0.279093
v -0.716880 -0.537182 -0.496145
v -0.708630 -0.615242 -0.243985
v -0.708028 -0.621370 -0.152306
v -0.721524 -0.588339 -0.377296
v -0.712419 -0.599445 -0.349304
v -0.703820 -0.586335 -0.414928
v -0.695076 -0.607892 -0.337612
v -0.726068 -0.621241 0.033896
v -0.699383 -0.573577 -0.455327
v -0.674901 -0.601756 -0.406252
v -0.664742 -0.586309 -0.473433
v -0.646161 -0.615218 -0.380653
v -0.654604 -0.625280 -0.254149
v -0.675702 -0.628992 0.014647
v -0.635045 -0.629090 -0.222627
v -0.629779 -0.609688 -0.438443
v -0.609668 -0.621245 -0.392489
v -0.577092 -0.628920 -0.348094
v -0.536979 -0.617003 -0.509625
v -0.536543 -0.626747 -0.434994
v -0.517156 -0.631114 -0.387640
v -0.862453 -0.136845 -0.372748
v -0.881713 -0.189166 -0.345836
v -0.883227 -0.072163 -0.277913
v -0.872478 -0.086107 -0.320066
v -0.859706 -0.198138 -0.399141
v -0.854091 -0.101879 -0.374694
v -0.849114 -0.060738 -0.361060
v -0.852179 -0.273450 -0.425994
v -0.845484 -0.163681 -0.418694
v -0.856460 -0.330997 -0.412247
v -0.840413 -0.320260 -0.446393
v -0.842016 -0.215404 -0.438689
v -0.834335 -0.116242 -0.422592
v -0.836193 -0.034713 -0.371792
v -0.824899 -0.251259 -0.475081
v -0.832317 -0.287104 -0.463943
v -0.820849 -0.045126 -0.411199
v -0.813074 -0.320266 -0.494121
v -0.820602 -0.077522 -0.430232
v -0.813112 -0.168843 -0.479004
v -0.812286 -0.214912 -0.491172
v -0.803299 -0.287775 -0.512045
v -0.804517 -0.259523 -0.509294
v -0.793455 -0.141244 -0.502724
v -0.795464 -0.091669 -0.480886
v -0.785613 -0.211499 -0.531994
v -0.796750 -0.054851 -0.460509
v -0.782149 -0.337740 -0.538776
v -0.778493 -0.265643 -0.548399
v -0.775183 -0.310467 -0.552129
v -0.775866 -0.006491 -0.465074
v -0.763945 -0.075402 -0.522106
v -0.761360 -0.111623 -0.540418
v -0.752742 -0.042004 -0.521805
v -0.770503 -0.230517 -0.556371
v -0.762636 -0.190360 -0.560508
v -0.757321 -0.282471 -0.577545
v -0.757769 0.058385 -0.445022
v -0.739494 0.016296 -0.505749
v -0.746379 -0.247592 -0.590079
v -0.740297 -0.311726 -0.597865
v -0.740622 -0.095357 -0.562542
v -0.738266 -0.199790 -0.593859
v -0.725048 -0.227156 -0.613848
v -0.727007 -0.136847 -0.593326
v -0.717256 0.004698 -0.543566
v -0.714553 -0.292834 -0.629301
v -0.715220 -0.171222 -0.615664
v -0.711388 -0.050994 -0.580641
v -0.686581 0.050381 -0.552300
v -0.711810 -0.259714 -0.631841
v -0.701199 -0.117539 -0.617736
v -0.685832 -0.079169 -0.621764
v -0.675073 -0.200273 -0.664340
v -0.696023 -0.022164 -0.584796
v -0.681604 -0.155171 -0.648929
v -0.676286 0.032018 -0.576723
v -0.661361 -0.011334 -0.617953
v -0.671898 -0.261503 -0.673723
v -0.661802 -0.107578 -0.656419
v -0.654840 -0.136844 -0.671433
v -0.640826 0.012957 -0.626440
v -0.645905 0.073788 -0.583450
v -0.606259 -0.000258 -0.666744
v -0.613807 -0.122124 -0.705535
v -0.575406 0.106781 -0.630985
v -0.840208 -0.366287 -0.436246
v -0.814488 -0.355951 -0.485280
v -0.799158 -0.414058 -0.489309
v -0.791321 -0.447010 -0.481950
v -0.795520 -0.464880 -0.460957
v -0.781666 -0.372096 -0.531854
v -0.774570 -0.408147 -0.529040
v -0.773785 -0.428028 -0.520527
v -0.760840 -0.476097 -0.505823
v -0.764258 -0.457780 -0.515483
v -0.752509 -0.418627 -0.554671
v -0.760849 -0.376825 -0.559241
v -0.745452 -0.446859 -0.548670
v -0.753337 -0.349522 -0.575721
v -0.726034 -0.394381 -0.598208
v -0.730882 -0.501673 -0.523135
v -0.713384 -0.471419 -0.572865
v -0.770073 -0.523240 -0.435360
v -0.715333 -0.358303 -0.620685
v -0.703571 -0.495821 -0.564178
v -0.693514 -0.406341 -0.632018
v -0.703566 -0.325368 -0.639176
v -0.699323 -0.442933 -0.608589
v -0.678085 -0.458384 -0.623562
v -0.687692 -0.518757 -0.559340
v -0.675800 -0.548813 -0.532875
v -0.716552 -0.560782 -0.455927
v -0.655244 -0.432562 -0.661826
v -0.672329 -0.379856 -0.662592
v -0.671246 -0.576508 -0.488390
v -0.668075 -0.495546 -0.606351
v -0.657758 -0.407058 -0.669351
v -0.646114 -0.313689 -0.697932
v -0.658259 -0.515672 -0.597254
v -0.652712 -0.451656 -0.654664
v -0.661616 -0.531169 -0.574976
v -0.616687 -0.567125 -0.571791
v -0.640642 -0.502521 -0.629549
v -0.639047 -0.551611 -0.572215
v -0.635152 -0.473156 -0.658598
v -0.633470 -0.366593 -0.702735
v -0.645087 -0.578405 -0.517013
v -0.622847 -0.521234 -0.628710
v -0.616496 -0.330993 -0.722897
v -0.622447 -0.254915 -0.719068
v -0.611677 -0.506187 -0.654612
v -0.592891 -0.564809 -0.600211
v -0.631584 -0.598886 -0.479298
v -0.597209 -0.584546 -0.558136
v -0.594757 -0.403159 -0.727271
v -0.600984 -0.536440 -0.632209
v -0.579083 -0.457077 -0.717715
v -0.551579 -0.607210 -0.539866
v -0.531724 -0.621415 -0.487179
v -0.550252 -0.560816 -0.645470
v -0.529567 -0.584146 -0.623330
v -0.549198 -0.591984 -0.588261
v -0.552581 -0.515874 -0.696250
v -0.439659 -0.629092 -0.503113
v -0.347361 -0.631071 -0.542475
v -0.497182 -0.633077 -0.331335
v -0.422712 0.129492 -0.729693
v -0.403983 0.091460 -0.763073
v -0.385085 0.157885 -0.732463
v -0.406069 0.031127 -0.793066
v -0.366380 0.053781 -0.801341
v -0.351301 0.106551 -0.779920
v -0.331787 0.013883 -0.834097
v -0.299969 0.115897 -0.795430
v -0.347850 -0.087431 -0.862044
v -0.363060 -0.023572 -0.835951
v -0.294694 -0.068549 -0.876350
v -0.332830 -0.151329 -0.881175
v -0.302498 -0.111476 -0.884309
v -0.281193 -0.004761 -0.859577
v -0.301301 -0.168954 -0.894926
v -0.287050 0.058352 -0.830146
v -0.259572 0.099586 -0.818340
v -0.266708 -0.023095 -0.870949
v -0.260497 -0.126895 -0.900658
v -0.230262 -0.190187 -0.918330
v -0.314202 -0.217826 -0.896046
v -0.237671 -0.068976 -0.893561
v -0.220543 0.064063 -0.847579
v -0.223367 -0.042807 -0.889550
v -0.193063 -0.140885 -0.919905
v -0.190519 0.022725 -0.873190
v -0.191752 -0.065622 -0.903471
v -0.181504 0.110261 -0.834445
v -0.193054 -0.181844 -0.925799
v -0.184609 -0.026466 -0.892902
v -0.193099 0.202793 -0.778190
v -0.161976 0.052435 -0.866333
v -0.140519 0.093430 -0.850634
v -0.131246 0.036080 -0.878609
v -0.126038 -0.104536 -0.924110
v -0.111123 -0.043339 -0.910112
v -0.153470 0.148701 -0.818964
v -0.120871 -0.152604 -0.933651
v -0.109293 -0.005126 -0.897645
v -0.078060 0.118956 -0.845573
v -0.079973 0.071804 -0.869028
v -0.090368 0.018926 -0.890784
v -0.061909 0.144142 -0.833317
v -0.064894 -0.099766 -0.929128
v -0.087758 -0.170013 -0.939792
v -0.052668 0.017147 -0.894489
v -0.036976 -0.058292 -0.920282
v -0.048791 -0.125477 -0.935421
v -0.027331 0.047657 -0.883154
v -0.031712 0.138230 -0.838174
v -0.030138 -0.184825 -0.945298
v -0.010249 -0.023961 -0.910574
v 0.010369 0.076832 -0.870540
v 0.050007 0.143212 -0.834341
v 0.040987 0.010492 -0.897581
v 0.034397 0.105469 -0.855860
v 0.054079 -0.151143 -0.939492
v -0.653464 -0.234425 -0.689579
v -0.595655 -0.219297 -0.738680
v -0.594114 -0.169584 -0.732703
v -0.633332 -0.184506 -0.701622
v -0.584004 -0.365707 -0.744628
v -0.600674 -0.293935 -0.738338
v -0.579960 -0.310519 -0.754059
v -0.588174 -0.034918 -0.698045
v -0.619905 -0.045530 -0.674523
v -0.571568 -0.075783 -0.726779
v -0.575793 -0.263701 -0.757512
v -0.564108 -0.137914 -0.749734
v -0.553471 -0.182380 -0.765961
v -0.615868 -0.406081 -0.708566
v -0.592347 -0.440239 -0.715330
v -0.591588 0.056475 -0.649171
v -0.563072 0.046588 -0.679172
v -0.515175 -0.021898 -0.748877
v -0.560960 0.090277 -0.654635
v -0.550452 -0.309304 -0.775752
v -0.515405 -0.085366 -0.771360
v -0.534215 -0.216868 -0.783882
v -0.528376 -0.375756 -0.783333
v -0.507331 0.067909 -0.709794
v -0.539733 -0.056992 -0.744551
v -0.529258 -0.153912 -0.778207
v -0.526817 -0.294670 -0.792417
v -0.500349 -0.115379 -0.789271
v -0.504575 0.109619 -0.687141
v -0.512458 -0.320276 -0.800823
v -0.494551 -0.212504 -0.809165
v -0.484004 -0.021837 -0.770383
v -0.491550 -0.279066 -0.814953
v -0.493632 -0.358317 -0.808866
v -0.451667 -0.067995 -0.806198
v -0.472627 -0.315347 -0.825559
v -0.472012 -0.154904 -0.814789
v -0.466392 0.013302 -0.766467
v -0.459122 -0.120492 -0.815556
v -0.457973 -0.264177 -0.834257
v -0.470941 -0.390264 -0.816863
v -0.447575 0.053852 -0.758018
v -0.445956 -0.354295 -0.836980
v -0.448963 -0.011902 -0.788084
v -0.422699 -0.210512 -0.849636
v -0.427395 -0.328074 -0.849313
v -0.412134 -0.050984 -0.822278
v -0.424812 -0.120332 -0.834355
v -0.417346 -0.286130 -0.856114
v -0.386495 -0.002169 -0.817241
v -0.402458 -0.088071 -0.837972
v -0.400725 -0.260819 -0.863774
v -0.391476 -0.170020 -0.859757
v -0.381681 -0.120436 -0.855428
v -0.379326 -0.301729 -0.873291
v -0.352374 -0.240027 -0.883441
v -0.344943 -0.180020 -0.880749
v -0.349506 -0.304683 -0.885359
v -0.250607 -0.224132 -0.916229
v -0.235436 -0.299789 -0.922431
v -0.210786 -0.336854 -0.926597
v -0.267464 -0.463641 -0.881241
v -0.261543 -0.494042 -0.867112
v -0.251613 -0.404008 -0.906149
v -0.191759 -0.382815 -0.924910
v -0.204070 -0.418841 -0.914365
v -0.209553 -0.456161 -0.900234
v -0.184521 -0.227367 -0.931911
v -0.202136 -0.297109 -0.930342
v -0.184794 -0.432741 -0.914105
v -0.190120 -0.485101 -0.890548
v -0.169805 -0.461758 -0.905886
v -0.169223 -0.517917 -0.873587
v -0.145394 -0.300769 -0.940713
v -0.166434 -0.336813 -0.935423
v -0.171296 -0.407089 -0.923817
v -0.125763 -0.244355 -0.942501
v -0.141974 -0.198317 -0.936623
v -0.142394 -0.442961 -0.917886
v -0.150276 -0.380744 -0.932742
v -0.118535 -0.325680 -0.943544
v -0.091733 -0.453182 -0.920346
v -0.075749 -0.272353 -0.948903
v -0.087372 -0.376331 -0.941567
v -0.086860 -0.423617 -0.931025
v -0.067333 -0.326126 -0.948698
v -0.087048 -0.202029 -0.943625
v -0.038304 -0.358425 -0.947521
v -0.060151 -0.439279 -0.928316
v -0.041473 -0.390481 -0.942315
v -0.043536 -0.236955 -0.949484
v -0.024086 -0.286488 -0.951868
v -0.014644 -0.339775 -0.950059
v -0.033180 -0.489865 -0.907895
v -0.010119 -0.447114 -0.928028
v -0.002932 -0.399918 -0.941402
v -0.000982 -0.371957 -0.946422
v 0.013660 -0.201397 -0.947493
v 0.009264 -0.461129 -0.922701
v 0.028175 -0.239297 -0.950190
v 0.009755 -0.486492 -0.910774
v 0.019767 -0.271740 -0.951759
v 0.028558 -0.420767 -0.935818
v 0.037894 -0.384167 -0.943532
v 0.024679 -0.342858 -0.949475
v 0.004884 -0.124410 -0.936413
v 0.065606 -0.426606 -0.931922
v 0.071026 -0.299545 -0.949254
v 0.069281 -0.244669 -0.948357
v 0.072184 -0.369095 -0.943716
v 0.088786 -0.342694 -0.945306
v 0.113083 -0.423462 -0.927701
v 0.123917 -0.404124 -0.931206
v 0.134742 -0.308518 -0.941764
v 0.144826 -0.375283 -0.933752
v 0.159335 -0.424512 -0.920212
v -0.185451 -0.568472 -0.822429
v -0.224472 -0.547353 -0.835438
v -0.173732 -0.552910 -0.841978
v -0.157096 -0.538148 -0.859162
v -0.215280 -0.582474 -0.795611
v -0.160081 -0.576407 -0.817742
v -0.185352 -0.591600 -0.788522
v -0.134875 -0.592155 -0.797791
v -0.188405 -0.600171 -0.770772
v -0.133813 -0.525927 -0.873467
v -0.117034 -0.568051 -0.835277
v -0.126873 -0.509039 -0.886872
v -0.113261 -0.600299 -0.785014
v -0.084465 -0.535681 -0.871544
v -0.081226 -0.576575 -0.828698
v -0.064431 -0.592096 -0.806235
v -0.042259 -0.518148 -0.889085
v -0.088751 -0.559146 -0.848456
v -0.083921 -0.491353 -0.902968
v -0.034659 -0.615291 -0.750787
v 0.007983 -0.623263 -0.715965
v -0.035145 -0.580593 -0.825967
v -0.037088 -0.564664 -0.845953
v -0.006838 -0.600012 -0.792850
v -0.039344 -0.541058 -0.869923
v 0.002926 -0.578731 -0.828971
v 0.144969 -0.633079 -0.575487
v -0.016585 -0.520039 -0.888745
v 0.023056 -0.562906 -0.848125
v 0.045046 -0.587757 -0.813902
v 0.023423 -0.535720 -0.875489
v 0.017573 -0.607931 -0.773716
v 0.047735 -0.615492 -0.748931
v -0.040252 -0.472929 -0.916166
v 0.044474 -0.627163 -0.689014
v 0.110536 -0.599947 -0.785875
v 0.027309 -0.507919 -0.897237
v 0.075162 -0.578253 -0.825862
v 0.057721 -0.492812 -0.904641
v 0.047946 -0.454195 -0.923866
v 0.087111 -0.541529 -0.865702
v 0.083137 -0.516195 -0.887118
v 0.130437 -0.565154 -0.835766
v 0.100735 -0.481161 -0.906595
v 0.118969 -0.509480 -0.887568
v 0.191366 -0.619432 -0.709990
v 0.152233 -0.487919 -0.895631
v 0.175708 -0.598055 -0.778139
v 0.170285 -0.529663 -0.863577
v 0.204110 -0.580471 -0.801386
v -0.620346 -0.454628 -0.683766
v -0.582731 -0.527919 -0.658839
v -0.573241 -0.497554 -0.695460
v -0.543149 -0.437353 -0.754725
v -0.541607 -0.477216 -0.734824
v -0.513673 -0.511668 -0.729403
v -0.510107 -0.456062 -0.768794
v -0.554276 -0.413894 -0.755294
v -0.480415 -0.439395 -0.795430
v -0.476131 -0.537467 -0.729719
v -0.565886 -0.539974 -0.659616
v -0.482323 -0.560523 -0.697979
v -0.525620 -0.576726 -0.640801
v -0.480717 -0.572546 -0.682009
v -0.475283 -0.416881 -0.807041
v -0.500999 -0.494142 -0.752030
v -0.476322 -0.482179 -0.775760
v -0.492211 -0.393386 -0.803258
v -0.484848 -0.601787 -0.617685
v -0.462595 -0.609794 -0.609080
v -0.465473 -0.620234 -0.557490
v -0.445631 -0.597297 -0.658404
v -0.471933 -0.523606 -0.746635
v -0.439810 -0.468810 -0.804928
v -0.441549 -0.558252 -0.727466
v -0.435886 -0.588372 -0.684526
v -0.449929 -0.501159 -0.778645
v -0.430103 -0.416086 -0.832247
v -0.425209 -0.444044 -0.824597
v -0.428052 -0.386578 -0.840882
v -0.421470 -0.577751 -0.712321
v -0.415854 -0.459319 -0.822396
v -0.406635 -0.603900 -0.666964
v -0.379896 -0.619410 -0.625897
v -0.405117 -0.539611 -0.770099
v -0.393308 -0.514235 -0.799288
v -0.358084 -0.597884 -0.709954
v -0.297753 -0.633064 -0.516152
v -0.398139 -0.483996 -0.817774
v -0.398332 -0.392436 -0.853939
v -0.374843 -0.454924 -0.844080
v -0.382510 -0.333925 -0.869978
v -0.366092 -0.576579 -0.744761
v -0.357991 -0.627233 -0.587174
v -0.376565 -0.498482 -0.818989
v -0.369219 -0.472320 -0.838103
v -0.340751 -0.552439 -0.787850
v -0.351128 -0.355287 -0.880771
v -0.358417 -0.611632 -0.670754
v -0.347223 -0.404128 -0.873288
v -0.339745 -0.437419 -0.866139
v -0.368949 -0.589752 -0.721126
v -0.353517 -0.536291 -0.798997
v -0.341604 -0.565100 -0.772308
v -0.332110 -0.605697 -0.702817
v -0.324739 -0.458004 -0.863732
v -0.318848 -0.385855 -0.888136
v -0.329243 -0.511972 -0.830270
v -0.307032 -0.493566 -0.851825
v -0.296590 -0.592477 -0.749716
v -0.292243 -0.627154 -0.623541
v -0.303581 -0.541529 -0.814969
v -0.303538 -0.413967 -0.887057
v -0.223622 -0.628952 -0.634701
v -0.289456 -0.578609 -0.776129
v -0.266766 -0.619424 -0.684538
v -0.301087 -0.284058 -0.903232
v -0.295724 -0.446090 -0.879252
v -0.255708 -0.363185 -0.912428
v -0.287541 -0.507411 -0.849701
v -0.267490 -0.321004 -0.912824
v -0.266743 -0.523719 -0.844300
v -0.095263 -0.631088 -0.631107
v -0.245243 -0.601570 -0.750706
v -0.260672 -0.555502 -0.815919
v -0.265264 -0.540134 -0.830155
v -0.235424 -0.437716 -0.900847
v -0.233327 -0.514254 -0.861757
v -0.239389 -0.570102 -0.805510
v -0.230308 -0.480124 -0.883914
v -0.215915 -0.615517 -0.719594
v -0.177930 -0.623206 -0.695032
v -0.206057 -0.504532 -0.875412
v -0.110761 -0.617421 -0.735427
v -0.082996 -0.624743 -0.702028
vn -0.9997 0.0111 0.0232
vn -0.9980 0.0614 0.0129
vn -0.9994 -0.0011 -0.0348
vn -0.9986 -0.0521 -0.0105
vn -0.9963 -0.0587 0.0633
vn -0.9971 0.0351 -0.0668
vn -0.9973 -0.0705 0.0217
vn -0.9956 0.0142 0.0923
vn -0.9956 0.0674 0.0656
vn -0.9970 0.0762 -0.0166
vn -0.9951 -0.0722 -0.0681
vn -0.9935 -0.0164 -0.1126
vn -0.9906 0.1226 0.0602
vn -0.9932 0.1163 -0.0071
vn -0.9907 0.0831 0.1080
vn -0.9920 0.1066 -0.0679
vn -0.9901 -0.1399 -0.0112
vn -0.9910 -0.0460 0.1258
vn -0.9882 -0.0887 -0.1250
vn -0.9848 -0.1615 0.0645
vn -0.9899 0.0886 -0.1108
vn -0.9876 -0.1340 -0.0816
vn -0.9891 -0.0974 0.1104
vn -0.9886 0.0174 -0.1493
vn -0.9917 0.0192 0.1273
vn -0.9802 -0.1890 -0.0596
vn -0.9828 -0.1522 0.1043
vn -0.9713 -0.2373 0.0158
vn -0.9861 0.1587 -0.0493
vn -0.9868 -0.0382 -0.1576
vn -0.9847 0.1705 0.0348
vn -0.9776 -0.1694 -0.1252
vn -0.9860 0.1460 -0.0806
vn -0.9836 0.0719 0.1652
vn -0.9760 -0.1268 0.1771
vn -0.9832 0.0930 -0.1571
vn -0.9814 -0.0295 0.1899
vn -0.9647 -0.2598 -0.0425
vn -0.9840 0.1768 -0.0236
vn -0.9779 0.0038 -0.2091
vn -0.9808 0.1442 -0.1313
vn -0.9744 -0.1289 -0.1841
vn -0.9647 -0.2482 -0.0880
vn -0.9604 -0.2454 0.1320
vn -0.9820 0.1458 0.1199
vn -0.9395 -0.3390 -0.0491
vn -0.9776 0.0734 -0.1975
vn -0.9631 -0.2563 0.0820
vn -0.9756 0.0014 0.2196
vn -0.9730 0.2056 0.1050
vn -0.9742 0.1999 -0.1047
vn -0.9505 -0.3088 0.0342
vn -0.9616 -0.1850 -0.2029
vn -0.9481 -0.2964 -0.1156
vn -0.9670 0.2446 -0.0707
vn -0.9699 -0.0941 -0.2246
vn -0.9668 0.2499 0.0527
vn -0.9737 0.1408 -0.1791
vn -0.9704 -0.0843 0.2264
vn -0.9760 0.0613 0.2091
vn -0.9748 0.1238 0.1854
vn -0.9669 0.2553 -0.0032
vn -0.9793 0.1578 -0.1271
vn -0.9709 0.0257 -0.2381
vn -0.9701 0.1064 0.2183
vn -0.9588 -0.2054 0.1963
vn -0.9158 -0.3992 -0.0448
vn -0.9293 -0.3584 0.0893
vn -0.9618 -0.1524 0.2275
vn -0.9650 0.1893 0.1816
vn -0.9648 -0.0159 -0.2626
vn -0.9619 0.2385 -0.1338
vn -0.9590 0.2807 -0.0398
vn -0.9119 -0.3998 -0.0928
vn -0.9109 -0.4126 -0.0002
vn -0.9350 -0.3120 0.1688
vn -0.9648 0.1453 -0.2193
vn -0.9577 -0.1570 -0.2411
vn -0.9125 -0.4066 0.0440
vn -0.9352 -0.3007 -0.1871
vn -0.9658 0.0504 0.2545
vn -0.9160 -0.3765 0.1387
vn -0.9557 -0.0619 0.2878
vn -0.9617 0.0913 -0.2585
vn -0.9278 -0.3447 -0.1424
vn -0.9615 -0.0804 -0.2627
vn -0.9550 0.2967 -0.0006
vn -0.9561 0.2149 -0.1992
vn -0.9561 0.0174 0.2925
vn -0.9544 0.1566 0.2542
vn -0.9495 0.3100 0.0486
vn -0.9582 0.2696 0.0953
vn -0.8814 -0.4712 -0.0326
vn -0.9416 -0.2262 -0.2493
vn -0.9504 0.2933 -0.1037
vn -0.9574 0.0423 -0.2855
vn -0.9482 0.2034 0.2441
vn -0.9550 0.2523 0.1560
vn -0.9532 0.1314 -0.2724
vn -0.9338 -0.2743 0.2296
vn -0.9425 -0.1171 -0.3129
vn -0.9507 0.1230 0.2846
vn -0.9415 -0.2141 0.2602
vn -0.9456 -0.1354 0.2957
vn -0.9514 0.1774 -0.2519
vn -0.8958 -0.4073 -0.1779
vn -0.8646 -0.4992 -0.0575
vn -0.8701 -0.4853 0.0862
vn -0.8670 -0.4962 0.0462
vn -0.9492 0.2703 -0.1611
vn -0.9050 -0.3719 0.2065
vn -0.9503 0.0945 0.2965
vn -0.9440 0.0974 -0.3151
vn -0.9445 0.2451 0.2188
vn -0.9344 0.3406 0.1045
vn -0.9424 -0.0498 -0.3307
vn -0.8837 -0.4491 -0.1318
vn -0.9064 -0.3585 -0.2232
vn -0.9412 0.0253 -0.3369
vn -0.9187 -0.2038 -0.3383
vn -0.9306 0.3310 -0.1565
vn -0.9392 0.3083 0.1510
vn -0.9316 0.3576 -0.0655
vn -0.9381 0.2113 -0.2745
vn -0.9116 -0.3207 0.2574
vn -0.9385 0.1753 -0.2976
vn -0.9385 0.0570 0.3407
vn -0.8711 -0.4670 0.1522
vn -0.9352 0.2713 -0.2276
vn -0.9405 -0.0336 0.3380
vn -0.9350 0.0282 0.3536
vn -0.8540 -0.5097 -0.1044
vn -0.9260 0.3774 0.0084
vn -0.8381 -0.5314 0.1235
vn -0.8338 -0.5521 0.0005
vn -0.8104 -0.5837 0.0505
vn -0.9205 0.3883 -0.0442
vn -0.9349 0.1533 0.3202
vn -0.9335 -0.1134 0.3403
vn -0.9200 0.3597 0.1553
vn -0.9315 0.0974 0.3504
vn -0.9237 0.3619 -0.1260
vn -0.9331 0.2088 0.2928
vn -0.9207 0.3862 0.0560
vn -0.9283 0.2623 0.2634
vn -0.9273 0.3052 0.2166
vn -0.9060 -0.3112 -0.2870
vn -0.8725 -0.4351 -0.2225
vn -0.8050 -0.5911 -0.0500
vn -0.8907 -0.3751 0.2567
vn -0.8615 -0.4502 0.2346
vn -0.9124 0.3912 0.1202
vn -0.8445 -0.5009 -0.1895
vn -0.9212 -0.1053 -0.3747
vn -0.9206 0.3262 -0.2147
vn -0.7759 -0.6241 0.0927
vn -0.9236 -0.0168 -0.3830
vn -0.9275 0.1045 -0.3590
vn -0.8188 -0.5544 0.1489
vn -0.9191 -0.2175 0.3287
vn -0.9098 -0.2860 0.3008
vn -0.9140 0.2221 -0.3395
vn -0.7813 -0.6110 -0.1278
vn -0.9260 0.1631 -0.3404
vn -0.9229 0.2315 -0.3076
vn -0.8961 0.4438 0.0051
vn -0.9277 0.0528 -0.3696
vn -0.9073 -0.1989 0.3704
vn -0.9029 0.3911 -0.1785
vn -0.7568 -0.6537 0.0024
vn -0.9029 0.4138 -0.1163
vn -0.9004 -0.2693 -0.3417
vn -0.9118 0.1268 0.3906
vn -0.8817 -0.3534 0.3126
vn -0.9135 0.2998 -0.2749
vn -0.9143 0.2050 0.3494
vn -0.9074 -0.0909 0.4104
vn -0.9042 0.3057 0.2984
vn -0.9007 0.2576 0.3498
vn -0.9080 0.0517 0.4158
vn -0.9005 0.3417 0.2690
vn -0.9085 -0.0261 0.4171
vn -0.9047 0.3709 0.2097
vn -0.8117 -0.5486 0.2007
vn -0.8966 0.4094 0.1686
vn -0.8965 -0.1820 -0.4039
vn -0.8894 0.1967 0.4127
vn -0.8719 -0.3873 -0.2996
vn -0.8483 -0.4558 0.2695
vn -0.8871 -0.2647 -0.3781
vn -0.8851 0.4623 -0.0531
vn -0.8087 -0.5417 -0.2292
vn -0.9019 0.0967 0.4209
vn -0.8915 -0.2717 0.3626
vn -0.9041 0.0122 -0.4271
vn -0.8997 -0.1421 0.4128
vn -0.9043 0.4226 0.0610
vn -0.7339 -0.6781 -0.0390
vn -0.7565 -0.6499 -0.0726
vn -0.8905 0.3862 -0.2406
vn -0.9051 0.1541 -0.3962
vn -0.8948 0.3388 -0.2907
vn -0.8411 -0.4443 -0.3086
vn -0.7264 -0.6840 0.0663
vn -0.8031 -0.5332 -0.2657
vn -0.8918 0.4514 0.0308
vn -0.7679 -0.6138 0.1832
vn -0.9037 -0.0792 -0.4208
vn -0.8171 -0.5198 0.2493
vn -0.8967 0.2926 -0.3321
vn -0.8867 0.4476 0.1159
vn -0.8761 -0.3376 -0.3443
vn -0.9039 0.0980 -0.4163
vn -0.7362 -0.6678 0.1094
vn -0.7651 -0.6036 -0.2242
vn -0.8882 0.2155 -0.4058
vn -0.8802 0.4265 -0.2083
vn -0.8929 0.2418 -0.3797
vn -0.8904 0.3102 0.3331
vn -0.8234 -0.4833 0.2973
vn -0.8831 0.4002 0.2450
vn -0.7485 -0.6246 0.2229
vn -0.8837 0.1428 0.4457
vn -0.8830 -0.1614 0.4408
vn -0.8689 0.4896 0.0733
vn -0.8751 0.4586 -0.1544
vn -0.8807 0.1499 -0.4493
vn -0.8659 -0.2532 0.4314
vn -0.8603 -0.3327 0.3863
vn -0.8793 0.3666 0.3041
vn -0.8296 -0.4252 0.3619
vn -0.6897 -0.7182 -0.0924
vn -0.7108 -0.6733 -0.2034
vn -0.8811 0.0235 0.4723
vn -0.6834 -0.7285 0.0481
vn -0.8332 -0.4201 -0.3595
vn -0.6776 -0.7188 -0.1557
vn -0.6889 -0.7105 0.1439
vn -0.8748 -0.0337 0.4833
vn -0.8693 0.3544 -0.3444
vn -0.8799 -0.0710 -0.4698
vn -0.7750 -0.5591 0.2945
vn -0.8890 -0.0750 0.4518
vn -0.8579 0.4739 0.1983
vn -0.8713 0.0976 0.4810
vn -0.7832 -0.5203 0.3404
vn -0.8635 0.4800 0.1551
vn -0.6642 -0.7475 -0.0134
vn -0.8757 0.2795 0.3938
vn -0.8790 0.0925 -0.4678
vn -0.8422 -0.3541 -0.4065
vn -0.6274 -0.7768 -0.0542
vn -0.8591 -0.1161 0.4985
vn -0.8630 0.1869 -0.4694
vn -0.7907 -0.5051 -0.3460
vn -0.6426 -0.7601 0.0967
vn -0.8645 0.4080 -0.2935
vn -0.8823 -0.1408 -0.4492
vn -0.7013 -0.6824 0.2062
vn -0.8743 0.2947 -0.3856
vn -0.7132 -0.6531 -0.2544
vn -0.8636 0.0518 -0.5015
vn -0.6349 -0.7723 0.0228
vn -0.8570 0.4763 -0.1965
vn -0.7742 -0.5622 -0.2908
vn -0.8635 0.5040 -0.0199
vn -0.8649 -0.1982 -0.4612
vn -0.8365 -0.3374 0.4317
vn -0.8703 -0.2594 -0.4187
vn -0.8528 0.3682 0.3703
vn -0.8732 0.1983 0.4453
vn -0.8146 -0.4280 0.3915
vn -0.8677 0.2447 0.4326
vn -0.8617 -0.2034 0.4649
vn -0.5759 -0.8149 0.0654
vn -0.8573 0.1463 0.4935
vn -0.5834 -0.8119 -0.0199
vn -0.8477 0.4504 -0.2803
vn -0.8696 -0.0100 -0.4936
vn -0.8482 0.0769 0.5240
vn -0.7307 -0.6189 0.2883
vn -0.5693 -0.8170 -0.0919
vn -0.8365 -0.2785 0.4719
vn -0.8514 0.1940 0.4874
vn -0.8509 0.4727 -0.2291
vn -0.8557 0.4315 0.2855
vn -0.8642 0.2655 -0.4274
vn -0.8413 -0.3096 -0.4432
vn -0.8456 -0.0730 -0.5288
vn -0.8530 0.4617 0.2434
vn -0.8504 -0.1352 -0.5085
vn -0.8557 0.2442 -0.4562
vn -0.8592 0.1456 -0.4906
vn -0.8617 0.4936 -0.1173
vn -0.8275 0.4452 -0.3421
vn -0.8437 -0.0107 0.5368
vn -0.8490 0.5206 -0.0899
vn -0.8522 0.5023 0.1467
vn -0.6984 -0.6764 0.2339
vn -0.8421 0.4252 0.3317
vn -0.5100 -0.8599 -0.0206
vn -0.6557 -0.7247 -0.2116
vn -0.6370 -0.7494 0.1808
vn -0.7424 -0.5801 -0.3352
vn -0.8362 0.3189 0.4461
vn -0.8439 0.3680 -0.3903
vn -0.8486 0.1060 -0.5184
vn -0.8074 -0.4107 0.4235
vn -0.5894 -0.7970 0.1319
vn -0.7880 -0.4660 -0.4023
vn -0.8421 -0.0113 -0.5392
vn -0.8430 -0.1822 0.5061
vn -0.8236 0.5201 0.2262
vn -0.6043 -0.7665 0.2174
vn -0.8289 0.3661 0.4230
vn -0.4832 -0.8751 0.0278
vn -0.8276 0.5023 0.2504
vn -0.5593 -0.8145 -0.1540
vn -0.5244 -0.8490 -0.0652
vn -0.7722 -0.4864 0.4089
vn -0.8320 0.4142 0.3691
vn -0.6752 -0.6869 0.2689
vn -0.8231 0.5526 -0.1308
vn -0.8338 0.5217 -0.1807
vn -0.7942 -0.4036 -0.4542
vn -0.6240 -0.7438 -0.2394
vn -0.8303 0.3318 -0.4478
vn -0.8198 0.5218 -0.2361
vn -0.5078 -0.8544 0.1103
vn -0.8317 0.5395 0.1314
vn -0.8445 0.5325 0.0565
vn -0.7480 -0.5490 -0.3730
vn -0.8311 0.2767 0.4824
vn -0.8295 -0.2282 -0.5098
vn -0.5139 -0.8552 0.0671
vn -0.8390 0.0529 -0.5415
vn -0.8129 0.4216 0.4018
vn -0.8105 0.5093 -0.2892
vn -0.6799 -0.6516 -0.3364
vn -0.8033 -0.3811 0.4577
vn -0.5553 -0.8148 0.1665
vn -0.8213 0.4844 0.3013
vn -0.7024 -0.6216 0.3467
vn -0.4394 -0.8983 -0.0062
vn -0.8249 0.1636 -0.5411
vn -0.8215 0.4048 -0.4017
vn -0.8210 0.0628 0.5674
vn -0.7491 -0.4877 -0.4482
vn -0.7956 -0.3462 -0.4972
vn -0.8114 -0.2994 0.5019
vn -0.8343 0.2124 -0.5088
vn -0.8302 0.0983 -0.5487
vn -0.8095 -0.2371 0.5371
vn -0.8345 0.1392 0.5332
vn -0.8354 -0.0942 0.5415
vn -0.8270 0.5597 -0.0528
vn -0.6733 -0.6840 -0.2808
vn -0.8208 0.2812 -0.4972
vn -0.7990 0.4785 0.3642
vn -0.7911 0.4191 0.4455
vn -0.8215 -0.1492 -0.5503
vn -0.5255 -0.8304 -0.1851
vn -0.8146 0.3585 0.4559
vn -0.4259 -0.8999 -0.0939
vn -0.4530 -0.8829 -0.1235
vn -0.7372 -0.4930 0.4620
vn -0.8004 0.4841 -0.3536
vn -0.8099 -0.1564 0.5654
vn -0.8292 0.2183 0.5146
vn -0.8079 0.3344 0.4853
vn -0.4230 -0.9056 -0.0308
vn -0.8197 -0.0991 -0.5641
vn -0.3981 -0.9159 0.0520
vn -0.7216 -0.5467 0.4247
vn -0.8177 0.0281 -0.5749
vn -0.8131 -0.0497 -0.5800
vn -0.8006 0.3369 -0.4956
vn -0.8026 0.5587 -0.2091
vn -0.7947 0.5300 0.2960
vn -0.8009 0.5429 0.2528
vn -0.7932 -0.3226 0.5164
vn -0.7006 -0.5741 -0.4238
vn -0.3562 -0.9330 -0.0513
vn -0.6269 -0.7178 -0.3028
vn -0.7927 -0.2229 -0.5675
vn -0.7838 -0.3092 -0.5385
vn -0.7981 0.5814 -0.1581
vn -0.8107 0.5794 0.0838
vn -0.8082 0.2927 0.5110
vn -0.8067 0.4973 0.3193
vn -0.8041 0.5860 -0.1004
vn -0.8044 -0.0664 0.5904
vn -0.4891 -0.8553 0.1710
vn -0.7444 -0.4418 0.5007
vn -0.8025 0.2508 -0.5413
vn -0.8036 0.1717 -0.5698
vn -0.8063 0.5914 -0.0126
vn -0.7700 0.5279 -0.3582
vn -0.8018 0.5632 0.2000
vn -0.5582 -0.7900 -0.2538
vn -0.6293 -0.6995 0.3387
vn -0.8190 -0.0060 0.5738
vn -0.7934 0.3948 -0.4634
vn -0.3051 -0.9522 0.0177
vn -0.7809 0.2970 -0.5496
vn -0.8013 0.0777 -0.5932
vn -0.7912 0.2663 0.5506
vn -0.7301 -0.4594 -0.5058
vn -0.6276 -0.7258 0.2817
vn -0.7901 0.4514 0.4146
vn -0.8002 0.1059 0.5903
vn -0.8023 0.1986 0.5630
vn -0.6656 -0.6391 0.3853
vn -0.7861 0.4525 -0.4211
vn -0.7988 0.1455 -0.5838
vn -0.5774 -0.7801 0.2410
vn -0.7816 0.5777 -0.2352
vn -0.7527 -0.3851 -0.5340
vn -0.7022 -0.6086 -0.3694
vn -0.4709 -0.8579 -0.2055
vn -0.3205 -0.9471 -0.0175
vn -0.4033 -0.9102 0.0943
vn -0.7694 -0.3368 0.5427
vn -0.4627 -0.8622 0.2063
vn -0.7942 0.0305 0.6069
vn -0.3452 -0.9284 0.1377
vn -0.3996 -0.9053 -0.1438
vn -0.6869 -0.5606 -0.4626
vn -0.7812 0.0057 -0.6242
vn -0.2759 -0.9602 0.0427
vn -0.3250 -0.9428 0.0743
vn -0.7662 -0.2771 0.5798
vn -0.7845 0.5629 0.2602
vn -0.6743 -0.5845 0.4513
vn -0.7733 0.0602 0.6312
vn -0.5455 -0.7874 0.2873
vn -0.7680 0.3578 -0.5312
vn -0.7614 -0.2750 -0.5871
vn -0.7827 0.6018 0.1590
vn -0.6322 -0.6822 -0.3674
vn -0.7863 0.1520 0.5989
vn -0.7879 -0.1196 -0.6041
vn -0.7847 0.6188 0.0372
vn -0.7831 -0.1719 -0.5977
vn -0.7664 0.3919 0.5089
vn -0.3595 -0.9268 -0.1085
vn -0.7716 -0.0078 0.6361
vn -0.7869 0.0561 -0.6145
vn -0.2644 -0.9631 -0.0508
vn -0.7804 -0.0565 -0.6227
vn -0.7648 0.6409 -0.0662
vn -0.7699 0.3422 0.5387
vn -0.7394 -0.3371 -0.5828
vn -0.7558 -0.2388 -0.6096
vn -0.7621 0.2372 -0.6024
vn -0.7703 0.6051 -0.2010
vn -0.7798 0.1301 -0.6124
vn -0.7668 0.5648 0.3051
vn -0.7489 0.6513 0.1222
vn -0.5888 -0.7404 -0.3242
vn -0.7499 0.5420 0.3793
vn -0.7628 0.4791 0.4343
vn -0.2301 -0.9730 -0.0199
vn -0.7636 -0.1861 0.6183
vn -0.6914 -0.5293 0.4917
vn -0.7805 -0.1316 0.6112
vn -0.7328 0.6793 0.0392
vn -0.7700 0.5924 0.2368
vn -0.6645 -0.5585 -0.4965
vn -0.6248 -0.6702 0.4007
vn -0.7599 0.5068 -0.4071
vn -0.7037 -0.4320 -0.5641
vn -0.7545 0.0630 -0.6532
vn -0.7649 0.1171 0.6334
vn -0.7474 0.4172 -0.5171
vn -0.3860 -0.9124 0.1363
vn -0.7749 0.5591 -0.2949
vn -0.7638 0.4477 -0.4650
vn -0.6206 -0.6592 -0.4246
vn -0.7478 0.6637 -0.0159
vn -0.7590 0.4754 -0.4448
vn -0.5333 -0.7889 -0.3053
vn -0.3189 -0.9400 -0.1212
vn -0.5765 -0.7227 -0.3812
vn -0.7687 0.2037 0.6063
vn -0.7210 -0.4486 0.5281
vn -0.4041 -0.8900 0.2112
vn -0.7700 0.2480 0.5879
vn -0.5531 -0.7478 0.3673
vn -0.7530 0.3108 0.5799
vn -0.7532 0.6444 -0.1319
vn -0.7681 0.1816 -0.6140
vn -0.7601 0.6016 -0.2457
vn -0.7437 0.3399 -0.5756
vn -0.1939 -0.9810 0.0048
vn -0.2420 -0.9675 0.0732
vn -0.6839 0.7295 -0.0121
vn -0.2263 -0.9702 -0.0864
vn -0.5049 -0.8088 0.3014
vn -0.7322 -0.2944 0.6141
vn -0.7483 0.4500 0.4873
vn -0.1909 -0.9807 -0.0419
vn -0.7417 -0.0211 -0.6704
vn -0.7612 -0.1086 0.6394
vn -0.4545 -0.8583 -0.2381
vn -0.7545 0.6153 0.2284
vn -0.7211 -0.3637 0.5897
vn -0.7411 0.1350 -0.6577
vn -0.7551 0.5938 0.2780
vn -0.7444 0.0608 0.6649
vn -0.7419 0.1701 0.6486
vn -0.7396 0.3718 0.5610
vn -0.7354 0.6734 -0.0756
vn -0.3970 -0.8967 -0.1959
vn -0.7408 0.2373 0.6284
vn -0.6165 -0.6267 0.4766
vn -0.1622 -0.9865 0.0231
vn -0.7427 0.2819 -0.6074
vn -0.7467 0.0032 0.6651
vn -0.7519 -0.1412 -0.6440
vn -0.7346 0.6485 0.1995
vn -0.7389 0.5619 -0.3719
vn -0.7537 -0.0475 0.6555
vn -0.7323 0.6018 0.3188
vn -0.3044 -0.9399 0.1549
vn -0.7409 0.6461 -0.1834
vn -0.7266 0.6474 -0.2300
vn -0.5913 -0.6856 0.4246
vn -0.7220 0.4311 -0.5411
vn -0.7391 -0.1691 0.6520
vn -0.6730 -0.5073 -0.5382
vn -0.7270 0.5359 0.4293
vn -0.7335 0.3111 0.6043
vn -0.2429 -0.9631 0.1158
vn -0.1314 -0.9911 -0.0209
vn -0.7233 -0.2355 -0.6491
vn -0.6384 0.7694 -0.0219
vn -0.6774 0.7334 0.0567
vn -0.7120 0.3951 -0.5805
vn -0.7380 0.4133 0.5334
vn -0.7010 0.4994 0.5092
vn -0.7311 0.0544 -0.6801
vn -0.7356 0.1335 0.6641
vn -0.4415 -0.8531 -0.2781
vn -0.7310 0.4716 -0.4931
vn -0.7171 0.6846 0.1308
vn -0.7275 0.1911 -0.6590
vn -0.7231 -0.0730 -0.6869
vn -0.7291 -0.0883 0.6787
vn -0.2885 -0.9464 -0.1453
vn -0.7394 0.5769 0.3471
vn -0.7272 -0.3096 -0.6127
vn -0.7347 0.6277 0.2572
vn -0.7434 0.4986 -0.4459
vn -0.6932 0.7206 -0.0144
vn -0.7126 0.2564 -0.6531
vn -0.7158 0.1041 -0.6905
vn -0.6631 -0.4998 0.5573
vn -0.3912 -0.8838 0.2566
vn -0.7293 0.5914 -0.3440
vn -0.7075 0.5610 0.4298
vn -0.7182 0.3325 -0.6113
vn -0.7160 0.1603 -0.6795
vn -0.7173 0.6306 -0.2963
vn -0.6852 -0.4066 -0.6043
vn -0.7129 0.6462 -0.2724
vn -0.5255 -0.7800 -0.3399
vn -0.3266 -0.9254 0.1922
vn -0.7044 0.5809 0.4078
vn -0.7237 0.5584 -0.4056
vn -0.6221 -0.6107 -0.4899
vn -0.3562 -0.9072 -0.2240
vn -0.7189 0.6713 -0.1805
vn -0.6989 -0.2792 0.6585
vn -0.5929 0.8015 0.0775
vn -0.7102 0.3547 0.6081
vn -0.6966 0.7051 -0.1328
vn -0.7190 0.1011 0.6876
vn -0.1251 -0.9911 0.0453
vn -0.5521 -0.7126 -0.4328
vn -0.7029 0.6037 0.3761
vn -0.4740 -0.8095 0.3464
vn -0.6984 0.3701 -0.6126
vn -0.2084 -0.9723 0.1054
vn -0.6205 -0.5932 0.5129
vn -0.7030 -0.1920 0.6848
vn -0.7076 0.2928 0.6431
vn -0.6989 0.4221 0.5774
vn -0.7206 0.6194 0.3115
vn -0.6837 -0.3861 0.6193
vn -0.7067 0.1863 0.6826
vn -0.7183 0.0430 0.6945
vn -0.6890 0.4758 0.5468
vn -0.7079 0.4868 -0.5118
vn -0.7118 0.2309 0.6633
vn -0.6704 -0.3026 -0.6775
vn -0.5105 -0.7670 0.3887
vn -0.7024 -0.1415 -0.6976
vn -0.6883 0.3108 -0.6555
vn -0.7119 -0.0184 0.7020
vn -0.2298 -0.9611 0.1530
vn -0.4288 -0.8535 -0.2961
vn -0.5151 -0.7582 -0.3998
vn -0.7024 -0.1255 0.7006
vn -0.5552 0.7997 0.2283
vn -0.6087 0.7857 -0.1103
vn -0.5546 0.8268 -0.0935
vn -0.6928 0.5442 -0.4731
vn -0.6532 -0.4832 -0.5829
vn -0.7070 0.6572 0.2611
vn -0.6801 0.6556 -0.3281
vn -0.6985 0.6231 -0.3519
vn -0.6826 -0.2313 -0.6932
vn -0.6732 0.5386 0.5066
vn -0.1324 -0.9912 0.0071
vn -0.7088 0.0220 -0.7051
vn -0.7015 0.6864 0.1917
vn -0.6314 0.7656 0.1235
vn -0.2129 -0.9695 -0.1211
vn -0.6835 0.2252 -0.6943
vn -0.6411 -0.4984 0.5836
vn -0.6862 -0.0639 0.7246
vn -0.6774 0.4803 -0.5572
vn -0.6433 -0.4463 0.6221
vn -0.6807 -0.0493 -0.7309
vn -0.6100 -0.5799 -0.5401
vn -0.5830 -0.6410 0.4992
vn -0.6838 0.4419 -0.5807
vn -0.6926 0.6703 -0.2666
vn -0.6721 0.7043 -0.2287
vn -0.5931 -0.5842 0.5540
vn -0.5518 -0.6992 0.4545
vn -0.6906 0.1326 0.7110
vn -0.6566 -0.3769 -0.6533
vn -0.6910 0.0349 0.7220
vn -0.6701 0.5969 -0.4412
vn -0.6833 0.6381 0.3549
vn -0.0836 -0.9962 0.0233
vn -0.5675 -0.6546 -0.4994
vn -0.6930 0.3354 0.6382
vn -0.1543 -0.9859 -0.0649
vn -0.1574 -0.9831 0.0930
vn -0.6810 0.5137 -0.5219
vn -0.6710 0.4124 0.6162
vn -0.6862 0.0572 -0.7251
vn -0.6526 -0.3553 0.6692
vn -0.6814 0.1624 -0.7137
vn -0.6717 0.7076 0.2192
vn -0.6517 -0.2626 0.7116
vn -0.6455 0.7625 -0.0443
vn -0.6777 0.7350 -0.0210
vn -0.6898 0.6574 0.3032
vn -0.6745 0.2966 0.6761
vn -0.0440 -0.9989 -0.0139
vn -0.6501 0.5775 -0.4939
vn -0.5074 0.8523 0.1274
vn -0.6602 0.3790 -0.6484
vn -0.6649 0.7325 0.1461
vn -0.0680 -0.9974 -0.0245
vn -0.4863 -0.7661 -0.4203
vn -0.6066 -0.5314 -0.5913
vn -0.5276 -0.6943 -0.4895
vn -0.3456 -0.8971 -0.2752
vn -0.6613 0.2501 0.7072
vn -0.6102 -0.4619 -0.6437
vn -0.6649 0.1940 0.7213
vn -0.2665 -0.9467 -0.1810
vn -0.6639 0.1234 -0.7376
vn -0.6668 0.3463 0.6599
vn -0.6320 0.5097 0.5838
vn -0.6560 0.0391 -0.7538
vn -0.6675 -0.1378 -0.7318
vn -0.6662 0.4611 0.5862
vn -0.6524 0.6362 0.4119
vn -0.6673 0.4223 -0.6135
vn -0.6727 0.0715 0.7365
vn -0.4419 -0.8143 0.3764
vn -0.5523 0.8003 -0.2334
vn -0.6664 -0.1542 0.7295
vn -0.6572 0.2724 -0.7028
vn -0.6443 -0.2263 -0.7305
vn -0.4212 -0.8338 -0.3568
vn -0.5531 -0.6328 -0.5419
vn -0.6667 -0.0121 0.7452
vn -0.6480 0.6902 0.3219
vn -0.5304 0.8065 -0.2613
vn -0.6485 -0.0833 -0.7566
vn -0.6478 0.4569 -0.6096
vn -0.2875 -0.9329 0.2168
vn -0.3786 -0.8743 0.3038
vn -0.6259 0.3501 -0.6969
vn -0.6579 0.7100 0.2513
vn -0.5843 -0.5279 0.6164
vn -0.5140 -0.6979 0.4988
vn -0.6553 0.7427 -0.1377
vn -0.6314 0.6796 0.3735
vn -0.6411 0.3883 0.6619
vn -0.5434 -0.6013 0.5858
vn -0.6482 0.7293 -0.2189
vn -0.6065 -0.3855 -0.6954
vn -0.4744 -0.7483 0.4636
vn -0.6411 0.1215 0.7578
vn -0.6562 0.5872 0.4739
vn -0.6621 0.6916 -0.2886
vn -0.6468 -0.0074 -0.7626
vn -0.1764 -0.9791 -0.1013
vn -0.6542 0.5371 0.5324
vn -0.6190 -0.3407 0.7077
vn -0.5192 0.8055 0.2856
vn -0.6034 -0.4400 0.6651
vn -0.6503 0.1997 -0.7329
vn -0.6495 -0.0966 0.7542
vn -0.6427 0.5335 -0.5499
vn -0.6292 0.5769 0.5209
vn -0.5660 -0.5428 -0.6205
vn -0.6275 -0.2152 0.7483
vn -0.6456 0.7589 0.0854
vn -0.4468 -0.7647 -0.4643
vn -0.1761 -0.9744 0.1400
vn -0.6238 0.0825 -0.7773
vn -0.6197 0.4079 -0.6705
vn -0.6340 0.4888 -0.5992
vn -0.6429 0.6633 -0.3830
vn -0.6518 0.6293 -0.4232
vn -0.6222 0.4424 0.6459
vn -0.6500 0.0609 0.7575
vn -0.6247 0.7138 0.3167
vn -0.6187 0.1907 0.7621
vn -0.5591 0.7643 0.3213
vn -0.0961 -0.9938 -0.0556
vn -0.6461 0.7411 0.1825
vn -0.6024 0.7927 -0.0938
vn -0.3893 -0.8434 -0.3702
vn -0.3406 -0.8882 0.3083
vn -0.6257 0.1412 -0.7672
vn -0.6036 0.3031 0.7374
vn -0.6376 0.3227 0.6995
vn -0.6080 0.6247 0.4900
vn -0.4557 0.8482 0.2699
vn -0.6172 0.5240 -0.5869
vn -0.6341 0.6978 -0.3331
vn -0.6090 0.7574 0.2355
vn -0.5615 0.7937 -0.2342
vn -0.6121 -0.2239 -0.7584
vn -0.6175 -0.0653 0.7838
vn -0.6298 0.7350 -0.2512
vn -0.4807 -0.6993 0.5291
vn -0.4093 -0.8146 0.4109
vn -0.6074 -0.3246 -0.7251
vn -0.6381 0.7671 -0.0659
vn -0.5971 0.4595 -0.6575
vn -0.6184 -0.3014 0.7257
vn -0.6112 0.3645 0.7026
vn -0.6033 -0.1340 -0.7862
vn -0.6107 -0.1470 0.7781
vn -0.5033 -0.6918 -0.5179
vn -0.6271 0.7747 0.0815
vn -0.6066 -0.0564 -0.7930
vn -0.6182 0.2429 0.7475
vn -0.6226 0.0290 0.7820
vn -0.1919 -0.9654 -0.1768
vn -0.5552 -0.5086 -0.6581
vn -0.6077 0.2962 -0.7369
vn -0.0906 -0.9947 0.0495
vn -0.6091 0.5670 0.5546
vn -0.2316 -0.9536 0.1925
vn -0.4774 0.7799 -0.4048
vn -0.5389 -0.5037 0.6752
vn -0.5182 0.7950 0.3153
vn -0.1139 -0.9903 -0.0791
vn -0.5666 -0.4087 -0.7155
vn -0.2445 -0.9378 -0.2464
vn -0.6179 0.7580 -0.2090
vn -0.6015 0.0779 0.7951
vn -0.5077 -0.6354 -0.5817
vn -0.5812 -0.3959 0.7110
vn -0.6040 0.2356 -0.7613
vn -0.5911 0.1438 0.7937
vn -0.5977 0.7102 0.3720
vn -0.1389 -0.9821 -0.1274
vn -0.5868 0.6783 0.4422
vn -0.6099 0.7816 -0.1312
vn -0.5979 0.6650 -0.4475
vn -0.6039 0.4664 0.6463
vn -0.6160 0.6510 0.4435
vn -0.5915 0.0336 -0.8056
vn -0.5922 0.7736 -0.2256
vn -0.5917 0.4142 0.6916
vn -0.0574 -0.9978 -0.0345
vn -0.6149 0.7338 -0.2889
vn -0.6214 0.7390 0.2601
vn -0.5917 0.1915 -0.7831
vn -0.5903 0.1193 -0.7983
vn -0.5793 0.7289 -0.3649
vn -0.0125 -0.9999 -0.0019
vn -0.4382 0.7530 0.4909
vn -0.5881 0.5267 0.6138
vn -0.5768 0.4984 -0.6472
vn -0.3705 -0.8533 0.3669
vn -0.2464 -0.9389 0.2402
vn -0.5804 0.5737 -0.5779
vn -0.5858 -0.2298 0.7772
vn -0.5135 0.7405 0.4336
vn -0.5729 0.3756 -0.7285
vn -0.6256 0.7745 0.0943
vn -0.5151 -0.5677 0.6422
vn -0.6038 0.6189 -0.5024
vn -0.5630 0.7246 0.3974
vn -0.5627 0.3528 -0.7476
vn -0.4671 -0.6190 -0.6313
vn -0.5802 0.2082 0.7874
vn -0.5688 -0.3001 0.7658
vn -0.5712 0.3588 0.7382
vn -0.5480 -0.3173 -0.7740
vn -0.5899 0.6069 0.5326
vn -0.5745 0.2701 0.7726
vn -0.4737 -0.6789 -0.5610
vn -0.5389 0.7260 -0.4272
vn -0.5832 -0.2642 -0.7682
vn -0.5814 -0.0352 0.8129
vn -0.4435 -0.7392 0.5068
vn -0.4316 -0.7319 -0.5273
vn -0.0233 -0.9996 -0.0139
vn -0.5798 -0.1061 0.8078
vn -0.3532 -0.8409 -0.4101
vn -0.5264 -0.4557 -0.7178
vn -0.4040 -0.7871 0.4660
vn -0.3152 -0.8934 -0.3201
vn -0.5828 0.7652 -0.2734
vn -0.1162 -0.9887 0.0943
vn -0.6011 0.7961 0.0695
vn -0.0441 -0.9982 0.0399
vn -0.2530 -0.9257 0.2812
vn -0.4717 -0.6314 0.6154
vn -0.5317 0.7506 0.3922
vn -0.5570 0.5587 0.6145
vn -0.5691 -0.2082 0.7955
vn -0.5651 0.4434 -0.6957
vn -0.5789 -0.0687 -0.8125
vn -0.5497 0.2410 -0.7998
vn -0.5517 0.5378 -0.6375
vn -0.5558 0.6673 -0.4959
vn -0.1977 -0.9566 0.2141
vn -0.5395 -0.4298 0.7240
vn -0.5652 0.0716 -0.8218
vn -0.5677 0.7885 -0.2368
vn -0.5691 0.7570 0.3210
vn -0.5195 0.7572 0.3959
vn -0.5438 0.6536 -0.5263
vn -0.5417 0.5308 0.6517
vn -0.5574 0.1944 0.8071
vn -0.5677 -0.1379 -0.8116
vn -0.3769 -0.8191 -0.4324
vn -0.4599 0.8465 -0.2683
vn -0.5405 0.4617 0.7033
vn -0.5941 0.7869 0.1669
vn -0.3351 -0.8506 0.4053
vn -0.5837 0.7711 0.2544
vn -0.4813 -0.5679 -0.6677
vn -0.5459 0.4871 0.6817
vn -0.4094 0.7311 -0.5459
vn -0.5707 0.5918 0.5692
vn -0.5670 0.8078 0.1613
vn -0.5493 0.1188 0.8271
vn -0.5636 0.8239 -0.0594
vn -0.5590 0.8086 -0.1837
vn -0.5711 0.0295 0.8203
vn -0.5596 0.0634 0.8263
vn -0.5382 0.4005 -0.7415
vn -0.5679 0.2854 -0.7721
vn -0.4350 -0.6940 0.5738
vn -0.5395 0.4910 -0.6840
vn -0.4228 0.8594 0.2875
vn -0.5580 0.3174 0.7667
vn -0.5371 0.7654 -0.3546
vn -0.5807 0.8093 -0.0882
vn -0.5710 0.6515 0.4995
vn -0.5474 0.1424 -0.8247
vn -0.4755 0.6841 0.5531
vn -0.0107 -0.9999 0.0059
vn -0.0138 -0.9999 0.0063
vn -0.0115 -0.9999 0.0060
vn -0.5464 0.3969 0.7375
vn -0.5518 0.0204 -0.8337
vn -0.1433 -0.9773 0.1560
vn -0.5100 0.6242 -0.5919
vn -0.5334 0.1972 -0.8226
vn -0.5515 0.7595 -0.3450
vn -0.5022 0.7735 -0.3867
vn -0.5009 -0.4010 -0.7670
vn -0.5488 -0.2810 0.7873
vn -0.5127 -0.4854 0.7082
vn -0.3586 0.7086 0.6077
vn -0.4739 0.7786 0.4113
vn -0.5435 0.4483 -0.7096
vn -0.2648 -0.9147 -0.3054
vn -0.5222 0.2708 0.8087
vn -0.5663 0.8187 0.0954
vn -0.4312 0.7830 0.4482
vn -0.5039 0.7158 -0.4834
vn -0.2916 -0.9005 0.3225
vn -0.5399 0.7880 0.2958
vn -0.4987 -0.3309 -0.8011
vn -0.4751 -0.5750 0.6661
vn -0.4592 0.6870 -0.5632
vn -0.5354 0.7995 0.2721
vn -0.5177 0.3496 0.7809
vn -0.5046 -0.3914 0.7695
vn -0.1494 -0.9765 -0.1553
vn -0.5118 0.5886 -0.6258
vn -0.4486 0.7615 -0.4678
vn -0.5481 -0.0753 -0.8330
vn -0.5336 0.0013 0.8457
vn -0.5351 -0.1909 -0.8230
vn -0.4629 0.7228 -0.5131
vn -0.4336 -0.6629 -0.6103
vn -0.5457 0.6299 0.5527
vn -0.4828 0.7781 0.4019
vn -0.4124 -0.7193 -0.5590
vn -0.5347 0.7181 0.4454
vn -0.5237 0.7868 0.3266
vn -0.5705 0.8212 -0.0148
vn -0.5244 -0.2345 0.8185
vn -0.4165 -0.6637 0.6213
vn -0.5499 0.7965 -0.2513
vn -0.5502 0.7801 -0.2979
vn -0.5438 -0.0978 0.8335
vn -0.3745 -0.7804 0.5007
vn -0.5451 0.6795 0.4911
vn -0.5360 0.8210 0.1966
vn -0.5237 0.7835 0.3345
vn -0.3384 -0.8065 -0.4849
vn -0.5329 -0.1487 0.8330
vn -0.3955 -0.7272 0.5610
vn -0.5203 0.5660 0.6395
vn -0.5207 0.0835 -0.8496
vn -0.4987 0.6175 0.6082
vn -0.3886 0.9132 0.1228
vn -0.5097 0.8269 -0.2377
vn -0.5223 0.2916 -0.8013
vn -0.5244 0.8431 -0.1189
vn -0.4393 0.7651 -0.4707
vn -0.5392 0.8365 0.0971
vn -0.5001 -0.2780 -0.8201
vn -0.5267 0.0232 -0.8497
vn -0.5198 -0.1130 -0.8468
vn -0.5051 0.0791 0.8594
vn -0.4876 -0.3219 0.8116
vn -0.5236 0.7424 0.4180
vn -0.4747 0.6431 -0.6009
vn -0.5141 0.4343 0.7396
vn -0.5366 0.2152 0.8159
vn -0.5000 0.5327 0.6828
vn -0.5028 0.1423 0.8526
vn -0.4901 0.2513 -0.8347
vn -0.4657 -0.5420 -0.6996
vn -0.4473 -0.5138 0.7321
vn -0.5159 0.8250 0.2307
vn -0.5065 -0.1099 0.8552
vn -0.5001 -0.0441 -0.8648
vn -0.4090 0.8715 -0.2707
vn -0.4968 0.2294 0.8370
vn -0.5020 0.8215 -0.2703
vn -0.0726 -0.9938 -0.0843
vn -0.4937 0.1360 -0.8589
vn -0.4748 -0.4540 -0.7540
vn -0.4537 0.7015 -0.5496
vn -0.3741 0.7795 0.5025
vn -0.5096 0.5592 -0.6539
vn -0.3484 0.7642 -0.5429
vn -0.1823 -0.9516 -0.2473
vn -0.1931 -0.9437 0.2686
vn -0.5044 0.8635 0.0002
vn -0.3889 0.7301 -0.5619
vn -0.2581 -0.8926 -0.3697
vn -0.5069 0.8247 -0.2509
vn -0.4953 0.6651 0.5589
vn -0.5313 0.8445 0.0679
vn -0.5036 0.4593 -0.7317
vn -0.4584 0.8187 0.3459
vn -0.4865 0.7766 0.4003
vn -0.4853 0.8460 -0.2210
vn -0.3063 -0.8495 0.4295
vn -0.4590 0.8195 0.3431
vn -0.4033 -0.6257 -0.6677
vn -0.5101 0.3757 -0.7737
vn -0.4920 0.4850 0.7229
vn -0.3419 0.6288 0.6984
vn -0.4167 0.7405 -0.5273
vn -0.4157 0.8589 0.2990
vn -0.4926 0.1991 -0.8472
vn -0.0801 -0.9926 0.0913
vn -0.4841 0.0289 -0.8745
vn -0.5244 0.8471 -0.0860
vn -0.4526 0.8435 0.2894
vn -0.4862 -0.1902 0.8529
vn -0.4737 0.6052 -0.6398
vn -0.4476 -0.4290 -0.7846
vn -0.3993 0.9158 0.0435
vn -0.4839 0.3980 0.7794
vn -0.3015 0.8046 0.5115
vn -0.3656 0.8435 0.3935
vn -0.4664 0.8020 -0.3731
vn -0.4166 -0.6108 0.6733
vn -0.4183 0.8142 0.4026
vn -0.4741 0.0250 0.8801
vn -0.3318 -0.7847 0.5236
vn -0.4767 0.1783 0.8608
vn -0.3712 0.8539 -0.3648
vn -0.4625 -0.0936 0.8817
vn -0.4751 0.8708 -0.1268
vn -0.4689 -0.0402 0.8823
vn -0.4971 -0.1894 -0.8468
vn -0.1532 -0.9659 0.2086
vn -0.0140 -0.9999 0.0063
vn -0.3411 -0.7318 -0.5901
vn -0.2887 -0.8544 -0.4320
vn -0.4769 0.8599 0.1819
vn -0.4460 0.8634 -0.2358
vn -0.4511 0.6064 0.6548
vn -0.4695 0.2884 0.8345
vn -0.3809 0.8008 -0.4623
vn -0.4525 0.6395 0.6216
vn -0.3369 0.7754 -0.5340
vn -0.3198 0.7888 -0.5249
vn -0.4654 0.5575 -0.6874
vn -0.4839 0.4171 -0.7693
vn -0.4361 -0.4147 0.7986
vn -0.4746 -0.1167 -0.8724
vn -0.4383 -0.4832 0.7579
vn -0.4226 0.8559 -0.2981
vn -0.4954 0.7100 0.5005
vn -0.3265 0.8403 0.4328
vn -0.4113 0.8803 -0.2364
vn -0.0286 -0.9977 -0.0618
vn -0.2902 0.9095 0.2975
vn -0.3749 0.6995 -0.6084
vn -0.4513 0.8908 0.0534
vn -0.4158 -0.5359 -0.7348
vn -0.4020 0.6854 0.6071
vn -0.4772 0.8686 0.1333
vn -0.4634 0.3236 -0.8250
vn -0.4552 0.8310 -0.3197
vn -0.4686 0.3304 0.8193
vn -0.4668 0.0884 -0.8800
vn -0.4408 -0.2477 0.8628
vn -0.4490 0.8934 -0.0138
vn -0.5069 0.8568 0.0948
vn -0.4576 0.2222 0.8610
vn -0.4567 0.8525 -0.2543
vn -0.4678 0.1429 0.8722
vn -0.4561 0.6891 0.5631
vn -0.4189 -0.2742 -0.8656
vn -0.4615 0.4443 0.7679
vn -0.4180 0.4551 0.7862
vn -0.5123 0.7945 0.3262
vn -0.4604 0.8301 0.3147
vn -0.5073 0.8212 0.2612
vn -0.4411 -0.3368 -0.8318
vn -0.4643 0.5003 -0.7308
vn -0.2605 0.8140 -0.5191
vn -0.4386 0.3966 0.8065
vn -0.4588 -0.0476 -0.8873
vn -0.2365 -0.9112 0.3373
vn -0.0848 0.9763 -0.1993
vn -0.0904 -0.9877 0.1278
vn -0.2578 0.7669 -0.5878
vn -0.4343 0.5397 0.7211
vn -0.4414 0.1003 0.8917
vn -0.4345 0.2894 -0.8529
vn -0.4639 0.7382 0.4897
vn -0.3758 -0.6555 0.6550
vn -0.4136 0.8337 -0.3658
vn -0.3060 0.9520 -0.0022
vn -0.3871 0.8395 0.3813
vn -0.4514 -0.1827 -0.8734
vn -0.3654 -0.7113 0.6004
vn -0.3107 -0.8534 0.4187
vn -0.4230 0.9040 -0.0617
vn -0.4358 0.6681 -0.6031
vn -0.2849 0.6522 -0.7025
vn -0.4551 0.4653 -0.7592
vn -0.4620 0.7402 -0.4885
vn -0.4565 0.1783 -0.8717
vn -0.2978 -0.8138 -0.4991
vn -0.4537 0.5681 0.6866
vn -0.0098 -0.9999 0.0122
vn -0.0159 -0.9996 0.0229
vn -0.4103 -0.3357 0.8479
vn -0.3750 0.8376 -0.3972
vn -0.2346 0.7988 -0.5540
vn -0.4306 0.4442 -0.7857
vn -0.4416 0.7148 0.5422
vn -0.3025 0.9209 0.2459
vn -0.1046 0.7529 0.6498
vn -0.2863 0.8047 0.5200
vn -0.4290 -0.1618 0.8887
vn -0.4042 -0.4128 -0.8162
vn -0.2778 0.6078 0.7440
vn -0.4523 -0.0571 0.8900
vn -0.4150 0.5528 -0.7226
vn -0.3985 0.8880 -0.2296
vn -0.3755 -0.5181 0.7685
vn -0.3834 0.7290 0.5671
vn -0.4200 0.8982 -0.1296
vn -0.1961 -0.9285 -0.3154
vn -0.2950 0.8527 -0.4311
vn -0.1109 -0.9792 -0.1698
vn -0.4563 0.6506 -0.6071
vn -0.4304 0.0111 0.9026
vn -0.4551 0.7120 -0.5347
vn -0.4493 -0.0015 -0.8934
vn 0.0289 0.9023 0.4302
vn -0.4181 0.9061 0.0652
vn -0.3522 -0.6739 -0.6495
vn -0.4230 0.3860 -0.8198
vn -0.4445 0.7678 0.4615
vn -0.3788 -0.5719 0.7276
vn -0.3935 0.8980 -0.1971
vn -0.4010 0.3431 -0.8494
vn -0.3672 0.8797 0.3021
vn -0.4173 0.2440 -0.8754
vn -0.5001 0.8572 -0.1230
vn -0.3631 -0.6082 -0.7058
vn -0.4043 0.8331 0.3775
vn -0.4190 0.3374 0.8430
vn -0.4026 0.6259 0.6680
vn -0.4073 0.9036 -0.1326
vn -0.4041 -0.0807 -0.9111
vn -0.4226 0.8743 0.2387
vn -0.4191 0.2747 0.8654
vn -0.4650 0.7890 -0.4015
vn -0.3868 0.9221 -0.0096
vn -0.3242 0.7781 -0.5379
vn -0.4328 0.8816 0.1880
vn -0.3937 0.4893 0.7782
vn -0.3082 0.9388 -0.1537
vn -0.3880 0.3990 0.8308
vn -0.2314 -0.8367 0.4963
vn -0.2208 -0.8892 -0.4008
vn -0.3944 0.0415 -0.9180
vn -0.3274 -0.7300 0.5999
vn -0.2989 0.8217 -0.4852
vn -0.4403 0.2160 0.8715
vn -0.3225 0.9390 -0.1195
vn -0.0121 -0.9997 -0.0220
vn -0.4076 -0.0736 0.9102
vn -0.4208 0.1209 -0.8991
vn -0.4363 0.8080 0.3959
vn -0.5029 0.8640 -0.0230
vn -0.3424 0.8381 0.4247
vn -0.4300 0.6196 -0.6567
vn -0.2968 -0.7771 0.5550
vn -0.3996 -0.4809 -0.7805
vn -0.3905 0.7033 0.5940
vn -0.2232 0.7088 -0.6692
vn -0.3112 0.9446 -0.1044
vn -0.3800 -0.4281 0.8199
vn -0.4088 0.0701 0.9099
vn -0.4081 -0.1684 -0.8973
vn -0.5134 0.8473 0.1358
vn -0.3947 0.8606 -0.3218
vn -0.3895 0.6656 0.6366
vn -0.3729 0.8942 -0.2476
vn -0.0560 0.8380 -0.5428
vn -0.1474 0.7876 0.5982
vn -0.1494 0.9270 0.3441
vn -0.3879 0.9061 -0.1688
vn -0.4116 0.9065 0.0945
vn -0.3224 0.9104 -0.2592
vn -0.3409 -0.6496 0.6796
vn -0.3976 0.5885 0.7040
vn -0.4027 -0.2553 0.8790
vn -0.3874 -0.3422 -0.8561
vn -0.3939 0.7646 0.5101
vn -0.3983 0.7390 0.5434
vn -0.3963 0.1828 -0.8997
vn -0.2772 -0.7896 -0.5474
vn -0.5055 0.8093 -0.2993
vn -0.0672 -0.9926 -0.1008
vn -0.2928 0.6489 -0.7023
vn -0.4009 -0.0222 -0.9159
vn -0.3079 0.8641 0.3982
vn -0.3469 0.7274 0.5921
vn -0.3958 0.1615 0.9040
vn -0.4155 0.5813 -0.6996
vn -0.4610 0.8167 -0.3472
vn -0.2957 0.8638 -0.4079
vn -0.2235 0.8417 0.4915
vn -0.3327 0.9377 -0.1000
vn -0.3433 0.9162 0.2067
vn -0.3994 0.5160 -0.7578
vn -0.3619 -0.5174 -0.7754
vn -0.1971 0.8211 -0.5357
vn -0.1354 0.8176 -0.5596
vn -0.3207 0.9465 -0.0359
vn -0.0308 0.9027 0.4292
vn -0.3576 -0.4504 -0.8181
vn -0.3622 0.5270 0.7689
vn -0.4050 0.9130 0.0493
vn -0.3812 0.3278 0.8644
vn -0.1853 0.8182 -0.5443
vn -0.2939 -0.7239 -0.6242
vn -0.2847 0.8728 0.3965
vn -0.3586 0.4160 -0.8357
vn -0.1958 -0.9109 0.3633
vn -0.3719 0.9172 -0.1430
vn -0.3926 -0.1332 0.9100
vn -0.3613 0.3202 -0.8757
vn -0.4693 0.7737 -0.4255
vn -0.3770 0.8863 0.2690
vn -0.1872 0.5282 0.8282
vn -0.1073 0.6104 0.7848
vn -0.3663 0.9294 0.0443
vn -0.3746 0.8632 -0.3385
vn -0.4766 0.8520 -0.2167
vn -0.3331 0.7068 0.6241
vn -0.3682 0.4610 0.8074
vn -0.3892 0.6194 -0.6818
vn -0.3635 0.5461 -0.7547
vn -0.0803 -0.9863 0.1443
vn -0.3425 0.9388 0.0378
vn -0.3472 -0.1060 -0.9318
vn -0.4012 0.7826 0.4760
vn -0.1452 -0.9557 -0.2559
vn -0.3080 -0.7407 0.5971
vn -0.0412 -0.9961 0.0786
vn -0.1338 -0.9604 0.2444
vn 0.0027 0.7988 -0.6016
vn -0.0431 0.7647 0.6429
vn -0.3771 -0.2322 -0.8966
vn -0.2979 0.9267 -0.2292
vn -0.4880 0.8331 0.2606
vn -0.3765 0.0554 -0.9248
vn -0.3690 -0.5761 0.7293
vn 0.2618 0.6248 0.7356
vn -0.3422 -0.1852 0.9212
vn -0.3355 0.7580 0.5594
vn -0.3861 0.6392 0.6651
vn -0.3699 -0.2987 -0.8797
vn -0.3634 0.4895 -0.7926
vn -0.3628 0.5931 -0.7187
vn -0.3189 0.6838 0.6563
vn -0.2400 -0.8516 -0.4660
vn -0.2790 0.9536 0.1129
vn -0.3258 0.9034 0.2789
vn 0.2331 0.5482 0.8032
vn -0.3055 0.7040 0.6411
vn -0.0538 0.9053 0.4213
vn -0.3173 -0.6417 -0.6982
vn -0.3158 0.8879 -0.3346
vn -0.3363 0.1591 -0.9282
vn -0.2816 0.9355 -0.2134
vn -0.3520 0.8029 0.4811
vn -0.4003 0.2643 0.8774
vn -0.3571 -0.0481 0.9328
vn -0.3756 0.0075 0.9267
vn -0.2739 0.9474 0.1658
vn -0.3331 0.9233 0.1912
vn -0.3643 0.1062 -0.9252
vn -0.3750 0.1946 0.9064
vn -0.3554 -0.0269 -0.9343
vn 0.2710 0.6085 0.7459
vn -0.1280 0.5143 0.8480
vn -0.2593 -0.7695 -0.5836
vn -0.3641 0.2357 -0.9011
vn -0.3971 0.8024 0.4454
vn -0.4052 0.7299 -0.5505
vn -0.0755 0.8241 -0.5614
vn -0.2376 0.8829 -0.4051
vn -0.4882 0.8592 -0.1529
vn -0.3099 0.8367 -0.4515
vn -0.3808 0.1029 0.9189
vn 0.1348 0.8016 0.5824
vn -0.2022 0.8577 0.4727
vn -0.3430 0.8559 0.3871
vn -0.3600 0.4509 -0.8167
vn -0.2305 0.9720 0.0454
vn -0.3852 0.8338 0.3955
vn -0.3507 0.5181 -0.7801
vn -0.3129 0.9290 0.1975
vn -0.4687 0.8098 -0.3530
vn -0.3004 0.9525 -0.0492
vn -0.1843 -0.8763 0.4451
vn -0.3225 0.7236 0.6102
vn -0.3247 0.8593 -0.3951
vn -0.2975 0.9131 -0.2786
vn -0.3641 0.6593 -0.6578
vn -0.3153 0.8415 -0.4386
vn -0.4951 0.8448 -0.2031
vn -0.3009 0.6610 0.6874
vn -0.3328 0.9319 -0.1441
vn -0.1457 -0.9350 -0.3234
vn -0.3506 0.3624 0.8636
vn -0.1304 0.5170 0.8460
vn -0.3352 0.9182 -0.2110
vn -0.3076 0.9293 -0.2045
vn -0.3680 0.6988 -0.6134
vn -0.3309 0.5880 0.7381
vn -0.7978 0.3045 0.5204
vn -0.4880 0.8678 0.0938
vn -0.3373 0.3722 -0.8647
vn 0.3042 0.5696 0.7635
vn -0.0312 0.9274 0.3728
vn -0.2131 0.9041 0.3703
vn -0.2431 0.9405 0.2373
vn -0.3181 0.1192 0.9405
vn -0.3266 0.5915 -0.7372
vn -0.3282 -0.4099 -0.8510
vn 0.0846 0.6380 0.7654
vn -0.3453 0.8631 -0.3685
vn -0.3464 -0.3503 0.8702
vn -0.2289 0.9734 0.0008
vn -0.3278 0.7676 -0.5508
vn -0.2835 -0.6834 0.6727
vn -0.5087 0.8042 -0.3073
vn -0.4501 0.8851 -0.1181
vn -0.1317 0.8365 0.5319
vn -0.2659 0.9608 -0.0791
vn -0.4494 0.8931 0.0178
vn -0.3217 -0.1663 -0.9321
vn -0.3205 -0.4899 0.8107
vn -0.3559 -0.1252 0.9261
vn -0.3128 -0.5895 -0.7448
vn -0.2605 0.9474 -0.1858
vn -0.3220 -0.0054 -0.9467
vn -0.3179 -0.4744 -0.8209
vn -0.1863 -0.8693 -0.4578
vn -0.0118 0.9295 0.3685
vn -0.3846 0.8616 0.3313
vn -0.3449 0.9361 0.0698
vn -0.3140 0.4730 -0.8232
vn -0.3114 0.2689 -0.9114
vn -0.3501 0.9273 -0.1322
vn -0.3556 0.4175 0.8362
vn -0.2727 0.6571 0.7028
vn 0.0364 0.8026 -0.5954
vn -0.2144 0.9351 -0.2822
vn -0.3017 -0.5959 0.7442
vn -0.3507 0.0713 0.9338
vn -0.2989 0.8705 0.3909
vn -0.3503 0.6369 -0.6868
vn -0.2355 -0.7855 0.5723
vn -0.2573 0.7667 0.5882
vn -0.2823 0.9551 0.0901
vn -0.2500 0.6882 0.6811
vn -0.2123 0.5703 0.7936
vn -0.2533 0.7149 0.6517
vn -0.2438 0.5914 -0.7687
vn 0.0501 0.7872 -0.6147
vn -0.0658 -0.9877 -0.1420
vn -0.2645 0.9234 -0.2780
vn -0.3189 0.5142 0.7962
vn -0.1250 -0.9561 0.2650
vn -0.1787 -0.9242 0.3376
vn -0.5825 0.8030 -0.1257
vn -0.0699 -0.9839 0.1646
vn -0.2980 0.5636 0.7705
vn -0.2202 0.6584 0.7197
vn -0.3681 0.7780 -0.5091
vn -0.4638 0.8179 -0.3404
vn -0.3423 0.2523 0.9051
vn -0.0508 0.8560 -0.5144
vn -0.3370 0.7393 -0.5829
vn -0.3322 -0.2726 0.9030
vn 0.3188 0.5309 0.7852
vn 0.3017 0.4026 0.8642
vn -0.3841 0.8974 0.2169
vn -0.2707 0.9626 0.0062
vn -0.3230 0.4645 0.8246
vn 0.0920 0.6275 0.7731
vn -0.4224 0.8941 0.1491
vn -0.2747 -0.6568 -0.7022
vn -0.3171 0.8139 0.4868
vn -0.3172 0.1957 -0.9279
vn -0.0690 0.8605 -0.5048
vn -0.2620 -0.6646 0.6998
vn -0.3227 -0.0013 0.9465
vn -0.2982 0.3469 -0.8892
vn -0.4029 0.9076 0.1177
vn -0.2994 0.2957 0.9071
vn -0.1492 0.8868 0.4373
vn -0.3053 -0.2732 -0.9122
vn -0.0244 -0.9965 -0.0795
vn -0.3209 0.0691 -0.9446
vn -0.2421 0.7106 -0.6606
vn 0.0501 0.8867 0.4597
vn -0.3030 0.1311 -0.9439
vn 0.2222 0.4240 0.8780
vn -0.2347 0.9371 -0.2583
vn -0.2989 0.8609 0.4117
vn -0.2126 -0.8085 -0.5487
vn -0.0967 -0.9705 -0.2209
vn -0.2646 0.7654 0.5866
vn -0.2875 0.9491 -0.1290
vn -0.3008 -0.1510 0.9417
vn -0.2487 0.9665 -0.0634
vn -0.1559 0.8338 0.5295
vn -0.3083 0.9374 0.1620
vn -0.2266 -0.7438 0.6288
vn -0.1828 0.9563 -0.2283
vn -0.2163 0.7700 0.6002
vn -0.2591 0.7753 0.5760
vn -0.3054 -0.3267 -0.8944
vn -0.3705 0.7919 -0.4854
vn -0.1848 0.4370 0.8803
vn 0.2901 0.5525 0.7814
vn -0.3130 0.6824 -0.6606
vn -0.1514 0.8970 -0.4153
vn -0.2513 0.9661 -0.0587
vn 0.0126 0.7297 0.6836
vn -0.2305 0.8582 -0.4587
vn -0.1579 0.9492 -0.2722
vn 0.0330 0.8920 0.4508
vn -0.2030 0.9334 -0.2958
vn -0.2716 -0.5410 0.7960
vn -0.4142 0.8043 -0.4261
vn -0.3167 0.4076 0.8565
vn -0.3518 0.9280 -0.1228
vn -0.2450 0.6775 0.6935
vn -0.1807 -0.8427 0.5072
vn -0.3008 0.4116 -0.8603
vn -0.3652 0.8903 -0.2719
vn -0.2913 0.3477 0.8912
vn -0.2956 0.1805 0.9381
vn -0.3911 0.9203 0.0034
vn 0.0006 -0.9998 -0.0220
vn -0.2468 0.9676 0.0534
vn -0.2795 -0.1354 -0.9506
vn -0.2640 0.9641 -0.0277
vn 0.0015 0.7536 0.6573
vn -0.1349 0.9348 0.3285
vn -0.2849 0.9278 -0.2409
vn -0.2948 0.0391 0.9548
vn -0.3078 0.8831 0.3542
vn -0.2733 -0.5811 -0.7665
vn -0.4807 0.7969 -0.3658
vn -0.4627 0.7786 -0.4238
vn -0.2589 0.9639 -0.0622
vn -0.4783 0.8408 -0.2537
vn -0.3258 0.9313 0.1630
vn -0.2558 0.9366 0.2393
vn 0.1909 0.7498 -0.6336
vn -0.2885 0.7329 -0.6162
vn -0.0169 -0.9980 0.0610
vn -0.1884 0.9635 0.1901
vn 0.0985 0.7982 -0.5943
vn -0.2974 -0.0512 -0.9534
vn -0.1767 0.7049 0.6869
vn -0.3450 0.8560 -0.3850
vn -0.4892 0.8612 -0.1381
vn -0.2900 0.2437 0.9255
vn 0.2373 0.5523 0.7991
vn 0.0935 0.8495 0.5193
vn -0.3136 0.6489 -0.6933
vn -0.2539 0.8581 0.4462
vn -0.2802 0.5031 0.8175
vn -0.2922 -0.0493 0.9551
vn 0.3303 0.2931 0.8972
vn -0.1299 0.7146 0.6874
vn -0.2779 0.9225 -0.2679
vn 0.2592 0.3907 0.8833
vn -0.2953 -0.2747 0.9151
vn -0.1545 -0.8941 0.4205
vn -0.3891 0.8419 -0.3739
vn -0.2825 0.4200 0.8625
vn -0.2915 -0.3874 0.8746
vn -0.2952 0.5566 -0.7766
vn -0.2087 0.6361 0.7428
vn -0.0709 0.7129 0.6977
vn -0.4096 0.8923 -0.1899
vn -0.3051 0.8104 -0.5001
vn -0.2595 -0.2279 -0.9385
vn -0.2981 0.7619 -0.5751
vn 0.1715 0.7461 0.6434
vn -0.3024 0.7562 0.5803
vn 0.1533 0.6088 0.7784
vn -0.1723 0.9758 -0.1345
vn -0.2607 0.4504 -0.8539
vn -0.1044 -0.9552 0.2768
vn -0.2005 0.7560 0.6231
vn -0.2873 0.6646 0.6898
vn -0.2569 0.4878 0.8343
vn -0.2687 0.1336 0.9539
vn -0.5602 0.8276 -0.0364
vn -0.3808 0.9176 -0.1140
vn -0.2322 -0.6514 0.7223
vn -0.2562 0.3369 -0.9060
vn -0.2411 -0.6256 -0.7419
vn -0.1522 0.9505 -0.2709
vn -0.2728 -0.3894 -0.8797
vn -0.1824 0.7644 0.6184
vn -0.2535 -0.5023 -0.8267
vn -0.3874 0.8626 -0.3253
vn -0.0134 -0.9976 -0.0677
vn -0.2547 -0.4657 0.8475
vn -0.2496 0.9653 -0.0764
vn -0.1323 -0.9265 -0.3523
vn -0.2007 0.9795 0.0187
vn -0.2504 0.5483 0.7979
vn -0.2407 0.3081 0.9204
vn 0.0669 0.7876 -0.6126
vn -0.3936 0.7930 0.4651
vn -0.2871 0.5122 -0.8095
vn -0.2716 0.1727 0.9468
vn -0.2322 -0.7377 -0.6340
vn -0.2978 -0.1772 0.9380
vn -0.5722 0.8143 0.0971
vn -0.2636 0.1822 -0.9473
vn -0.2260 0.8153 -0.5331
vn 0.0001 -1.0000 -0.0006
vn 0.0003 -1.0000 -0.0007
vn -0.0001 -1.0000 -0.0002
vn 0.0406 0.8869 0.4601
vn -0.1848 0.9692 -0.1628
vn -0.0334 0.9064 -0.4212
vn -0.4833 0.8664 -0.1257
vn 0.0855 0.8973 0.4330
vn -0.1975 0.9153 -0.3511
vn -0.2315 -0.6722 -0.7033
vn -0.5515 0.8338 -0.0265
vn -0.3985 0.7892 -0.4673
vn -0.2566 0.7293 0.6342
vn -0.1561 0.9763 0.1501
vn -0.2010 -0.7186 0.6658
vn -0.5302 0.8474 0.0288
vn -0.0441 0.8803 0.4723
vn -0.1210 0.9587 -0.2572
vn -0.1081 0.9922 0.0613
vn -0.3013 0.6548 0.6931
vn -0.1717 0.7661 0.6193
vn -0.3147 0.8217 -0.4751
vn -0.1776 0.9207 0.3475
vn -0.0649 0.7140 0.6972
vn -0.2571 0.1181 -0.9591
vn -0.2581 0.0786 -0.9629
vn -0.1067 0.9778 -0.1804
vn -0.1097 0.7593 0.6414
vn -0.2584 -0.0069 0.9660
vn -0.2391 0.3663 0.8992
vn -0.5093 0.8528 -0.1153
vn -0.2747 0.7868 -0.5527
vn -0.2617 -0.1209 0.9575
vn -0.4195 0.8983 -0.1306
vn -0.2796 0.6475 -0.7089
vn -0.2135 0.7317 0.6473
vn -0.2483 0.2348 -0.9398
vn 0.0118 0.7318 0.6815
vn -0.4289 0.8480 0.3114
vn -0.2412 0.2434 0.9395
vn -0.2648 0.8010 0.5370
vn -0.2581 -0.0140 -0.9660
vn -0.1774 0.9632 0.2020
vn -0.3130 0.9496 0.0149
vn -0.2469 -0.3170 -0.9157
vn 0.1910 0.7422 0.6424
vn -0.2240 0.1423 0.9641
vn -0.1155 0.9932 -0.0173
vn -0.3776 0.8970 -0.2298
vn -0.2645 0.9119 0.3137
vn -0.1072 -0.9326 0.3446
vn -0.2625 0.9492 0.1735
vn -0.4091 0.9108 -0.0545
vn -0.4236 0.8733 -0.2407
vn -0.2291 0.8369 0.4970
vn 0.1344 0.8088 -0.5725
vn -0.5937 0.7858 0.1734
vn -0.2114 0.4401 0.8727
vn -0.2273 0.5039 0.8333
vn -0.0823 0.9567 0.2793
vn 0.1130 0.8084 0.5777
vn 0.0008 -1.0000 -0.0011
vn 0.1298 0.6972 0.7051
vn -0.1151 0.9917 -0.0581
vn -0.1912 -0.7790 0.5972
vn -0.2270 -0.5574 0.7986
vn -0.2570 0.4962 -0.8293
vn -0.2614 0.6906 -0.6744
vn 0.3651 0.2437 0.8985
vn 0.1117 -0.9155 0.3865
vn -0.0278 0.7855 0.6182
vn -0.2108 0.6588 -0.7222
vn -0.2432 0.4009 -0.8832
vn -0.1513 0.9766 -0.1526
vn -0.1717 0.7380 -0.6526
vn -0.0259 0.9758 -0.2170
vn -0.2204 -0.5880 -0.7782
vn -0.0127 0.7588 0.6512
vn -0.3863 0.9026 0.1899
vn -0.2082 0.6893 0.6939
vn -0.1323 0.7954 0.5914
vn -0.1901 -0.7673 -0.6125
vn -0.2133 0.0921 0.9726
vn 0.1103 0.8281 -0.5497
vn -0.2005 0.0362 0.9790
vn -0.0584 0.9982 0.0104
vn -0.1166 0.9629 0.2432
vn -0.2020 0.9793 -0.0126
vn -0.3482 0.9349 -0.0694
vn -0.2206 0.3830 0.8970
vn -0.1983 0.6347 -0.7469
vn -0.2438 0.6002 0.7618
vn -0.4007 0.8103 -0.4276
vn -0.2670 0.9614 -0.0668
vn 0.0974 0.7189 0.6883
vn -0.1068 0.7999 0.5905
vn -0.1862 0.7636 -0.6183
vn 0.3609 0.2176 0.9069
vn -0.1148 0.6515 0.7499
vn -0.2272 -0.3721 0.9000
vn -0.2432 -0.2844 0.9273
vn -0.2376 0.6150 -0.7519
vn 0.2637 0.7007 0.6630
vn -0.3059 0.8744 -0.3768
vn -0.2630 0.8291 -0.4933
vn -0.2357 -0.4386 -0.8672
vn -0.2302 0.3173 -0.9200
vn -0.2171 -0.0649 0.9740
vn -0.1376 -0.8645 -0.4835
vn -0.0687 0.9185 0.3895
vn -0.1887 -0.6914 -0.6973
vn -0.3315 0.9366 -0.1136
vn -0.1243 0.9646 0.2324
vn -0.1793 -0.6402 0.7470
vn -0.2936 0.8959 0.3334
vn -0.2767 0.9439 0.1803
vn -0.0785 -0.9566 -0.2806
vn 0.1054 0.9391 0.3271
vn 0.1729 0.8020 0.5717
vn 0.2991 0.7045 -0.6436
vn -0.1129 0.9768 -0.1820
vn -0.2258 0.7271 -0.6483
vn -0.1525 0.8280 -0.5396
vn -0.0482 -0.9832 -0.1763
vn -0.2339 0.2659 0.9352
vn -0.0665 -0.9711 0.2294
vn -0.1915 -0.4675 0.8630
vn -0.2261 -0.0856 -0.9703
vn -0.2158 0.8730 0.4374
vn -0.1209 0.9165 -0.3812
vn -0.1508 -0.8327 -0.5328
vn -0.1902 -0.5463 -0.8157
vn -0.1792 -0.5661 0.8046
vn -0.2211 -0.1610 0.9619
vn 0.0372 0.8991 -0.4362
vn -0.3448 0.8908 -0.2960
vn -0.0576 0.9642 -0.2589
vn -0.2601 0.9514 0.1650
vn -0.3171 0.9402 -0.1247
vn 0.0014 0.9712 -0.2382
vn -0.1587 -0.7665 -0.6224
vn -0.1458 0.7025 -0.6966
vn -0.2123 0.8129 0.5423
vn -0.2043 0.0601 -0.9771
vn -0.4303 0.8898 -0.1520
vn 0.3182 0.3264 0.8901
vn -0.0786 0.9203 -0.3833
vn -0.5278 0.8392 0.1314
vn -0.0755 0.9448 0.3187
vn 0.2506 0.5277 0.8116
vn -0.2112 -0.1572 -0.9647
vn -0.1573 -0.8402 0.5190
vn -0.0997 -0.8992 0.4260
vn -0.1939 0.7993 -0.5688
vn -0.4342 0.8968 -0.0845
vn 0.0061 0.8250 0.5651
vn 0.0272 0.7711 0.6362
vn 0.0951 0.7711 0.6296
vn -0.0194 -0.9963 0.0836
vn -0.2187 -0.2413 -0.9455
vn 0.0125 0.8482 0.5295
vn -0.2929 0.7994 0.5246
vn -0.2825 0.9132 -0.2938
vn -0.1973 0.1795 -0.9638
vn 0.1051 0.7952 0.5971
vn -0.1416 0.5992 0.7880
vn 0.3534 0.6448 0.6778
vn -0.1060 0.9923 -0.0645
vn -0.1468 0.8504 0.5053
vn -0.0343 -0.9880 0.1505
vn -0.5564 0.8264 0.0869
vn 0.2031 0.6494 0.7328
vn -0.1921 -0.3268 0.9254
vn -0.2197 -0.2383 0.9460
vn -0.0856 0.9931 -0.0800
vn -0.2072 -0.3763 -0.9030
vn -0.2128 0.3722 -0.9034
vn 0.2849 0.5787 0.7641
vn -0.0023 0.9044 -0.4266
vn -0.1200 0.6775 -0.7257
vn -0.0354 0.9782 0.2045
vn -0.0369 0.9983 0.0457
vn -0.1486 0.9126 0.3810
vn 0.1575 0.8764 -0.4551
vn -0.1408 -0.9170 -0.3733
vn -0.1796 0.2439 -0.9530
vn -0.1984 -0.0040 -0.9801
vn 0.0883 0.9412 -0.3260
vn -0.2112 0.4441 -0.8707
vn 0.2500 0.5223 0.8153
vn -0.1436 -0.6729 0.7256
vn -0.2099 0.5825 -0.7853
vn -0.1783 0.1857 0.9663
vn -0.2227 0.5496 -0.8052
vn -0.0420 0.9962 0.0760
vn -0.1024 -0.8548 0.5087
vn 0.4779 0.6012 0.6404
vn 0.1235 0.9184 0.3759
vn -0.2044 0.3430 0.9168
vn -0.0277 0.9944 -0.1016
vn 0.2987 0.7462 0.5950
vn 0.0912 0.7211 0.6868
vn -0.1065 0.9630 0.2475
vn -0.3311 0.9160 -0.2265
vn 0.0018 0.9816 -0.1908
vn -0.2633 0.7373 0.6222
vn -0.1814 -0.3164 -0.9311
vn -0.0611 -0.9563 0.2861
vn 0.3029 0.8674 0.3949
vn 0.0111 0.9897 0.1428
vn -0.0384 0.8647 0.5009
vn -0.1960 0.4716 0.8598
vn -0.1618 -0.4880 -0.8577
vn -0.2017 0.9779 0.0556
vn -0.1393 -0.8085 0.5718
vn -0.0525 0.9980 -0.0360
vn -0.2398 0.8459 -0.4764
vn -0.5421 0.8127 0.2137
vn -0.1912 0.1164 -0.9746
vn -0.1726 0.4092 0.8960
vn -0.2304 0.8881 -0.3976
vn -0.2653 0.9629 0.0486
vn -0.1358 -0.7100 -0.6910
vn -0.1374 -0.6669 -0.7324
vn -0.2053 0.2301 0.9513
vn -0.1691 0.9439 0.2837
vn -0.1958 0.4907 -0.8491
vn 0.3851 0.2237 0.8953
vn -0.1463 -0.4195 -0.8959
vn -0.1688 0.3234 -0.9311
vn 0.3036 0.4144 0.8580
vn -0.8457 -0.4340 -0.3105
vn -0.1610 -0.5856 -0.7945
vn -0.1666 0.8886 0.4273
vn -0.3037 0.9186 0.2530
vn -0.1768 0.9585 0.2237
vn 0.2645 0.6493 0.7131
vn 0.3142 0.7641 0.5634
vn 0.3432 0.3576 -0.8685
vn 0.3812 0.7503 0.5401
vn 0.4604 0.5548 0.6930
vn 0.1969 0.7551 0.6253
vn 0.1584 0.8225 0.5463
vn -0.0304 0.7271 -0.6859
vn 0.2652 0.7781 -0.5694
vn -0.1404 0.6890 0.7111
vn 0.3839 0.6033 0.6990
vn 0.2753 0.4605 0.8439
vn -0.1459 0.1044 0.9838
vn -0.1321 0.9607 0.2440
vn -0.1679 -0.2471 0.9543
vn -0.1874 0.2882 0.9390
vn -0.5367 0.8278 0.1633
vn 0.0175 0.9922 -0.1232
vn -0.2014 0.9773 0.0652
vn -0.2108 0.5161 0.8302
vn -0.1864 0.6236 0.7592
vn -0.2111 0.8832 -0.4187
vn -0.2821 0.9594 -0.0033
vn 0.0493 0.7433 -0.6671
vn -0.1679 0.8761 0.4519
vn -0.3702 0.7934 0.4832
vn 0.6533 0.4454 0.6122
vn -0.1543 0.0026 -0.9880
vn 0.2579 0.7887 -0.5581
vn -0.3200 0.9181 -0.2339
vn -0.2238 0.9144 -0.3373
vn 0.0757 0.9272 0.3669
vn -0.1045 -0.8177 -0.5661
vn -0.1815 -0.1684 0.9689
vn -0.4515 0.8922 -0.0115
vn -0.1741 0.5656 0.8061
vn -0.1585 0.5314 -0.8322
vn -0.1739 -0.0844 -0.9811
vn -0.3224 0.9150 -0.2427
vn -0.1692 0.7109 -0.6827
vn -0.1554 -0.2383 -0.9587
vn -0.2660 0.4511 0.8519
vn -0.1928 0.9652 0.1769
vn -0.1428 -0.7484 0.6477
vn -0.5801 0.7576 0.2992
vn 0.0544 0.8659 0.4973
vn 0.4253 0.6009 -0.6768
vn -0.2698 0.9581 -0.0959
vn -0.0054 0.9999 0.0126
vn -0.3725 0.8335 -0.4081
vn -0.1318 0.5724 -0.8093
vn -0.2186 0.8091 -0.5455
vn 0.2819 0.7804 0.5581
vn 0.6933 0.4553 0.5587
vn -0.0859 0.7852 -0.6133
vn -0.1565 -0.4152 0.8962
vn -0.0789 -0.8589 -0.5060
vn 0.1022 0.8804 0.4631
vn -0.0439 0.9990 -0.0018
vn 0.0757 0.8918 0.4461
vn -0.0391 0.9308 0.3634
vn 0.4313 0.7048 0.5632
vn -0.1195 0.8234 -0.5548
vn 0.0881 0.9009 0.4249
vn -0.4248 0.7551 -0.4993
vn -0.2350 0.6760 0.6984
vn -0.1458 -0.5472 0.8242
vn -0.1633 0.9824 0.0905
vn -0.1328 0.0468 -0.9900
vn -0.1843 0.2613 -0.9475
vn -0.2911 0.9458 -0.1437
vn 0.6705 0.3768 0.6391
vn -0.0516 0.9638 0.2614
vn 0.3298 0.4635 0.8224
vn -0.1466 -0.3608 0.9211
vn -0.3339 0.8349 0.4376
vn 0.1685 0.9360 -0.3091
vn 0.0374 0.7378 -0.6740
vn -0.3652 0.9309 -0.0034
vn -0.1687 -0.0930 0.9813
vn 0.2761 0.7311 0.6239
vn 0.2831 0.6929 0.6631
vn -0.3387 0.7776 0.5298
vn 0.6946 0.3985 0.5990
vn -0.0646 0.9787 -0.1951
vn -0.1336 0.3433 0.9297
vn -0.0673 0.7628 -0.6431
vn 0.1926 0.6583 0.7277
vn -0.1016 -0.6120 -0.7843
vn -0.1465 0.1062 -0.9835
vn -0.1622 0.5395 0.8262
vn -0.1115 0.8604 -0.4972
vn 0.0247 0.9520 0.3052
vn -0.1615 0.4138 -0.8959
vn -0.1736 0.9516 -0.2537
vn -0.0405 -0.9640 -0.2627
vn -0.1563 0.2041 0.9664
vn -0.1010 -0.7275 -0.6786
vn -0.4684 0.8745 0.1258
vn 0.1407 0.7620 -0.6321
vn 0.3828 -0.1518 0.9113
vn 0.3322 0.7695 0.5455
vn -0.1366 0.4491 -0.8830
vn 0.2159 0.7210 -0.6584
vn -0.3022 0.9400 0.1583
vn -0.1165 0.9030 0.4135
vn -0.1432 0.3714 -0.9174
vn -0.1560 0.0007 0.9878
vn -0.1397 0.2183 -0.9658
vn 0.4335 0.5908 0.6805
vn 0.2224 0.7630 0.6069
vn -0.4430 0.8935 0.0730
vn 0.0684 0.9381 -0.3396
vn -0.3819 0.8526 0.3566
vn 0.5777 0.3687 0.7282
vn 0.5662 0.5533 0.6110
vn -0.1331 -0.2920 -0.9471
vn -0.3063 0.9519 0.0118
vn -0.1088 0.2812 -0.9535
vn 0.2450 0.7534 -0.6102
vn 0.0077 0.9999 0.0075
vn 0.0207 0.9471 0.3202
vn -0.1043 0.6093 -0.7861
vn 0.0709 0.8575 0.5096
vn -0.1283 0.4819 -0.8668
vn 0.1072 0.8102 0.5763
vn 0.0678 0.8790 0.4719
vn 0.0250 0.8254 -0.5640
vn -0.4488 0.8483 0.2812
vn -0.1381 -0.1806 -0.9738
vn 0.3817 0.3319 0.8626
vn -0.4126 0.8183 0.4002
vn -0.1491 0.9555 -0.2544
vn -0.3115 0.9498 -0.0306
vn 0.3377 0.7388 -0.5832
vn 0.2055 0.8522 0.4812
vn -0.1054 0.8972 -0.4288
vn -0.1282 0.1617 -0.9785
vn -0.0628 -0.9181 0.3915
vn 0.2622 0.7640 0.5896
vn 0.6884 0.3877 0.6130
vn 0.2215 0.7394 0.6358
vn 0.0851 0.9653 -0.2468
vn -0.2426 0.9025 0.3559
vn -0.1493 0.2580 0.9545
vn 0.2545 0.7066 -0.6603
vn -0.1174 0.9327 0.3411
vn -0.0997 0.9769 0.1891
vn -0.1080 -0.4810 0.8700
vn -0.1031 -0.6269 0.7722
vn -0.1500 0.4563 0.8771
vn 0.2772 0.8472 -0.4533
vn 0.4105 0.2507 0.8767
vn -0.1407 0.9237 -0.3565
vn 0.2616 0.7853 0.5611
vn -0.2357 0.9653 -0.1123
vn 0.0150 0.9025 -0.4305
vn 0.3619 0.6896 -0.6272
vn -0.2870 0.9370 -0.1990
vn -0.3711 0.8370 -0.4022
vn -0.4314 0.7598 -0.4864
vn -0.1264 0.3310 -0.9351
vn 0.7126 0.2187 0.6666
vn 0.5039 0.4179 0.7559
vn -0.1356 0.1624 0.9774
vn -0.1342 0.7365 -0.6630
vn -0.4758 0.8098 0.3433
vn 0.0598 0.9855 -0.1590
vn 0.0264 0.8599 -0.5098
vn -0.0974 -0.7845 0.6124
vn -0.1174 0.5140 -0.8497
vn -0.3714 0.8491 -0.3757
vn -0.1426 0.5981 0.7887
vn 0.0133 0.8175 -0.5758
vn -0.0326 -0.9796 0.1984
vn -0.0803 0.9712 0.2242
vn 0.3747 0.5745 0.7277
vn -0.1081 0.0339 0.9936
vn -0.4645 0.8612 0.2063
vn -0.1275 -0.5438 -0.8295
vn -0.4424 0.8243 0.3533
vn -0.0012 0.9999 0.0149
vn -0.1412 0.9769 -0.1602
vn -0.1034 -0.4946 -0.8629
vn -0.0643 0.7489 0.6595
vn -0.1355 -0.1606 0.9777
vn -0.3668 0.9165 0.1598
vn 0.1692 0.8023 -0.5725
vn 0.1856 0.8398 0.5102
vn 0.2742 0.7454 -0.6076
vn -0.1025 0.5160 0.8505
vn -0.0129 -0.9916 0.1284
vn -0.1242 0.4129 0.9023
vn -0.1550 0.9814 -0.1135
vn -0.0145 0.9717 0.2357
vn -0.1932 0.9347 0.2984
vn 0.1455 0.9450 -0.2928
vn 0.0414 0.9835 -0.1763
vn 0.2316 0.8003 0.5530
vn 0.3971 0.6483 -0.6496
vn -0.1209 -0.0716 -0.9901
vn -0.2344 0.7640 0.6012
vn 0.5871 0.5678 0.5770
vn 0.1622 0.8720 0.4619
vn -0.0811 -0.7138 0.6956
vn 0.0262 0.9982 0.0541
vn -0.1352 0.5603 0.8172
vn -0.4315 0.8512 0.2988
vn -0.0240 0.9163 0.3997
vn -0.0440 -0.9309 -0.3626
vn -0.1559 0.6372 0.7547
vn -0.1334 0.9584 -0.2525
vn -0.0469 0.9434 -0.3283
vn 0.2061 0.6841 0.6996
vn 0.2731 0.7371 -0.6181
vn -0.1995 0.7586 -0.6203
vn -0.1107 -0.6637 0.7398
vn -0.0857 0.9919 0.0939
vn -0.0853 -0.6688 -0.7385
vn -0.4740 0.7420 -0.4741
vn -0.1165 0.9756 0.1863
vn -0.2344 0.7157 0.6579
vn -0.1043 -0.3936 -0.9134
vn -0.1182 0.1974 0.9732
vn -0.0563 -0.8079 -0.5866
vn 0.0735 0.9792 0.1893
vn -0.0652 -0.8677 0.4928
vn 0.3404 0.8001 0.4939
vn -0.8882 0.4294 0.1635
vn 0.1181 0.9170 -0.3809
vn -0.0912 0.0177 -0.9957
vn -0.1049 0.2718 0.9566
vn -0.1114 -0.2821 0.9529
vn 0.3163 0.8334 0.4532
vn 0.1758 0.8186 -0.5468
vn -0.3168 0.8842 0.3434
vn -0.0744 0.9688 0.2366
vn -0.1529 0.9204 -0.3599
vn -0.1059 -0.4129 0.9046
vn -0.1084 0.4676 -0.8773
vn -0.2297 0.7971 -0.5585
vn 0.2610 0.8015 -0.5381
vn 0.1108 0.9337 0.3406
vn -0.0761 0.4276 -0.9008
vn -0.1022 -0.1529 -0.9829
vn 0.5211 0.6106 -0.5964
vn 0.3525 0.7335 -0.5812
vn 0.1089 0.8956 -0.4313
vn -0.0648 0.9726 -0.2233
vn -0.1150 -0.1028 0.9880
vn -0.3550 0.8277 0.4347
vn -0.4669 0.8346 0.2924
vn -0.1652 0.9860 0.0225
vn -0.0353 0.9186 0.3937
vn 0.3346 0.7499 -0.5707
vn 0.2598 0.7332 0.6285
vn -0.3591 0.9082 0.2149
vn 0.5395 0.5890 0.6017
vn -0.1078 0.9907 -0.0827
vn -0.3476 0.9188 0.1872
vn -0.0435 0.9366 0.3478
vn -0.1325 0.4547 0.8807
vn -0.1832 0.8724 -0.4532
vn -0.1087 -0.2512 -0.9618
vn -0.4371 0.8978 0.0532
vn 0.3746 0.6542 0.6571
vn 0.1187 0.8856 -0.4490
vn -0.0917 0.5619 -0.8221
vn -0.2638 0.9545 0.1389
vn -0.0733 0.3494 0.9341
vn -0.2850 0.9405 -0.1851
vn 0.5180 0.6641 -0.5391
vn -0.0664 0.8555 -0.5135
vn -0.0649 0.0983 0.9930
vn 0.2933 0.7888 0.5402
vn -0.0948 0.3786 -0.9207
vn -0.0850 0.9962 0.0202
vn -0.1927 0.9508 -0.2425
vn -0.0807 0.4878 -0.8692
vn 0.0385 0.9577 -0.2851
vn -0.1379 0.9534 0.2684
vn 0.5301 0.5405 0.6533
vn 0.7401 0.0672 0.6692
vn -0.0474 -0.8865 0.4603
vn -0.0066 -0.9987 0.0499
vn 0.1997 0.8435 -0.4985
vn -0.0751 0.1117 0.9909
vn -0.1467 0.6953 0.7036
vn 0.0969 0.9703 0.2216
vn 0.1021 0.9323 -0.3470
vn -0.3357 0.8388 -0.4287
vn -0.0737 0.2180 -0.9732
vn 0.5869 0.4834 0.6496
vn 0.0509 0.9831 -0.1759
vn -0.4893 0.7257 -0.4837
vn -0.3417 0.9087 -0.2397
vn 0.1922 0.8559 0.4801
vn -0.2277 0.9710 -0.0728
vn -0.1725 0.7377 0.6527
vn 0.8077 0.0029 0.5895
vn -0.0048 -0.9873 -0.1590
vn 0.0255 0.9997 -0.0034
vn 0.6006 0.5730 -0.5577
vn -0.4327 0.8250 -0.3636
vn -0.0173 -0.9659 0.2584
vn 0.0525 0.9612 -0.2709
vn -0.0623 -0.2614 0.9632
vn -0.1691 -0.2351 0.9572
vn -0.0282 -0.8684 -0.4951
vn 0.2690 0.8343 0.4812
vn -0.1635 0.8729 0.4596
vn 0.1612 0.8696 -0.4667
vn -0.4212 0.9019 0.0954
vn -0.1856 0.9571 0.2226
vn -0.0929 0.1468 -0.9848
vn 0.4206 0.5812 0.6966
vn 0.2599 0.8645 -0.4302
vn 0.2991 0.5714 0.7642
vn -0.2514 -0.4593 -0.8520
vn -0.0889 0.9861 0.1405
vn -0.0729 -0.0560 -0.9958
vn -0.1715 0.9836 0.0558
vn -0.0686 -0.5839 -0.8089
vn -0.2279 0.9144 -0.3346
vn -0.0890 -0.0467 0.9949
vn -0.0458 0.2067 0.9773
vn -0.1057 0.6418 0.7596
vn 0.5380 0.6138 -0.5777
vn -0.2520 0.7888 -0.5606
vn -0.0817 0.0942 -0.9922
vn 0.3560 0.4635 0.8114
vn 0.7380 0.0675 0.6714
vn -0.4490 0.8438 0.2940
vn 0.6669 0.5436 -0.5097
vn -0.2752 0.7983 0.5357
vn -0.3792 0.8402 -0.3877
vn -0.1687 0.8588 -0.4838
vn 0.0791 0.9866 0.1427
vn -0.0500 -0.7902 0.6107
vn -0.0608 -0.7219 -0.6893
vn 0.3966 0.5945 -0.6995
vn 0.2498 0.8178 -0.5184
vn -0.1121 -0.5738 0.8113
vn -0.4875 0.8728 0.0251
vn 0.1437 0.9531 0.2663
vn 0.0176 0.9969 -0.0762
vn 0.7695 0.4009 0.4971
vn 0.3257 0.8252 0.4614
vn -0.0717 -0.4853 0.8714
vn -0.5117 0.8146 0.2732
vn -0.0933 0.6178 0.7808
vn 0.6312 0.3368 0.6987
vn 0.3748 0.3772 0.8469
vn 0.1509 0.8924 0.4252
vn 0.4134 0.7640 -0.4954
vn -0.4734 0.8794 0.0501
vn -0.0873 0.2750 0.9575
vn -0.0881 0.4258 0.9005
vn -0.0784 0.5598 0.8249
vn -0.0500 0.5337 -0.8442
vn 0.0189 0.8898 0.4560
vn 0.4975 0.5771 0.6476
vn -0.0540 0.9482 0.3131
vn -0.1106 -0.3932 0.9128
vn -0.0257 -0.9270 0.3743
vn -0.2514 0.9623 -0.1038
vn 0.4691 0.6356 0.6132
vn 0.3278 0.8672 -0.3748
vn -0.0650 0.1407 0.9879
vn 0.7571 0.1309 0.6401
vn 0.6271 0.5984 -0.4986
vn -0.0411 -0.6383 0.7687
vn -0.0642 -0.6339 0.7707
vn -0.0898 0.9625 0.2561
vn -0.1114 0.7228 0.6820
vn -0.1268 0.4622 0.8777
vn 0.7440 0.4749 -0.4700
vn -0.0593 0.3386 -0.9391
vn -0.0520 -0.1224 -0.9911
vn 0.6883 0.5132 -0.5127
vn 0.9068 0.2139 0.3633
vn 0.1840 0.8351 0.5185
vn -0.0343 0.5128 0.8578
vn 0.0491 0.8129 -0.5803
vn -0.1804 0.9295 0.3216
vn 0.2435 0.7934 -0.5578
vn 0.3237 0.7870 -0.5252
vn 0.0461 0.8635 -0.5022
vn -0.2043 0.9710 -0.1244
vn -0.0522 -0.3007 -0.9523
vn 0.0009 -1.0000 0.0053
vn 0.0003 -0.9998 0.0223
vn -0.0012 -0.9999 0.0143
vn -0.0498 -0.4183 -0.9070
vn -0.4105 0.8895 0.2008
vn -0.0519 -0.2115 -0.9760
vn -0.0182 -0.9551 -0.2956
vn -0.0321 0.8836 -0.4671
vn 0.5387 0.5737 0.6170
vn 0.3510 0.8022 -0.4830
vn 0.1539 0.8101 0.5657
vn -0.0071 0.9989 0.0453
vn 0.0108 -0.9805 -0.1962
vn -0.0637 0.6830 -0.7277
vn 0.2229 0.4272 0.8763
vn -0.0218 0.9423 0.3342
vn -0.1519 0.9814 0.1174
vn -0.6494 0.7430 -0.1619
vn -0.2527 0.9584 -0.1326
vn -0.0435 0.5965 -0.8014
vn -0.0709 -0.1109 0.9913
vn 0.5683 0.5165 0.6405
vn -0.5056 0.8607 -0.0605
vn -0.0561 0.5665 -0.8222
vn 0.1203 0.9246 0.3614
vn 0.2058 0.9612 -0.1837
vn -0.5423 0.7275 -0.4202
vn -0.2398 0.7135 -0.6584
vn -0.2369 0.9658 0.1051
vn -0.0123 -0.8456 -0.5337
vn -0.3949 0.9183 0.0268
vn -0.4389 0.8024 -0.4043
vn 0.6971 0.2543 0.6704
vn 0.5342 0.7562 -0.3779
vn -0.1205 0.9533 0.2768
vn 0.5418 0.6120 0.5761
vn -0.2272 0.8171 0.5299
vn 0.0786 0.9903 -0.1148
vn -0.0362 0.0635 -0.9973
vn -0.1494 0.5159 0.8435
vn -0.2058 0.6966 -0.6873
vn -0.2994 0.7853 -0.5418
vn -0.0421 0.2705 -0.9618
vn -0.2702 0.8209 0.5032
vn 0.7435 0.4648 -0.4808
vn 0.5164 0.7205 -0.4629
vn -0.0132 0.6062 0.7952
vn -0.4253 0.8649 -0.2665
vn -0.1229 0.9862 -0.1109
vn 0.6071 0.5235 0.5978
vn 0.3097 0.6825 0.6620
vn -0.1585 0.7710 0.6168
vn 0.1808 0.6852 -0.7056
vn 0.0493 0.8009 0.5968
vn -0.1099 0.9802 0.1645
vn -0.1588 0.9873 -0.0027
vn -0.0536 0.5227 0.8508
vn -0.2050 0.8107 -0.5484
vn -0.0410 0.4695 0.8820
vn 0.4492 0.8274 -0.3370
vn 0.1966 0.9397 0.2796
vn -0.0227 -0.7492 -0.6619
vn -0.2074 0.9060 0.3690
vn -0.1773 0.6970 0.6948
vn -0.0041 -0.9114 -0.4116
vn 0.3732 0.8359 0.4025
vn -0.0312 0.6557 0.7543
vn 0.2234 0.8473 0.4819
vn 0.6550 0.4347 0.6181
vn -0.2749 0.8676 0.4143
vn -0.0251 0.0816 0.9964
vn -0.0261 0.0046 -0.9996
vn -0.0488 -0.3367 0.9403
vn -0.3089 0.9068 -0.2868
vn -0.0167 0.9988 0.0461
vn -0.2395 0.9707 0.0195
vn 0.6740 0.3611 0.6445
vn -0.0287 -0.4879 -0.8724
vn -0.0250 -0.6906 -0.7228
vn -0.0497 0.1599 -0.9859
vn -0.3945 0.8446 0.3619
vn 0.3935 0.4757 0.7867
vn 0.1411 0.8672 -0.4775
vn -0.0309 0.0359 0.9989
vn -0.2722 0.7882 -0.5520
vn -0.0436 0.9588 0.2806
vn 0.5092 0.7290 -0.4576
vn 0.4884 0.7590 -0.4306
vn 0.0199 0.9348 -0.3545
vn 0.3207 0.9164 -0.2395
vn -0.0312 -0.1623 0.9863
vn -0.1237 0.9189 -0.3746
vn 0.6631 0.6369 -0.3933
vn -0.0394 0.2947 0.9548
vn 0.0124 -0.9999 0.0091
vn 0.4599 0.8498 -0.2574
vn 0.4851 0.8186 -0.3074
vn -0.0140 0.3824 -0.9239
vn 0.0247 0.9024 0.4301
vn -0.2941 0.8606 0.4157
vn -0.5472 0.7988 -0.2499
vn -0.4045 0.9143 -0.0227
vn 0.0073 -0.2509 0.9680
vn -0.0243 0.5000 -0.8657
vn 0.5415 0.6426 0.5421
vn 0.0297 0.7439 0.6676
vn 0.1956 0.9534 0.2296
vn -0.3562 0.9340 0.0284
vn 0.2972 0.9004 0.3177
vn -0.2450 0.9615 -0.1248
vn -0.2497 0.9619 0.1111
vn -0.5260 0.8256 -0.2042
vn -0.0331 -0.5615 0.8268
vn -0.5281 0.8410 -0.1176
vn -0.0409 0.7466 0.6640
vn -0.3009 0.8499 0.4326
vn -0.4483 0.8523 -0.2693
vn 0.5361 0.7192 0.4419
vn 0.4922 0.7197 0.4896
vn -0.4284 0.8828 -0.1926
vn 0.0007 -0.0856 0.9963
vn -0.0276 -0.0129 0.9995
vn -0.2342 0.9556 -0.1788
vn 0.0006 0.9367 -0.3501
vn 0.7734 0.4216 -0.4733
vn 0.8437 0.1563 0.5135
vn 0.8113 0.0092 0.5846
vn 0.6291 0.6958 -0.3466
vn 0.7528 0.2140 0.6225
vn -0.0426 0.1205 -0.9918
vn 0.6651 0.4951 0.5590
vn -0.0145 -0.8698 0.4931
vn -0.0547 0.7919 0.6082
vn -0.3947 0.9054 0.1562
vn -0.0384 0.9233 -0.3823
vn 0.0006 -0.9620 0.2729
vn 0.1436 0.6773 0.7216
vn -0.4391 0.8450 -0.3053
vn -0.0285 -0.4391 0.8980
vn -0.0058 0.3979 0.9174
vn -0.1418 0.7445 -0.6524
vn -0.0702 0.9394 -0.3355
vn 0.0026 0.9811 0.1936
vn -0.1356 0.9181 -0.3725
vn 0.4556 0.7974 0.3957
vn -0.1147 0.9934 0.0022
vn 0.0162 0.9927 0.1198
vn -0.0039 -0.7270 0.6866
vn 0.0412 0.6226 0.7814
vn -0.6564 0.7454 -0.1166
vn 0.3885 0.7847 0.4830
vn -0.0485 0.9879 0.1472
vn 0.7374 0.3078 0.6012
vn -0.1599 0.9870 0.0133
vn -0.0084 -0.0549 -0.9985
vn -0.3001 0.9012 0.3126
vn 0.2280 0.7006 0.6762
vn 0.7508 0.2812 0.5976
vn -0.0674 0.9877 0.1414
vn 0.0313 0.9233 -0.3828
vn -0.0114 0.3329 -0.9429
vn 0.0138 -0.9825 0.1856
vn 0.0662 0.9890 -0.1321
vn -0.4793 0.8578 -0.1857
vn -0.2900 0.9568 -0.0198
vn -0.4037 0.9097 0.0970
vn -0.4145 0.9024 0.1176
vn 0.2974 0.8886 0.3492
vn -0.0008 0.5585 0.8295
vn -0.1440 0.8065 0.5735
vn -0.0286 0.8236 0.5665
vn -0.4036 0.8960 -0.1850
vn -0.0154 -0.3136 -0.9494
vn -0.0501 0.1984 0.9788
vn -0.4198 0.9035 0.0864
vn -0.3204 0.8159 -0.4812
vn -0.0154 0.6979 0.7160
vn -0.5293 0.8033 -0.2731
vn -0.5390 0.8126 -0.2219
vn 0.0063 -0.7961 -0.6051
vn -0.5941 0.8014 -0.0692
vn 0.0393 0.8341 -0.5502
vn 0.2813 0.8759 0.3921
vn 0.6098 0.7224 -0.3260
vn 0.0089 -0.9942 0.1068
vn -0.3355 0.9214 0.1962
vn -0.2821 0.9441 -0.1709
vn -0.0154 -0.2391 -0.9709
vn -0.3682 0.8493 -0.3782
vn 0.3257 0.4703 0.8202
vn 0.2295 0.9309 0.2841
vn 0.8315 0.0371 0.5542
vn 0.5950 0.6129 0.5199
vn 0.0133 0.1896 -0.9818
vn -0.0097 0.4306 -0.9025
vn 0.0022 -0.6587 0.7524
vn 0.1212 0.8212 -0.5576
vn -0.2110 0.8470 0.4879
vn -0.0930 0.9955 0.0160
vn -0.1297 0.8746 0.4671
vn -0.4673 0.1536 0.8707
vn -0.0013 0.6499 -0.7600
vn 0.0239 0.7618 0.6474
vn -0.0984 0.6927 0.7145
vn 0.7684 0.5222 -0.3699
vn -0.1721 0.9389 -0.2982
vn -0.0109 -0.5929 -0.8052
vn -0.5621 0.7592 -0.3281
vn 0.6674 0.5230 0.5301
vn -0.0400 0.6874 -0.7251
vn 0.4348 0.8298 0.3498
vn 0.3300 0.8989 0.2882
vn -0.0106 0.3051 0.9523
vn -0.2847 0.9399 -0.1887
vn -0.2720 0.9610 0.0492
vn -0.5932 0.8016 -0.0744
vn -0.5091 0.8591 -0.0526
vn -0.0023 0.2166 0.9762
vn -0.0982 0.9068 0.4099
vn -0.2011 0.8092 -0.5520
vn 0.8301 0.3949 -0.3937
vn 0.5691 0.6807 -0.4613
vn -0.5188 0.8193 -0.2441
vn 0.7391 0.2203 0.6366
vn 0.0268 -0.7361 -0.6763
vn 0.0781 0.8001 0.5947
vn 0.0368 0.5186 0.8542
vn 0.5509 0.7047 0.4471
vn -0.4526 0.8810 0.1375
vn 0.0004 -0.1447 -0.9895
vn 0.0516 0.6756 0.7355
vn -0.1683 0.7745 -0.6098
vn 0.3911 0.8632 0.3193
vn -0.0222 0.9095 0.4151
vn -0.1063 0.7186 -0.6873
vn -0.1537 0.7278 0.6683
vn -0.0205 0.8166 0.5768
vn -0.2425 0.9392 0.2430
vn -0.1213 0.9926 -0.0049
vn 0.0247 -0.8644 -0.5022
vn 0.0666 0.7071 0.7040
vn 0.0340 0.5067 -0.8615
vn -0.1964 0.9465 -0.2561
vn -0.1245 0.9918 0.0273
vn 0.8046 0.1692 0.5692
vn 0.0056 -0.9305 0.3663
vn -0.1577 0.9868 0.0359
vn 0.7577 0.3572 0.5462
vn 0.1965 0.9681 -0.1554
vn -0.5215 0.8339 0.1807
vn -0.3221 0.9458 0.0418
vn 0.0120 0.1022 -0.9947
vn 0.0020 0.8364 0.5481
vn 0.0279 -0.6656 -0.7458
vn -0.2014 0.7047 0.6803
vn 0.0366 0.3492 -0.9363
vn 0.5887 0.7077 -0.3906
vn -0.1730 0.9655 0.1948
vn -0.0070 0.3513 0.9362
vn -0.5047 0.8200 -0.2700
vn 0.0111 -0.6058 0.7955
vn 0.3305 0.3647 0.8705
vn 0.2716 0.8824 0.3841
vn -0.4923 0.8656 -0.0916
vn -0.7279 0.6853 0.0233
vn 0.6141 0.6014 -0.5110
vn 0.0758 0.6409 0.7639
vn 0.0191 -0.9377 -0.3469
vn 0.0163 -0.9671 -0.2540
vn -0.3224 0.9410 -0.1028
vn -0.5601 0.8034 -0.2021
vn 0.0166 0.9775 0.2103
vn -0.1939 0.8467 -0.4954
vn -0.3258 0.9452 -0.0210
vn 0.0044 0.1232 0.9924
vn 0.0427 0.1468 0.9882
vn 0.0565 0.8712 0.4877
vn 0.0023 -0.4784 -0.8781
vn -0.1105 0.9469 -0.3020
vn 0.0096 -0.7991 0.6011
vn 0.0183 0.2690 -0.9630
vn -0.7239 0.6898 -0.0119
vn 0.7047 0.4943 0.5090
vn -0.4617 0.8272 -0.3202
vn -0.6251 0.7617 -0.1706
vn 0.0048 -0.3993 -0.9168
vn 0.2895 0.9117 0.2914
vn 0.3126 0.9109 -0.2691
vn 0.2480 0.8842 0.3958
vn 0.0512 -0.0094 0.9986
vn 0.0278 0.5559 -0.8308
vn 0.4998 0.8067 -0.3153
vn 0.4423 0.8177 -0.3683
vn 0.5379 0.7563 -0.3724
vn -0.5720 0.8196 0.0334
vn -0.3364 0.9333 -0.1258
vn 0.7946 0.4548 -0.4021
vn 0.1628 0.8974 -0.4100
vn -0.0798 0.8098 -0.5813
vn 0.0465 0.5990 0.7994
vn 0.0390 0.6064 -0.7942
vn 0.0561 0.4053 0.9125
vn 0.0262 0.0756 -0.9968
vn 0.0105 -0.9064 0.4224
vn 0.3546 0.7828 0.5113
vn 0.0276 -0.0072 -0.9996
vn -0.3012 0.9342 0.1914
vn -0.0417 0.9969 0.0665
vn 0.0027 0.9028 0.4300
vn -0.3663 0.9084 0.2014
vn -0.3067 0.9127 -0.2701
vn 0.0108 -0.3746 0.9271
vn 0.0005 -0.9951 -0.0986
vn -0.4723 0.8776 -0.0815
vn 0.0340 -0.7317 0.6808
vn 0.1887 0.9495 0.2507
vn 0.0165 0.0299 0.9994
vn 0.6422 0.6142 0.4586
vn -0.2856 0.9458 -0.1547
vn 0.5987 0.5498 0.5825
vn -0.4022 0.9142 0.0505
vn 0.2386 0.8166 0.5256
vn 0.6890 0.3674 0.6247
vn -0.2617 0.7822 0.5654
vn -0.3219 0.6580 -0.6807
vn -0.2083 0.8390 -0.5027
vn -0.5671 0.8049 -0.1746
vn -0.1670 0.9822 -0.0862
vn 0.2147 0.8938 0.3937
vn 0.0461 -0.1709 0.9842
vn -0.0729 0.4990 0.8635
vn 0.1440 0.7540 0.6409
vn -0.0840 0.9742 -0.2093
vn -0.2915 0.8577 -0.4234
vn -0.3326 0.8658 -0.3739
vn -0.2342 0.9553 0.1807
vn -0.6560 0.7541 -0.0323
vn 0.0316 -0.2706 -0.9622
vn 0.0008 0.7915 -0.6112
vn 0.0623 -0.1888 -0.9800
vn 0.0118 0.7263 -0.6873
vn -0.6317 0.7740 0.0432
vn -0.5481 0.7884 0.2794
vn -0.0759 0.9348 0.3470
vn 0.0295 0.4572 -0.8889
vn 0.0272 0.6768 -0.7357
vn 0.0437 -0.4541 0.8899
vn -0.6877 0.7143 -0.1302
vn -0.4533 0.8592 0.2374
vn 0.4618 0.8020 -0.3789
vn 0.0529 0.3850 -0.9214
vn 0.1201 0.9669 -0.2252
vn -0.3203 0.7973 0.5115
vn -0.2537 0.8431 0.4742
vn -0.4516 0.8824 0.1318
vn 0.6071 0.7070 -0.3627
vn 0.3116 0.8017 0.5101
vn -0.4106 0.8711 -0.2695
vn 0.0377 -0.8711 0.4897
vn 0.0382 -0.0713 -0.9967
vn 0.0375 0.4786 0.8773
vn 0.0661 0.5505 0.8322
vn 0.0433 0.0516 0.9977
vn 0.0170 -0.9972 -0.0729
vn -0.3764 0.9176 -0.1279
vn 0.0345 -0.5468 0.8365
vn 0.7337 0.3844 0.5604
vn 0.0503 0.1555 -0.9866
vn 0.0296 0.2847 0.9582
vn -0.6079 0.7744 -0.1753
vn 0.1486 0.9400 -0.3072
vn 0.0394 0.1354 0.9900
vn 0.5510 0.7447 -0.3767
vn 0.0539 0.4313 0.9006
vn -0.0971 0.9488 0.3006
vn 0.0542 -0.3221 0.9452
vn 0.3012 0.7785 0.5506
vn 0.0655 0.6439 -0.7623
vn 0.1903 0.8427 0.5036
vn -0.2006 0.9367 0.2869
vn 0.1382 0.9834 0.1179
vn -0.0118 0.8168 -0.5768
vn -0.0598 0.9421 -0.3300
vn -0.7186 0.6948 0.0290
vn -0.3892 0.8906 -0.2355
vn 0.0443 -0.9059 -0.4212
vn 0.4962 0.6945 0.5210
vn 0.3055 0.9145 -0.2653
vn -0.2699 0.9390 -0.2130
vn 0.1007 0.8846 0.4554
vn 0.1776 0.8260 0.5350
vn -0.1385 0.8664 -0.4798
vn -0.3595 0.9292 -0.0863
vn 0.4709 0.7046 -0.5308
vn -0.1333 0.9454 0.2973
vn 0.0324 0.9296 0.3672
vn 0.0572 0.6948 0.7169
vn -0.2723 0.9047 0.3277
vn 0.0342 -0.5764 -0.8165
vn -0.3294 0.9220 0.2037
vn 0.0560 -0.7774 -0.6265
vn 0.5282 0.7436 0.4099
vn 0.7612 0.0552 0.6462
vn 0.4798 0.7828 0.3961
vn -0.2284 0.8906 -0.3932
vn -0.5195 0.8408 -0.1526
vn -0.5430 0.8360 -0.0796
vn 0.4182 0.8440 -0.3359
vn 0.1597 0.7167 0.6789
vn 0.6910 0.6060 -0.3941
vn -0.3513 0.9350 -0.0474
vn 0.0337 -0.8014 0.5972
vn -0.1956 0.9649 -0.1751
vn 0.0558 -0.3773 -0.9244
vn 0.0759 0.4980 0.8639
vn -0.3638 0.8362 0.4104
vn -0.6681 0.7420 0.0559
vn -0.4883 0.8722 0.0296
vn 0.3506 0.7284 0.5887
vn 0.1206 0.6006 0.7904
vn -0.0593 -0.9551 -0.2903
vn -0.1655 0.9759 0.1423
vn 0.0485 0.1089 0.9929
vn -0.3380 0.9390 0.0626
vn -0.4030 0.8985 -0.1742
vn 0.0769 0.3312 0.9404
vn 0.0380 0.8154 -0.5776
vn 0.2445 0.7745 0.5835
vn -0.0427 0.8458 -0.5319
vn 0.0451 -0.6552 0.7541
vn 0.1760 0.9381 0.2982
vn 0.5424 0.6888 -0.4810
vn 0.0777 -0.4127 0.9076
vn 0.4401 0.7911 -0.4248
vn 0.7307 0.3319 0.5966
vn 0.0114 0.8571 -0.5150
vn 0.0703 0.7381 -0.6710
vn 0.0589 0.2288 -0.9717
vn -0.0794 0.8880 -0.4529
vn 0.0757 0.5468 0.8338
vn -0.3758 0.8865 -0.2700
vn -0.4340 0.9009 0.0029
vn -0.0478 0.9598 0.2766
vn 0.0105 0.9194 0.3933
vn -0.4123 0.8948 -0.1713
vn 0.6659 0.5410 0.5137
vn -0.2976 0.9520 -0.0719
vn -0.1710 0.9045 -0.3906
vn 0.0733 -0.4852 -0.8713
vn 0.2638 0.7376 0.6216
vn 0.1180 0.8100 0.5745
vn -0.2359 0.9382 -0.2533
vn 0.7274 0.3194 0.6074
vn 0.4189 0.7812 -0.4629
vn -0.7002 0.7139 0.0052
vn 0.1632 0.6681 0.7260
vn -0.7197 0.6939 0.0235
vn -0.1402 0.9797 0.1431
vn -0.6760 0.7347 -0.0570
vn 0.5623 0.5470 0.6202
vn 0.0400 0.8632 0.5032
vn -0.6129 0.6786 -0.4049
vn -0.3518 0.9071 -0.2311
vn -0.8263 0.5452 -0.1414
vn 0.0674 0.2131 0.9747
vn -0.2304 0.8927 0.3874
vn -0.1797 0.9314 -0.3167
vn 0.2226 0.6913 0.6875
vn 0.0756 -0.0750 0.9943
vn 0.0719 0.4237 -0.9029
vn 0.2798 0.7677 -0.5765
vn 0.3135 0.8061 0.5019
vn 0.3130 0.7917 0.5247
vn 0.0175 0.8530 -0.5216
vn 0.1029 0.6899 0.7166
vn -0.1943 0.9552 0.2233
vn 0.2569 0.7067 0.6592
vn 0.0222 -0.9952 0.0953
vn 0.0966 0.6988 -0.7088
vn 0.0849 -0.2502 -0.9645
vn 0.1108 0.7606 -0.6397
vn 0.0904 0.8907 0.4455
vn -0.1840 0.8859 0.4257
vn 0.3602 0.7161 -0.5978
vn 0.0722 -0.0234 -0.9971
vn 0.0857 0.1045 -0.9908
vn -0.4677 0.8617 -0.1966
vn 0.3410 0.7457 0.5723
vn -0.1425 0.8403 0.5231
vn 0.3817 0.7482 0.5427
vn -0.4608 0.8862 -0.0490
vn -0.3428 0.9336 -0.1040
vn 0.0780 0.7930 -0.6043
vn 0.1051 0.6136 -0.7826
vn -0.0790 0.8647 -0.4960
vn 0.0655 -0.7066 -0.7046
vn 0.0451 0.9387 0.3419
vn -0.1791 0.8652 0.4684
vn 0.0739 0.0498 -0.9960
vn -0.1209 0.8423 -0.5253
vn -0.5690 0.7928 0.2184
vn 0.1361 0.8126 -0.5667
vn -0.3011 0.8992 0.3175
vn 0.0789 0.3038 -0.9494
vn 0.0644 0.8675 -0.4933
vn -0.1402 0.9038 0.4042
vn 0.2160 0.8929 0.3950
vn -0.1865 0.9633 -0.1933
vn 0.3532 0.6732 0.6497
vn 0.2306 0.7234 -0.6508
vn 0.1781 0.8476 -0.4998
vn 0.1183 0.8599 -0.4965
vn -0.0277 0.9171 -0.3978
vn 0.2936 0.7177 0.6315
vn -0.5118 0.8582 0.0396
vn 0.0777 -0.2526 0.9644
vn 0.3314 0.6318 0.7007
vn -0.2132 0.8793 0.4259
vn -0.2400 0.9630 0.1227
vn 0.0297 -0.9678 0.2501
vn 0.0642 0.0272 0.9976
vn 0.4273 0.7135 0.5553
vn 0.2575 0.8505 0.4587
vn 0.1091 0.2542 0.9610
vn 0.4911 0.7257 0.4819
vn 0.3507 0.7158 0.6039
vn -0.9029 0.4296 0.0177
vn -0.5532 0.8331 -0.0005
vn -0.4008 0.8120 -0.4243
vn 0.0941 -0.1544 -0.9835
vn 0.0724 -0.6042 -0.7935
vn 0.1665 0.6640 0.7290
vn -0.5516 0.7883 0.2728
vn 0.1703 0.9241 0.3421
vn -0.3265 0.9416 -0.0820
vn 0.1794 0.6662 -0.7239
vn -0.0179 0.9545 -0.2977
vn 0.1747 0.8092 -0.5609
vn 0.3761 0.7853 0.4918
vn -0.2324 0.8082 0.5411
vn 0.1129 0.8283 0.5488
vn 0.2021 0.7046 0.6802
vn 0.0038 0.9824 0.1867
vn -0.1861 0.9733 -0.1347
vn -0.5233 0.8223 -0.2237
vn 0.0812 0.3930 0.9160
vn -0.2467 0.8940 -0.3740
vn 0.2572 0.7717 -0.5817
vn -0.0080 0.9438 -0.3305
vn 0.0952 0.5770 -0.8112
vn 0.0626 0.9671 0.2466
vn -0.0270 0.8958 -0.4437
vn -0.6292 0.7470 0.2147
vn -0.4158 0.9005 -0.1277
vn -0.1798 0.9833 -0.0289
vn 0.0957 0.1103 0.9893
vn 0.2199 0.7101 0.6689
vn -0.6920 0.7206 -0.0432
vn 0.1304 0.9261 -0.3540
vn -0.1520 0.8601 -0.4869
vn 0.0833 0.5403 -0.8373
vn -0.4082 0.9103 -0.0695
vn 0.0767 -0.7865 0.6128
vn 0.1686 0.7193 -0.6739
vn 0.4097 0.8021 0.4345
vn -0.3977 0.7824 0.4792
vn 0.0803 0.9735 -0.2141
vn 0.0711 -0.5735 0.8161
vn 0.1389 0.8909 -0.4324
vn 0.5953 0.6628 0.4542
vn 0.0719 -0.4874 0.8702
vn 0.7157 0.5915 0.3713
vn -0.1778 0.9792 0.0982
vn -0.1849 0.9733 0.1362
vn 0.1175 0.4232 0.8984
vn 0.0193 0.8929 0.4499
vn 0.0051 0.9873 0.1588
vn 0.0746 0.9802 -0.1834
vn -0.0526 0.9770 0.2068
vn 0.0929 -0.0739 -0.9929
vn 0.1354 -0.0851 0.9871
vn 0.0875 -0.7065 0.7022
vn 0.3816 0.8481 0.3675
vn -0.1316 0.8090 0.5729
vn -0.0468 0.8289 0.5575
vn 0.2755 0.9129 0.3012
vn -0.3407 0.7999 0.4941
vn -0.3997 0.9154 0.0470
vn 0.1130 0.0094 -0.9936
vn -0.1045 0.9654 0.2388
vn 0.0490 0.8350 0.5481
vn 0.1227 0.9474 -0.2957
vn 0.3975 0.8190 -0.4137
vn -0.0530 0.8668 -0.4959
vn -0.3006 0.9407 -0.1576
vn 0.1172 -0.3059 -0.9448
vn 0.0932 0.4809 -0.8718
vn 0.0347 -0.9607 -0.2756
vn 0.2592 0.9055 -0.3359
vn -0.2310 0.9680 -0.0984
vn 0.1199 -0.0339 0.9922
vn 0.3336 0.8531 -0.4013
vn 0.3104 0.7924 -0.5252
vn -0.5099 0.8583 0.0574
vn 0.2544 0.7455 -0.6160
vn 0.0545 -0.9257 0.3744
vn 0.1112 0.3709 -0.9220
vn 0.1051 0.0556 0.9929
vn 0.1554 0.6197 -0.7693
vn 0.6870 0.6154 0.3865
vn 0.1112 0.4830 0.8685
vn 0.0085 0.8938 0.4483
vn 0.0287 0.9618 -0.2722
vn -0.3047 0.8992 0.3139
vn 0.1109 0.2316 -0.9665
vn 0.5924 0.6988 0.4008
vn 0.3442 0.7179 -0.6051
vn 0.2349 0.9254 -0.2973
vn -0.0208 0.9767 -0.2136
vn -0.0538 0.9980 -0.0335
vn 0.0968 -0.7466 -0.6582
vn 0.2670 0.7039 -0.6582
vn 0.3005 0.9244 -0.2351
vn 0.0168 -0.9873 -0.1581
vn 0.5818 0.6505 0.4882
vn 0.0888 0.9834 -0.1581
vn 0.0117 0.9809 -0.1941
vn 0.2876 0.9417 -0.1747
vn 0.1065 -0.4389 -0.8922
vn 0.4344 0.7776 -0.4545
vn 0.3490 0.7300 -0.5877
vn 0.1019 -0.1786 0.9786
vn 0.2835 0.9270 0.2457
vn 0.1482 -0.2127 -0.9658
vn 0.1063 -0.5391 0.8355
vn 0.2334 0.6798 -0.6953
vn 0.1075 -0.6122 0.7833
vn 0.4241 0.7431 -0.5177
vn 0.0651 0.8304 -0.5534
vn 0.4933 0.3426 0.7996
vn 0.4132 0.8657 -0.2826
vn 0.0944 0.1584 0.9829
vn 0.2347 0.9529 0.1922
vn 0.0990 0.9948 0.0248
vn 0.1101 0.1581 -0.9813
vn 0.0810 -0.8294 -0.5528
vn 0.1189 -0.3324 0.9356
vn 0.5919 0.7317 -0.3381
vn 0.5471 0.7759 0.3140
vn 0.1185 0.1168 0.9861
vn 0.7588 0.5276 0.3819
vn 0.8755 0.3767 0.3026
vn 0.1594 0.8219 0.5469
vn 0.3175 0.9318 -0.1759
vn 0.1388 -0.1060 -0.9846
vn 0.2053 0.8239 -0.5283
vn 0.1281 0.9014 -0.4136
vn 0.0611 0.9639 0.2593
vn 0.0398 -0.9826 0.1816
vn 0.5133 0.7148 -0.4749
vn 0.5258 0.7928 -0.3083
vn 0.0688 -0.8383 0.5408
vn 0.0881 -0.8764 0.4735
vn 0.8063 0.5129 0.2947
vn 0.1071 -0.6461 -0.7557
vn 0.8646 0.3928 0.3133
vn 0.1296 0.3302 0.9350
vn 0.1023 -0.2404 0.9653
vn 0.6143 0.7445 -0.2615
vn 0.2390 0.9490 0.2055
vn 0.1496 -0.0425 -0.9878
vn 0.1556 0.9829 -0.0982
vn 0.1415 0.8838 0.4460
vn 0.1404 0.4383 -0.8878
vn 0.4452 0.7692 0.4584
vn 0.7079 0.6104 0.3553
vn 0.3524 0.7521 0.5569
vn 0.5029 0.8385 -0.2096
vn 0.2366 0.8122 0.5333
vn 0.2033 0.8607 0.4668
vn 0.1369 0.9766 0.1656
vn 0.6216 0.6416 -0.4494
vn 0.1218 -0.5496 -0.8265
vn 0.5383 0.7019 -0.4665
vn 0.1546 0.0362 0.9873
vn 0.1534 0.9766 0.1508
vn 0.2214 0.9385 -0.2650
vn 0.0204 -0.9988 0.0448
vn 0.5106 0.8236 0.2469
vn 0.4651 0.8455 -0.2622
vn 0.4525 0.8759 -0.1677
vn 0.5683 0.7208 0.3968
vn 0.5811 0.7879 -0.2038
vn 0.7252 0.6147 -0.3102
vn 0.6767 0.6250 -0.3893
vn 0.1272 0.3134 -0.9411
vn 0.1672 0.9492 0.2665
vn 0.7412 0.5962 0.3083
vn 0.6926 0.6763 -0.2510
vn 0.6049 0.6657 -0.4369
vn 0.6876 0.6588 0.3052
vn 0.1406 0.0634 0.9880
vn 0.3695 0.8386 -0.4004
vn 0.2691 0.9318 0.2437
vn 0.6330 0.6908 -0.3493
vn 0.9433 0.2260 0.2431
vn 0.1670 -0.1592 -0.9730
vn 0.6952 0.6941 -0.1870
vn 0.7127 0.6578 0.2437
vn 0.7241 0.6659 -0.1797
vn 0.3551 0.7382 -0.5736
vn 0.2706 0.7152 -0.6444
vn 0.4820 0.7164 -0.5043
vn 0.2655 0.8438 -0.4663
vn 0.3106 0.7855 -0.5353
vn 0.8204 0.4927 0.2900
vn 0.1312 -0.3605 -0.9235
vn 0.3489 0.7952 0.4959
vn 0.8553 0.4815 0.1911
vn 0.9250 0.3552 0.1350
vn 0.9453 0.2730 0.1787
vn 0.7910 0.5574 -0.2522
vn 0.1405 -0.3643 0.9206
vn 0.1366 0.5809 0.8024
vn 0.7958 0.5813 -0.1697
vn 0.0582 -0.9335 -0.3539
vn 0.1348 0.5461 -0.8268
vn 0.8597 0.4724 -0.1943
vn 0.7667 0.5879 0.2580
vn 0.2619 0.9651 -0.0070
vn 0.6620 0.7138 0.2286
vn 0.5047 0.8454 0.1749
vn 0.1499 0.1750 -0.9731
vn 0.3321 0.9253 0.1833
vn 0.2975 0.8363 0.4605
vn 0.3338 0.8025 -0.4946
vn 0.5268 0.8103 0.2568
vn 0.3281 0.8000 0.5023
vn 0.9215 0.3391 0.1895
vn 0.1473 0.0952 -0.9845
vn 0.8579 0.4606 -0.2277
vn 0.1609 0.7284 0.6660
vn 0.0685 -0.9726 -0.2223
vn 0.1350 0.5354 0.8337
vn 0.3760 0.8074 -0.4546
vn 0.2335 0.8921 0.3868
vn 0.5656 0.8104 0.1531
vn 0.0900 -0.4846 0.8701
vn 0.8390 0.4699 -0.2743
vn 0.4494 0.8180 -0.3590
vn 0.8018 0.5681 0.1857
vn 0.7779 0.5720 -0.2602
vn 0.1212 -0.2771 0.9532
vn 0.1657 0.2577 0.9519
vn 0.3737 0.9049 -0.2039
vn 0.8600 0.4733 0.1907
vn 0.8718 0.4088 0.2699
vn 0.2774 0.9405 0.1965
vn 0.1471 -0.4857 -0.8616
vn 0.7127 0.6841 -0.1553
vn 0.9821 0.1031 0.1574
vn 0.3502 0.8093 0.4716
vn 0.7866 0.5950 -0.1648
vn 0.0814 -0.8872 -0.4542
vn 0.8780 0.4387 -0.1914
vn 0.5831 0.7460 0.3216
vn 0.1229 0.1971 0.9726
vn 0.1568 0.0357 -0.9870
vn 0.8571 0.4701 0.2106
vn 0.1049 -0.8197 0.5632
vn 0.5160 0.7944 0.3204
vn 0.7318 0.6294 0.2613
vn 0.9186 0.3595 -0.1642
vn 0.1550 0.1541 0.9758
vn 0.8730 0.4291 0.2319
vn 0.9546 0.2529 0.1573
vn 0.4974 0.8268 0.2628
vn 0.9799 0.1290 0.1525
vn 0.7637 0.6085 0.2157
vn 0.1139 -0.7313 0.6725
vn 0.1594 -0.0238 0.9869
vn 0.2823 0.8240 -0.4912
vn 0.4273 0.8416 0.3305
vn 0.6165 0.6801 -0.3967
vn 0.3868 0.8637 0.3231
vn 0.9640 0.1244 0.2351
vn 0.1013 0.8061 0.5831
vn 0.4301 0.7857 0.4445
vn 0.1556 0.5312 0.8329
vn 0.1545 0.4904 -0.8577
vn 0.0882 0.8786 0.4694
vn 0.7899 0.5921 0.1597
vn 0.4661 0.8195 0.3334
vn 0.8944 0.4081 -0.1829
vn 0.4882 0.8297 0.2706
vn 0.8356 0.5409 -0.0960
vn 0.1557 -0.2657 -0.9514
vn 0.1746 0.3622 0.9156
vn 0.8038 0.5430 0.2429
vn 0.0015 0.9360 0.3521
vn 0.4939 0.8208 0.2869
vn 0.2284 0.9351 0.2710
vn 0.2383 0.8920 0.3841
vn 0.6837 0.7190 -0.1249
vn 0.3764 0.9250 0.0519
vn 0.3000 0.8344 0.4623
vn 0.7146 0.6498 -0.2591
vn 0.0633 0.9329 0.3544
vn -0.5499 0.5073 0.6636
vn 0.4901 0.8274 0.2741
vn 0.7447 0.6052 -0.2813
vn -0.5833 0.7507 0.3102
vn -0.3764 0.8477 0.3738
vn 0.4592 0.8121 0.3601
vn 0.1649 -0.1903 0.9678
vn 0.1319 -0.6213 -0.7724
vn 0.6208 0.6483 0.4408
vn 0.8509 0.4483 0.2738
vn 0.7062 0.6381 -0.3067
vn 0.6862 0.6794 -0.2598
vn 0.1488 0.9199 0.3628
vn 0.8868 0.3092 0.3436
vn -0.3871 0.8635 0.3234
vn 0.0019 0.7962 -0.6050
vn 0.6368 0.3713 0.6757
vn 0.2539 0.8950 0.3667
vn 0.7119 0.5587 0.4254
vn 0.2193 0.8451 -0.4875
vn -0.3118 0.8563 0.4116
vn 0.6442 0.7087 -0.2877
vn 0.5742 0.7792 -0.2511
vn -0.5890 0.7325 0.3414
vn 0.1829 0.9793 -0.0872
vn 0.2515 0.8941 0.3706
vn 0.7086 0.5296 0.4662
vn 0.1595 0.2571 -0.9531
vn 0.1623 -0.5528 0.8173
vn 0.1183 0.9450 0.3049
vn -0.2200 0.9138 0.3414
vn 0.6000 0.6806 0.4205
vn 0.6078 0.7222 0.3301
vn -0.5935 0.7513 0.2887
vn 0.7496 0.6091 0.2590
vn 0.2965 0.8879 -0.3517
vn -0.4598 0.7886 0.4082
vn 0.0690 0.9164 0.3943
vn -0.6461 -0.6382 -0.4187
vn 0.0610 0.9400 0.3357
vn 0.9345 0.3520 0.0530
vn 0.0563 -0.9645 0.2580
vn 0.1273 0.9319 0.3396
vn 0.1902 0.3737 -0.9078
vn 0.5201 0.7265 0.4492
vn 0.1274 -0.6698 0.7315
vn 0.1832 -0.3176 0.9304
vn 0.1897 0.2658 0.9452
vn 0.9208 0.3655 -0.1362
vn -0.3221 0.8180 0.4766
vn 0.1527 0.9259 -0.3456
vn -0.1827 0.7748 0.6052
vn -0.4558 0.7952 -0.3999
vn 0.4927 0.8379 0.2348
vn -0.0029 0.9372 -0.3489
vn 0.0163 0.9100 0.4144
vn -0.6968 0.6804 0.2270
vn -0.6908 0.6545 0.3073
vn 0.6222 0.6741 0.3981
vn 0.1400 0.6142 0.7766
vn 0.8771 0.4149 0.2421
vn 0.1705 0.8519 0.4951
vn 0.2959 0.9374 -0.1835
vn 0.1536 0.4751 0.8664
vn 0.7094 0.6337 -0.3086
vn 0.6670 0.6799 -0.3048
vn -0.4217 0.8206 0.3858
vn -0.6680 0.6892 0.2807
vn -0.3685 0.8481 0.3806
vn 0.5440 0.7970 0.2625
vn -0.3063 0.9406 -0.1467
vn 0.5691 0.7615 -0.3102
vn 0.7039 0.6369 -0.3143
vn 0.7773 0.5477 -0.3096
vn 0.5751 0.8174 -0.0334
vn 0.4586 0.7926 -0.4018
vn -0.3060 0.8824 0.3574
vn 0.6119 0.7257 0.3145
vn 0.4433 0.8177 -0.3673
vn 0.1311 0.8370 0.5313
vn 0.4328 0.7748 -0.4608
vn 0.1930 0.9547 -0.2266
vn 0.3240 0.8640 -0.3854
vn 0.9328 -0.3605 0.0048
vn 0.0385 0.9136 -0.4049
vn -0.4466 0.8364 -0.3177
vn 0.5270 0.7971 -0.2948
vn -0.2916 0.8851 -0.3627
vn 0.3910 0.8474 -0.3592
vn 0.3481 0.8794 -0.3249
vn -0.2083 0.9204 -0.3308
vn -0.1397 0.9156 -0.3770
vn -0.0139 0.9320 0.3623
vn 0.2482 0.9448 -0.2137
vn 0.1286 0.6644 0.7362
vn 0.1752 0.9227 -0.3433
vn -0.5674 0.7472 0.3461
vn 0.1815 0.9354 -0.3035
vn 0.6514 0.6813 -0.3340
vn -0.0988 0.9026 -0.4190
vn 0.1116 0.9191 -0.3778
vn 0.2450 0.9139 -0.3237
vn -0.6406 0.6796 0.3575
vn -0.4035 0.8661 0.2951
vn 0.4129 0.8105 -0.4155
vn -0.3174 0.8515 -0.4175
vn 0.0017 0.9753 -0.2207
vn -0.6638 0.7061 -0.2466
vn -0.3753 0.8521 -0.3649
vn 0.8639 -0.4762 -0.1640
vn 0.5834 0.7855 -0.2066
vn -0.6344 0.7226 -0.2745
vn -0.1584 0.8259 0.5411
vn 0.2529 0.8591 -0.4449
vn -0.4685 -0.7896 -0.3962
vn 0.8412 -0.5325 -0.0936
vn 0.5387 0.7486 0.3865
vn 0.6414 0.6692 0.3751
vn 0.2564 -0.8973 -0.3594
vn -0.3928 0.8026 0.4490
vn 0.5385 0.7737 -0.3337
vn -0.2973 0.8608 0.4131
vn -0.4226 0.8153 0.3958
vn 0.4220 0.7762 -0.4684
vn 0.4378 0.7697 -0.4647
vn 0.3520 0.8087 -0.4713
vn 0.5340 0.7074 -0.4630
vn -0.3156 0.8499 -0.4220
vn 0.1739 0.0594 0.9830
vn 0.5973 0.7178 -0.3577
vn -0.1475 0.4663 -0.8722
vn 0.8033 0.5537 -0.2193
vn -0.0923 0.8091 0.5803
vn -0.1102 0.8177 0.5650
vn -0.3896 0.8115 0.4356
vn 0.2488 -0.7675 -0.5908
vn 0.5420 0.7303 0.4158
vn -0.6654 0.6682 0.3327
vn 0.0224 0.8972 0.4411
vn 0.5150 0.7265 0.4550
vn -0.3090 0.9226 -0.2308
vn -0.9215 0.1715 0.3485
vn -0.3640 0.8608 -0.3556
vn -0.4248 0.7874 -0.4468
vn -0.2560 0.8953 0.3646
vn 0.0712 0.9072 0.4146
vn -0.2681 0.8114 -0.5194
vn -0.6437 0.7295 -0.2311
vn -0.6230 0.7020 0.3451
vn -0.2987 -0.8200 -0.4883
vn -0.2659 0.8435 -0.4667
vn 0.2048 0.8482 -0.4885
vn -0.2460 0.8605 -0.4461
vn -0.5953 0.7758 -0.2092
vn -0.6172 0.7400 -0.2674
vn -0.5025 0.8433 -0.1906
vn 0.6763 -0.5629 -0.4752
vn 0.0908 0.8817 -0.4630
vn 0.3612 0.8626 -0.3541
vn 0.1835 -0.0677 0.9807
vn 0.6227 0.7428 -0.2459
vn -0.1519 0.8449 0.5130
vn 0.3377 0.8456 -0.4135
vn -0.6379 0.6515 -0.4105
vn -0.7036 0.6581 -0.2680
vn -0.0441 0.8476 0.5288
vn 0.1292 0.8802 -0.4567
vn 0.1083 0.8747 -0.4724
vn -0.4875 0.8080 -0.3309
vn 0.3640 0.8198 -0.4421
vn 0.0500 0.9036 -0.4255
vn -0.6976 0.6687 0.2572
vn 0.4603 0.8129 -0.3569
vn 0.1755 0.1270 0.9763
vn -0.6008 0.6840 -0.4138
vn 0.1617 -0.7018 -0.6937
vn 0.1688 0.6918 -0.7020
vn 0.1768 0.9165 0.3589
vn 0.0561 0.8834 -0.4653
vn -0.5534 0.6966 -0.4566
vn 0.3561 0.8335 -0.4224
vn 0.2941 0.8698 -0.3961
vn -0.6305 0.6666 -0.3976
vn 0.3961 0.8349 -0.3822
vn 0.1786 0.3149 -0.9322
vn -0.6542 0.7252 -0.2146
vn 0.4486 0.7814 0.4337
vn 0.1743 0.2237 -0.9589
vn 0.1897 0.9227 -0.3356
vn 0.1823 0.5690 -0.8019
vn -0.5872 0.6706 -0.4534
vn -0.5537 0.7639 0.3315
vn -0.0905 0.8841 -0.4585
vn -0.5136 0.7988 0.3132
vn 0.1494 -0.7579 -0.6350
vn 0.0999 0.9700 0.2218
vn 0.4190 0.8263 -0.3764
vn 0.1607 -0.6795 0.7158
vn -0.0424 0.7722 0.6339
vn -0.6259 0.6999 -0.3441
vn 0.5515 0.7862 -0.2788
vn 0.4054 0.7833 -0.4714
vn -0.4453 0.7346 -0.5119
vn 0.0947 0.6754 0.7314
vn 0.0330 0.7425 0.6690
vn 0.1764 -0.1460 0.9734
vn -0.1041 0.9683 -0.2272
vn 0.2899 0.7654 -0.5746
vn 0.1696 0.1896 0.9671
vn -0.5918 0.7563 0.2789
vn -0.2063 0.9471 0.2460
vn -0.3772 0.7840 0.4930
vn -0.5672 0.7104 -0.4166
vn 0.5859 0.8081 -0.0615
vn 0.5985 0.7961 0.0895
vn -0.3559 0.9081 -0.2208
vn 0.1861 0.4364 0.8803
vn -0.6808 0.6783 0.2764
vn -0.3021 0.8025 0.5145
vn -0.4774 0.8428 -0.2486
vn 0.2078 0.1591 -0.9651
vn 0.1932 -0.3524 -0.9157
vn 0.5084 0.8408 -0.1860
vn -0.2789 0.8640 -0.4192
vn -0.5537 0.7723 -0.3115
vn 0.1844 0.4867 0.8539
vn 0.1384 -0.8184 -0.5578
vn 0.0803 0.8911 -0.4467
vn 0.1601 -0.7499 0.6419
vn -0.1927 0.9448 0.2651
vn 0.4207 0.8301 0.3659
vn 0.1960 -0.1181 -0.9735
vn 0.2016 0.2181 0.9549
vn -0.6206 0.7452 0.2439
vn 0.1702 -0.4149 0.8938
vn 0.1992 0.6276 -0.7526
vn 0.2009 0.0640 -0.9775
vn -0.5285 0.7592 -0.3797
vn 0.3919 0.8673 0.3068
vn 0.0938 -0.9384 -0.3326
vn -0.4726 0.8506 -0.2303
vn -0.5649 0.6823 -0.4642
vn 0.2026 0.0155 0.9791
vn 0.0851 -0.9260 0.3677
vn 0.2002 -0.0646 -0.9776
vn -0.1720 0.7874 0.5919
vn -0.0936 0.9880 -0.1226
vn 0.2041 -0.0135 -0.9788
vn -0.3354 0.9082 -0.2503
vn 0.0554 -0.9895 -0.1337
vn -0.4752 0.7628 -0.4385
vn -0.4683 0.8295 -0.3044
vn 0.2088 0.9686 -0.1348
vn 0.2089 0.1867 0.9600
vn -0.4958 0.7101 -0.5000
vn -0.2348 0.8097 -0.5379
vn 0.2111 0.3847 0.8986
vn 0.3936 0.9002 0.1862
vn -0.1339 0.8235 -0.5513
vn -0.6819 0.6442 0.3464
vn 0.2177 -0.2286 0.9489
vn 0.0241 0.9807 0.1941
vn -0.3009 0.9146 0.2702
vn 0.0778 0.8207 -0.5660
vn 0.2290 0.2443 -0.9423
vn 0.3730 0.8969 -0.2377
vn 0.3073 0.9321 -0.1917
vn 0.2391 0.9647 -0.1104
vn -0.2745 0.9352 -0.2236
vn 0.6393 0.7689 0.0042
vn 0.2114 -0.1824 -0.9602
vn 0.0931 0.7147 0.6932
vn 0.3026 0.9458 -0.1175
vn 0.3953 0.9170 -0.0537
vn 0.1113 0.9854 -0.1288
vn -0.4106 0.8394 -0.3561
vn -0.4445 0.8382 0.3159
vn -0.4781 0.7349 -0.4811
vn -0.3739 0.7322 -0.5693
vn 0.4132 0.9101 0.0304
vn -0.2500 0.9343 -0.2541
vn -0.6169 0.7162 0.3263
vn 0.1798 -0.5055 -0.8439
vn 0.2243 0.0935 -0.9700
vn 0.2421 0.4993 -0.8319
vn -0.1274 0.9678 -0.2170
vn 0.1998 0.4403 -0.8753
vn -0.2809 0.9136 -0.2939
vn -0.4040 0.8173 -0.4109
vn 0.2173 0.9089 0.3558
vn 0.2077 0.5562 0.8047
vn -0.1480 0.7723 -0.6178
vn -0.4258 0.8606 0.2794
vn -0.3461 0.8664 0.3600
vn -0.3430 0.8374 0.4256
vn 0.1553 -0.8112 0.5637
vn 0.5628 0.8194 0.1089
vn 0.0179 -0.9989 -0.0445
vn 0.1879 -0.5682 -0.8012
vn 0.4479 0.7836 0.4306
vn -0.3993 0.7294 -0.5555
vn -0.2486 0.8823 -0.3997
vn -0.2578 0.8065 0.5321
vn 0.2193 -0.2488 -0.9434
vn 0.2708 0.9233 -0.2722
vn 0.2674 -0.3720 0.8889
vn -0.3607 0.8110 -0.4606
vn 0.2254 0.1215 0.9667
vn 0.2337 -0.3881 -0.8915
vn -0.3236 0.8320 0.4506
vn -0.2210 0.8512 0.4761
vn 0.5179 0.8236 -0.2313
vn 0.6709 0.7314 0.1219
vn -0.2073 0.9397 0.2719
vn 0.5687 0.8209 0.0523
vn 0.1671 0.9768 0.1340
vn -0.1442 0.9268 -0.3469
vn 0.2245 0.0260 -0.9741
vn 0.3626 0.9025 0.2325
vn 0.0500 -0.9924 0.1124
vn 0.2312 0.3211 -0.9184
vn -0.0731 0.7734 0.6297
vn 0.3063 0.9336 0.1857
vn 0.3272 0.9442 0.0367
vn 0.1397 -0.8661 0.4799
vn -0.1594 0.8090 0.5658
vn -0.2904 0.8487 -0.4421
vn 0.2463 -0.1993 0.9485
vn 0.0136 0.7610 -0.6486
vn 0.0808 -0.9578 0.2760
vn 0.7230 0.6580 -0.2103
vn -0.1236 0.8000 0.5872
vn -0.1223 0.9172 0.3792
vn 0.1794 0.8252 -0.5356
vn 0.6100 0.7902 -0.0594
vn 0.2484 -0.3453 0.9050
vn 0.6002 0.7679 -0.2240
vn 0.0707 -0.9825 0.1723
vn 0.2018 -0.7051 0.6798
vn 0.2519 0.0857 0.9639
vn 0.3653 0.9245 -0.1091
vn 0.1949 -0.6792 -0.7076
vn 0.0924 0.7331 0.6738
vn -0.0577 0.9804 0.1883
vn 0.1067 0.9795 -0.1710
vn 0.5547 0.8266 0.0948
vn -0.1172 0.8511 0.5118
vn 0.2388 -0.0966 0.9662
vn -0.3249 0.7811 -0.5332
vn 0.2460 0.0466 0.9681
vn 0.5280 0.8460 0.0737
vn 0.4653 0.8834 0.0564
vn -0.1431 0.8755 0.4615
vn -0.0468 0.8884 0.4568
vn 0.6831 0.7294 -0.0361
vn 0.2827 -0.0246 -0.9589
vn 0.0339 -0.9984 -0.0462
vn 0.0432 -0.9968 -0.0679
vn 0.6010 0.7884 -0.1310
vn 0.1687 0.6409 0.7489
vn 0.4598 0.8874 -0.0326
vn 0.0946 0.9684 0.2309
vn 0.4172 0.9001 0.1258
vn 0.3323 0.9425 -0.0368
vn -0.1550 0.9009 0.4054
vn -0.1259 0.8946 -0.4287
vn -0.2583 0.8165 -0.5163
vn 0.2654 0.1384 -0.9542
vn 0.1786 0.6574 -0.7320
vn 0.2134 0.3158 0.9245
vn 0.0889 -0.9652 -0.2460
vn 0.1459 0.9426 0.3004
vn 0.2325 0.2348 0.9438
vn 0.2238 -0.0217 0.9744
vn 0.2126 -0.5246 0.8244
vn 0.1805 0.9609 0.2100
vn 0.6619 0.7485 -0.0406
vn -0.0637 0.7249 -0.6859
vn -0.2825 0.7414 -0.6087
vn 0.1588 -0.8329 -0.5302
vn 0.1586 -0.8722 -0.4627
vn 0.2026 -0.7453 -0.6352
vn 0.0422 0.8273 -0.5602
vn 0.0021 0.9571 -0.2899
vn 0.3337 0.9159 0.2230
vn 0.2872 0.9334 -0.2152
vn 0.4457 0.8547 -0.2661
vn 0.4141 0.8905 -0.1884
vn 0.2637 -0.0845 -0.9609
vn 0.4820 0.7865 0.3861
vn 0.3830 0.9158 -0.1211
vn 0.0406 0.8924 0.4495
vn 0.2476 0.5470 -0.7997
vn 0.2062 0.9762 -0.0674
vn 0.2349 -0.6064 -0.7597
vn 0.2622 0.3467 0.9006
vn -0.0711 0.9064 -0.4164
vn 0.2519 0.5192 0.8167
vn 0.2326 0.4088 0.8825
vn 0.2510 -0.4752 -0.8433
vn 0.2395 0.4119 -0.8792
vn -0.0016 0.8776 -0.4795
vn 0.2584 0.4352 0.8624
vn 0.2726 0.1401 0.9519
vn 0.1174 0.9663 -0.2290
vn -0.0249 0.9629 0.2689
vn 0.0470 0.9343 -0.3534
vn -0.0013 0.9516 0.3072
vn 0.2521 0.4781 0.8414
vn -0.1424 0.7247 -0.6742
vn 0.4966 0.8352 -0.2364
vn 0.2156 0.6067 -0.7651
vn 0.4772 0.8486 -0.2284
vn 0.2383 0.3801 -0.8937
vn 0.5204 0.8538 -0.0172
vn 0.5410 0.8368 0.0844
vn 0.4512 0.8283 0.3322
vn 0.6668 0.7204 0.1909
vn 0.2635 0.2907 0.9198
vn -0.2547 0.7709 -0.5838
vn 0.0195 0.9215 0.3879
vn 0.0018 0.8646 0.5025
vn 0.5465 0.6981 -0.4627
vn 0.2594 0.9568 -0.1309
vn 0.2202 -0.6308 0.7441
vn 0.1511 -0.9033 0.4014
vn 0.3964 0.9128 0.0985
vn 0.0317 0.9275 0.3725
vn -0.1331 0.8422 -0.5225
vn -0.3749 0.7603 0.5304
vn 0.1438 0.8401 0.5231
vn -0.0519 0.9170 -0.3955
vn 0.0827 0.7908 0.6064
vn 0.0703 0.8120 0.5794
vn 0.6839 0.7102 -0.1673
vn 0.4277 0.8338 0.3491
vn 0.1257 0.8668 0.4826
vn 0.1115 0.9204 0.3746
vn 0.3696 0.9239 0.0995
vn 0.2758 0.9603 -0.0419
vn 0.6666 0.7376 0.1078
vn -0.1301 0.7711 -0.6232
vn -0.0297 0.8824 -0.4696
vn -0.3361 0.7948 0.5053
vn -0.0508 0.8752 -0.4811
vn 0.2609 -0.0023 0.9654
vn 0.3653 0.9116 -0.1888
vn -0.2235 0.8848 -0.4089
vn 0.1325 0.9165 -0.3774
vn 0.1102 0.6703 0.7339
vn 0.1197 0.8083 0.5765
vn 0.1952 0.6785 0.7082
vn 0.6522 0.7576 0.0257
vn 0.3268 0.9165 0.2307
vn 0.2634 0.9350 0.2374
vn -0.3089 0.7789 -0.5459
vn -0.0492 0.8194 -0.5712
vn 0.1338 -0.9294 -0.3439
vn 0.1947 0.5978 0.7776
vn 0.2658 -0.0765 0.9610
vn 0.1611 0.9863 -0.0350
vn 0.5144 0.8556 0.0585
vn 0.6492 0.6992 -0.2995
vn 0.1411 0.8909 0.4318
vn -0.0220 0.1289 0.9914
vn 0.1681 0.9343 -0.3145
vn 0.2599 -0.2946 -0.9196
vn 0.1267 0.9436 0.3059
vn 0.2889 0.0186 0.9572
vn 0.1781 0.9417 0.2856
vn 0.6454 0.7616 0.0579
vn 0.0265 0.8508 -0.5249
vn 0.4951 0.8658 0.0729
vn 0.2324 0.9508 -0.2050
vn 0.2651 -0.1481 -0.9528
vn 0.2016 0.7915 0.5770
vn 0.3240 0.9227 -0.2088
vn 0.4447 0.8948 -0.0393
vn 0.2621 0.9154 -0.3055
vn 0.1585 0.9060 0.3926
vn 0.7845 0.6030 0.1447
vn 0.2437 0.8181 0.5208
vn 0.1844 0.7731 0.6069
vn 0.2736 0.0551 -0.9603
vn 0.2712 0.1899 -0.9436
vn 0.1410 -0.9373 0.3188
vn 0.1606 0.8827 -0.4417
vn 0.0193 0.7390 -0.6734
vn -0.0036 0.7858 -0.6185
vn 0.4879 0.8316 -0.2653
vn 0.1788 0.9803 0.0836
vn 0.1398 0.7154 -0.6846
vn 0.2681 0.5824 -0.7674
vn 0.1968 0.9413 0.2745
vn 0.2070 -0.7729 0.5998
vn 0.2774 0.2798 -0.9191
vn 0.1072 0.8123 -0.5733
vn 0.1246 0.9597 0.2518
vn 0.1212 0.7801 0.6138
vn -0.3309 0.7642 -0.5536
vn 0.2659 -0.3582 0.8950
vn 0.1935 0.7259 0.6600
vn 0.2855 0.2669 0.9205
vn 0.2847 0.3036 0.9093
vn 0.5239 0.8041 -0.2810
vn 0.2545 0.1721 0.9516
vn 0.1468 0.8213 -0.5513
vn 0.0656 0.7128 -0.6983
vn 0.2666 -0.2002 -0.9428
vn -0.0399 0.9309 0.3630
vn 0.7770 0.6264 -0.0629
vn 0.0779 0.9200 0.3840
vn 0.5794 0.7458 -0.3287
vn 0.5044 0.8346 0.2214
vn 0.2844 0.9087 -0.3057
vn 0.2701 -0.1612 0.9492
vn 0.2185 0.6540 -0.7243
vn 0.2685 0.7586 0.5936
vn 0.0596 0.9516 -0.3015
vn -0.2224 0.8590 0.4611
vn 0.2964 0.4607 0.8366
vn 0.4690 0.8793 -0.0834
vn 0.5320 0.8371 0.1276
vn -0.1597 0.9652 0.2070
vn 0.4083 0.8777 0.2510
vn 0.1811 0.8470 -0.4997
vn -0.3433 0.7766 -0.5282
vn 0.1563 0.9685 -0.1936
vn 0.2920 0.4283 -0.8551
vn 0.2862 0.4918 -0.8223
vn 0.3927 0.8934 0.2183
vn 0.4546 0.6733 0.5832
vn 0.3428 0.8788 0.3319
vn 0.1833 0.9830 -0.0046
vn 0.0689 0.7542 -0.6530
vn 0.3083 0.5202 0.7965
vn 0.2625 0.5716 0.7774
vn 0.2463 0.9046 0.3480
vn 0.7226 0.6506 0.2336
vn 0.2640 -0.5842 0.7675
vn 0.3078 -0.4116 0.8578
vn 0.5790 0.8132 0.0592
vn 0.2810 -0.2307 0.9316
vn 0.2912 0.3514 -0.8898
vn 0.2320 0.8375 0.4948
vn 0.0437 0.9799 -0.1946
vn -0.0600 0.9202 -0.3868
vn 0.2039 -0.8457 0.4931
vn 0.2756 -0.5442 -0.7924
vn 0.1640 0.7738 -0.6118
vn 0.2345 0.8923 -0.3858
vn 0.2212 -0.8002 -0.5574
vn 0.6619 0.7307 0.1674
vn 0.4972 0.8337 0.2402
vn 0.2738 0.8942 -0.3541
vn 0.2873 0.7140 0.6385
vn 0.2833 0.0896 -0.9548
vn -0.3117 0.8202 0.4796
vn 0.1518 0.9255 -0.3469
vn 0.3183 0.4817 -0.8165
vn 0.5989 0.7861 0.1529
vn 0.2238 0.7252 -0.6512
vn 0.2611 -0.4874 0.8332
vn 0.3089 0.1770 0.9345
vn 0.6546 0.7483 0.1078
vn 0.6213 0.7834 0.0135
vn 0.2865 0.5356 -0.7944
vn 0.4821 0.8612 -0.1609
vn 0.4451 0.8720 -0.2036
vn 0.7612 0.6474 -0.0376
vn 0.3433 0.8606 0.3762
vn 0.2518 -0.6854 0.6833
vn 0.1945 0.8281 0.5257
vn 0.2609 0.6260 0.7349
vn -0.1601 0.8685 -0.4692
vn 0.8452 0.5188 -0.1288
vn 0.7777 0.6037 0.1755
vn 0.7398 0.6725 0.0199
vn 0.2992 0.9432 -0.1446
vn 0.2520 0.8368 -0.4860
vn 0.2794 0.6729 0.6849
vn 0.3056 0.8526 -0.4238
vn 0.3030 0.1038 0.9473
vn 0.6520 0.7556 -0.0623
vn 0.3900 0.9182 -0.0695
vn -0.2840 0.7971 -0.5329
vn 0.1357 0.9804 -0.1428
vn 0.2699 0.8120 0.5175
vn 0.4014 0.7924 0.4593
vn 0.0752 0.5638 0.8225
vn 0.3119 -0.1262 0.9417
vn 0.3200 -0.1979 -0.9265
vn 0.4616 0.7376 0.4928
vn 0.2716 0.7766 0.5684
vn 0.3075 0.0751 0.9486
vn 0.3175 0.1365 0.9384
vn 0.0723 0.7870 0.6127
vn 0.7122 0.7019 0.0108
vn 0.4900 0.8676 -0.0848
vn 0.4309 0.8874 0.1639
vn 0.1581 -0.8855 -0.4369
vn -0.1828 0.8437 0.5048
vn 0.7782 0.6239 0.0723
vn 0.7530 0.6454 0.1283
vn 0.2545 -0.6802 -0.6874
vn 0.2754 0.7538 -0.5966
vn 0.5164 0.8514 0.0916
vn 0.3149 0.6199 -0.7187
vn 0.2391 0.6688 -0.7039
vn 0.1170 0.9578 0.2626
vn -0.6845 -0.7277 0.0425
vn 0.4468 0.7466 -0.4928
vn 0.4330 0.8096 0.3962
vn 0.2986 0.4119 0.8609
vn 0.4639 0.8480 -0.2564
vn 0.3126 -0.4519 -0.8355
vn 0.2945 -0.2579 -0.9202
vn 0.2457 0.8069 -0.5371
vn 0.5189 0.8142 -0.2604
vn 0.3687 0.8849 -0.2847
vn 0.5691 0.7850 0.2447
vn 0.4498 0.7739 0.4459
vn -0.4867 0.6444 0.5898
vn 0.3222 -0.0678 -0.9442
vn 0.3083 -0.1159 -0.9442
vn 0.1080 0.6394 -0.7612
vn 0.3155 0.9363 -0.1542
vn 0.7984 0.5858 0.1392
vn 0.3185 0.3404 0.8847
vn 0.5252 0.7946 0.3047
vn 0.5363 0.7437 -0.3990
vn 0.3205 -0.3054 -0.8966
vn 0.2848 -0.4008 -0.8708
vn 0.3329 0.5303 0.7797
vn -0.0141 0.9409 0.3383
vn 0.3282 0.0182 -0.9444
vn 0.8355 0.5468 -0.0544
vn 0.8467 0.5307 -0.0389
vn 0.1226 -0.9617 0.2452
vn 0.6007 0.5425 -0.5873
vn 0.7004 0.7133 0.0259
vn 0.3318 0.3702 -0.8677
vn 0.4773 0.8707 0.1186
vn -0.1894 0.8883 -0.4184
vn 0.0794 0.7092 -0.7005
vn 0.4188 0.8827 -0.2134
vn 0.4185 0.8827 -0.2139
vn 0.1977 0.9290 -0.3128
vn 0.3279 0.1811 0.9272
vn -0.5003 0.5781 0.6446
vn 0.3281 0.2523 -0.9103
vn 0.2677 -0.7394 -0.6178
vn 0.3386 0.7149 0.6118
vn 0.3203 0.5609 0.7634
vn 0.7355 0.6749 0.0598
vn 0.2770 0.8528 0.4427
vn 0.3298 0.3016 -0.8946
vn 0.2341 -0.7785 0.5823
vn 0.3088 0.6098 0.7299
vn -0.0076 0.8412 0.5407
vn 0.2946 0.9458 0.1369
vn 0.4459 0.8042 -0.3930
vn 0.0096 0.7197 0.6942
vn 0.4586 0.7563 0.4666
vn 0.0126 -0.9998 -0.0165
vn 0.0357 0.9031 -0.4279
vn 0.7496 0.6617 -0.0166
vn 0.2875 0.6973 -0.6566
vn -0.2188 0.8188 -0.5308
vn 0.2974 -0.0429 0.9538
vn 0.3431 -0.0713 0.9366
vn 0.3380 0.2345 0.9115
vn 0.3488 0.6351 0.6892
vn 0.3020 -0.6492 0.6981
vn 0.3462 0.4748 0.8092
vn 0.2809 0.9583 -0.0521
vn 0.1329 0.8715 -0.4721
vn 0.7371 0.6637 0.1269
vn 0.7762 0.6211 0.1088
vn 0.6237 0.7219 0.2997
vn 0.3581 0.5581 0.7485
vn 0.3348 0.1409 -0.9317
vn 0.6240 0.7605 -0.1798
vn 0.5153 0.7661 0.3842
vn -0.0540 0.8153 0.5765
vn 0.6145 0.7685 0.1782
vn 0.3310 0.0283 0.9432
vn 0.1309 0.9044 0.4060
vn 0.3391 0.4075 -0.8479
vn 0.7204 0.5501 -0.4224
vn 0.3834 0.9108 0.1533
vn 0.3632 0.7586 0.5409
vn 0.8214 0.5626 0.0942
vn 0.4793 0.8588 0.1811
vn 0.8338 0.5450 0.0883
vn 0.3941 0.6817 0.6164
vn 0.2870 -0.6069 -0.7412
vn 0.2228 0.9512 -0.2134
vn 0.1964 -0.8545 -0.4810
vn 0.1609 -0.9182 -0.3620
vn 0.3064 0.7210 -0.6215
vn 0.4321 0.8432 0.3199
vn 0.1925 0.9050 -0.3794
vn 0.0088 0.9531 -0.3026
vn 0.0631 -0.9941 0.0883
vn 0.4282 0.8988 -0.0938
vn 0.1915 -0.8912 0.4111
vn 0.1220 0.8041 -0.5818
vn 0.3351 0.8562 0.3933
vn 0.3574 0.5547 -0.7514
vn 0.3986 0.8666 -0.3003
vn -0.3346 0.7510 0.5692
vn 0.4204 0.7348 0.5322
vn -0.1422 0.8682 -0.4754
vn 0.3747 0.7989 -0.4705
vn 0.3356 -0.3446 0.8767
vn 0.1292 -0.9595 -0.2502
vn 0.1017 -0.9765 -0.1900
vn 0.3444 0.4308 0.8341
vn 0.3749 0.8729 0.3122
vn 0.3500 0.1990 -0.9154
vn 0.3056 0.9479 0.0899
vn 0.3704 0.3058 0.8771
vn 0.3532 0.2605 0.8986
vn 0.4824 0.8371 -0.2581
vn 0.5223 0.8383 0.1563
vn 0.6966 0.6886 0.2014
vn 0.3709 0.1285 0.9197
vn -0.2403 0.7706 -0.5902
vn -0.2027 0.8335 0.5139
vn 0.3695 0.5774 0.7281
vn 0.3329 0.6418 -0.6908
vn 0.0009 -1.0000 -0.0011
vn 0.4612 0.8195 -0.3401
vn 0.4260 0.6486 0.6307
vn 0.1654 0.9470 0.2755
vn -0.2045 0.7244 -0.6584
vn 0.4310 0.8876 0.1625
vn 0.3382 -0.4894 0.8038
vn 0.8224 0.5683 -0.0243
vn 0.3589 0.0875 -0.9293
vn 0.3580 0.0888 0.9295
vn 0.8534 0.5114 0.1007
vn 0.2922 -0.7009 0.6506
vn 0.1522 0.9622 -0.2259
vn -0.2816 0.7930 0.5402
vn -0.0394 0.9068 0.4197
vn 0.6382 0.5080 -0.5785
vn 0.3108 0.8811 0.3565
vn 0.4446 0.7830 0.4350
vn 0.7313 0.6787 -0.0677
vn 0.7070 0.6998 0.1021
vn 0.6011 0.7119 0.3632
vn 0.3055 0.8092 -0.5019
vn 0.1252 0.8531 -0.5065
vn 0.2439 0.9462 -0.2128
vn 0.8200 0.5646 0.0940
vn 0.5689 0.7736 -0.2792
vn 0.2159 0.9659 0.1427
vn 0.2325 0.8131 0.5337
vn 0.3543 0.6731 -0.6492
vn 0.3879 0.8235 -0.4139
vn 0.3027 -0.6658 -0.6820
vn 0.0572 0.8769 0.4773
vn 0.3873 0.5216 0.7602
vn 0.3504 0.3844 0.8541
vn 0.2289 0.9601 -0.1604
vn 0.3739 -0.1639 0.9129
vn 0.4148 0.8871 0.2025
vn 0.4210 0.7036 0.5725
vn 0.3966 0.8693 0.2950
vn 0.6114 0.5960 -0.5206
vn 0.3490 0.6096 -0.7118
vn 0.3869 0.5776 -0.7188
vn 0.3730 0.7489 -0.5478
vn 0.6009 0.7764 -0.1900
vn 0.4768 0.8055 -0.3519
vn 0.3106 0.8621 0.4004
vn 0.3606 -0.2484 0.8990
vn 0.1074 -0.9778 0.1801
vn 0.5144 0.8450 0.1460
vn 0.4468 0.7570 -0.4767
vn 0.6288 0.6314 -0.4538
vn 0.1751 0.8140 -0.5539
vn -0.6908 0.6573 0.3012
vn 0.4835 0.8751 0.0199
vn 0.3586 0.9332 0.0232
vn 0.6536 0.4944 -0.5731
vn -0.0523 0.8872 0.4584
vn 0.5221 0.8457 -0.1109
vn 0.3560 0.5004 -0.7892
vn 0.3611 -0.3633 -0.8588
vn 0.4842 0.6328 0.6042
vn 0.3651 -0.0494 -0.9297
vn 0.5272 0.7135 0.4615
vn 0.3612 0.3609 0.8598
vn 0.1514 0.9361 0.3175
vn 0.7014 0.6714 0.2392
vn 0.6611 0.7469 0.0714
vn 0.3380 -0.5182 -0.7856
vn -0.3578 0.7406 0.5688
vn 0.3469 -0.0138 0.9378
vn -0.2662 0.7704 0.5793
vn 0.1828 0.8364 -0.5167
vn 0.5672 0.7598 -0.3178
vn 0.3787 0.4891 0.7857
vn 0.5626 0.8210 -0.0975
vn 0.3812 0.8047 0.4551
vn 0.3081 0.8116 -0.4964
vn 0.3670 0.4491 -0.8146
vn 0.4467 0.8056 0.3891
vn 0.5493 0.7882 -0.2776
vn -0.0063 0.8988 -0.4383
vn -0.2398 0.6626 -0.7095
vn 0.2314 0.8858 0.4023
vn 0.4242 0.5924 0.6849
vn 0.4036 0.3830 0.8309
vn 0.4191 0.6285 0.6552
vn 0.0251 0.8997 0.4359
vn 0.6643 0.7269 -0.1741
vn 0.3823 0.2452 0.8909
vn 0.2336 0.8376 -0.4939
vn 0.3328 0.0569 0.9413
vn 0.7928 0.6076 0.0475
vn 0.3539 -0.3886 0.8507
vn 0.3676 -0.1273 -0.9212
vn 0.3991 0.7093 -0.5810
vn 0.7845 0.6120 0.1001
vn 0.1683 -0.9398 0.2974
vn 0.3788 -0.2270 -0.8972
vn 0.8405 0.5380 0.0636
vn 0.3982 0.1409 0.9064
vn 0.4042 0.0115 -0.9146
vn 0.3750 0.9253 -0.0567
vn 0.0833 -0.9892 -0.1203
vn -0.1067 0.8351 -0.5396
vn 0.7801 0.6151 0.1144
vn 0.2732 0.9437 0.1867
vn 0.2391 0.9487 0.2067
vn 0.2380 -0.8662 -0.4394
vn 0.4753 0.8023 0.3611
vn 0.3921 0.3888 -0.8337
vn 0.2715 0.8702 0.4112
vn -0.4609 0.6278 0.6273
vn 0.4011 0.4223 0.8129
vn 0.3999 0.3253 0.8569
vn 0.3745 -0.4175 -0.8279
vn 0.2449 -0.8188 -0.5192
vn 0.2375 0.9406 0.2428
vn 0.2489 0.9295 -0.2721
vn 0.3380 0.0247 0.9408
vn 0.4265 0.6742 -0.6030
vn 0.4278 0.7980 -0.4244
vn 0.4761 0.6817 0.5555
vn 0.1652 0.7949 -0.5839
vn 0.3724 0.3285 -0.8680
vn 0.7164 0.6820 0.1472
vn 0.3118 -0.6932 -0.6499
vn -0.7305 0.3117 0.6076
vn 0.3894 0.1597 -0.9071
vn 0.6012 0.6911 0.4011
vn 0.3898 0.0583 0.9190
vn -0.2148 0.7290 -0.6499
vn -0.2068 0.7721 0.6009
vn 0.5854 0.7310 -0.3506
vn 0.6421 0.4883 -0.5910
vn 0.2934 -0.7559 0.5853
vn 0.6584 0.7313 -0.1779
vn 0.8482 0.5140 0.1277
vn 0.5651 0.7851 0.2535
vn 0.3385 0.9028 0.2654
vn 0.2519 -0.8226 0.5098
vn 0.3369 -0.5849 0.7378
vn 0.2367 0.9371 -0.2565
vn 0.6545 0.6168 -0.4371
vn 0.4001 0.0920 -0.9118
vn 0.1146 0.9275 -0.3559
vn 0.3606 0.2587 -0.8961
vn 0.7046 0.6908 -0.1621
vn 0.2773 0.9605 0.0211
vn 0.3712 0.9258 -0.0720
vn 0.3875 -0.0827 0.9181
vn 0.6781 0.7324 0.0623
vn 0.4001 0.6215 -0.6735
vn 0.3598 -0.3037 0.8822
vn 0.4159 0.9048 0.0910
vn 0.3987 0.5190 -0.7561
vn -0.0411 0.8584 0.5114
vn -0.1730 0.8056 -0.5666
vn 0.5163 0.6761 0.5256
vn -0.4704 0.6307 0.6172
vn 0.4662 0.7164 -0.5191
vn -0.7511 -0.6488 -0.1218
vn 0.3388 0.8920 0.2992
vn 0.4465 0.8947 0.0099
vn 0.5002 0.7940 -0.3455
vn 0.4021 -0.2908 -0.8682
vn 0.0581 0.7948 0.6041
vn 0.4757 0.6397 0.6038
vn 0.4901 0.8699 0.0556
vn 0.3277 -0.6691 0.6670
vn 0.3936 0.1823 0.9010
vn 0.5901 0.6261 0.5097
vn 0.3270 0.8554 0.4017
vn 0.4108 0.4331 -0.8023
vn 0.4200 0.2772 -0.8642
vn 0.0552 -0.9983 0.0203
vn 0.3403 -0.5871 -0.7345
vn 0.6021 0.7639 -0.2321
vn 0.1629 0.9152 0.3686
vn 0.6937 0.7162 -0.0762
vn -0.1323 0.7360 -0.6639
vn -0.2718 0.6591 -0.7012
vn -0.3153 0.7026 0.6379
vn 0.4192 0.2064 -0.8841
vn 0.3610 0.9230 0.1333
vn 0.3593 0.8235 -0.4390
vn -0.0729 0.8911 0.4480
vn -0.0743 0.7826 -0.6181
vn 0.2733 0.9445 -0.1825
vn 0.7894 0.6132 0.0293
vn 0.4114 0.4731 -0.7790
vn 0.4354 0.3663 0.8223
vn 0.3220 -0.7381 -0.5930
vn 0.4088 -0.1635 0.8979
vn 0.4174 0.0789 0.9053
vn 0.3132 0.8457 -0.4321
vn 0.4023 -0.3678 0.8384
vn 0.6648 0.7047 -0.2478
vn 0.6050 0.7076 0.3651
vn 0.6898 0.7034 0.1712
vn 0.3908 0.5581 0.7320
vn 0.4159 -0.0757 -0.9062
vn 0.2333 0.8874 -0.3977
vn 0.2607 0.9264 -0.2715
vn 0.1106 0.8888 -0.4448
vn -0.1173 0.7705 0.6266
vn 0.6734 0.7060 0.2193
vn 0.4101 -0.0285 0.9116
vn 0.4358 0.4819 0.7602
vn 0.5937 0.7982 -0.1020
vn 0.0118 0.8400 -0.5425
vn -0.2625 0.7507 0.6062
vn 0.1443 0.7325 -0.6653
vn 0.2030 -0.9224 -0.3287
vn 0.6711 0.7120 0.2065
vn 0.5552 0.7142 -0.4262
vn 0.4076 -0.1533 -0.9002
vn 0.5806 0.7956 -0.1729
vn 0.1675 -0.9539 -0.2491
vn 0.3562 -0.6295 -0.6906
vn 0.4342 0.1394 -0.8900
vn 0.3906 -0.4377 0.8099
vn 0.3742 0.9206 -0.1118
vn 0.1266 0.8079 -0.5756
vn -0.1412 -0.9736 0.1794
vn 0.4094 -0.2594 0.8747
vn 0.4273 0.0034 0.9041
vn 0.5313 0.7956 -0.2911
vn 0.2953 0.9203 0.2567
vn -0.0167 0.8110 0.5848
vn 0.7862 0.6121 0.0850
vn 0.4264 0.5419 0.7243
vn 0.5199 0.8294 0.2047
vn 0.4911 0.6961 0.5237
vn 0.2177 -0.8956 0.3880
vn 0.5063 0.6681 -0.5452
vn 0.2756 -0.8404 0.4666
vn 0.4584 0.5833 0.6705
vn 0.3113 -0.7871 -0.5326
vn 0.4131 -0.4748 -0.7771
vn -0.4452 0.4641 -0.7658
vn 0.4727 0.8790 0.0623
vn 0.1434 0.6787 -0.7203
vn 0.4276 0.9010 -0.0733
vn 0.2905 0.9413 0.1722
vn 0.4214 0.2161 0.8807
vn 0.4275 0.5194 -0.7399
vn 0.2302 0.9043 0.3596
vn 0.3827 0.8728 -0.3028
vn 0.1574 0.8103 0.5644
vn 0.4885 0.6278 -0.6060
vn 0.4437 0.3013 0.8440
vn 0.1719 0.8453 -0.5059
vn 0.5189 0.6437 0.5625
vn 0.2414 0.9092 -0.3393
vn 0.3342 0.9404 -0.0629
vn 0.4388 -0.0752 0.8954
vn 0.5479 0.7417 0.3869
vn 0.5624 0.7016 0.4376
vn 0.1926 -0.9455 0.2626
vn 0.2594 -0.8793 -0.3994
vn 0.5163 0.6642 0.5407
vn 0.4207 -0.1569 -0.8935
vn 0.4091 0.8773 -0.2510
vn 0.3819 -0.5250 0.7606
vn 0.7441 0.6603 -0.1017
vn 0.4513 0.0486 -0.8911
vn 0.4447 0.3842 -0.8091
vn 0.4025 0.8157 0.4156
vn 0.4054 0.9082 -0.1041
vn 0.3864 -0.6041 0.6969
vn 0.4937 0.7727 0.3990
vn 0.0987 0.8050 0.5850
vn 0.3024 0.8855 0.3527
vn 0.3615 -0.6955 -0.6210
vn 0.3066 0.9354 -0.1760
vn -0.0421 0.7143 -0.6986
vn 0.4364 -0.2423 -0.8665
vn 0.0775 -0.9915 -0.1048
vn 0.4393 0.1575 0.8844
vn 0.2992 0.8292 -0.4721
vn 0.5501 0.6946 -0.4637
vn 0.4370 0.3448 -0.8308
vn 0.4162 -0.3699 -0.8306
vn 0.4614 0.5934 -0.6595
vn 0.4992 0.6266 0.5984
vn 0.4682 0.5444 -0.6960
vn 0.0660 0.8093 -0.5837
vn 0.1895 0.7460 -0.6384
vn 0.4158 -0.5206 -0.7457
vn 0.6398 0.6986 -0.3204
vn 0.0889 0.8247 0.5586
vn 0.1279 -0.9837 0.1267
vn 0.4501 0.2317 -0.8624
vn 0.5510 0.7842 -0.2854
vn 0.4023 -0.4282 -0.8092
vn 0.4506 0.2940 -0.8429
vn 0.3010 0.9080 -0.2915
vn 0.6195 0.7147 0.3247
vn 0.1250 0.8553 0.5028
vn 0.2840 0.8360 -0.4695
vn 0.2080 0.7874 -0.5803
vn 0.4305 0.2478 0.8679
vn 0.5405 0.7346 0.4102
vn 0.3767 -0.6685 0.6413
vn 0.5310 0.7534 0.3878
vn 0.0031 0.7609 -0.6489
vn 0.1416 -0.9735 -0.1796
vn 0.6040 0.6862 -0.4054
vn 0.4411 0.4138 0.7964
vn 0.3291 -0.7499 0.5739
vn 0.4235 0.1114 0.8990
vn 0.1445 0.8605 -0.4885
vn 0.6214 0.7740 -0.1217
vn 0.1906 0.8079 -0.5576
vn 0.2393 -0.9021 0.3591
vn 0.4684 -0.3085 -0.8279
vn 0.2927 0.8946 -0.3377
vn 0.2233 0.8633 0.4526
vn 0.4640 0.8805 0.0974
vn 0.0821 -0.9900 0.1143
vn 0.5589 0.8089 -0.1825
vn -0.1067 0.7690 0.6302
vn 0.4089 0.8376 -0.3622
vn 0.5491 0.6512 -0.5239
vn 0.3511 0.8984 -0.2638
vn -0.1771 0.6611 -0.7291
vn 0.4580 0.5210 0.7203
vn 0.5649 0.8232 -0.0567
vn 0.4115 -0.5916 -0.6933
vn 0.4467 -0.3224 0.8346
vn 0.3921 0.8844 0.2530
vn 0.2416 0.8804 -0.4080
vn 0.3979 0.4098 -0.8208
vn 0.3653 0.8563 0.3651
vn 0.4020 0.9119 -0.0824
vn 0.4619 0.8833 0.0806
vn 0.2538 0.7851 -0.5650
vn 0.1921 0.6755 -0.7119
vn 0.0922 0.7824 0.6159
vn 0.5610 0.8226 -0.0928
vn 0.0413 -0.9985 -0.0369
vn 0.0242 -0.9996 -0.0151
vn 0.4772 0.8780 0.0366
vn -0.1621 0.6605 -0.7331
vn 0.1671 0.8226 -0.5436
vn 0.6187 0.6152 0.4886
vn 0.4169 0.8535 -0.3125
vn 0.5571 0.5954 0.5789
vn 0.4668 0.0730 0.8813
vn 0.6134 0.6350 -0.4696
vn 0.4475 -0.0448 -0.8932
vn 0.4775 -0.1983 -0.8560
vn 0.4438 -0.2246 0.8675
vn 0.4084 0.8592 -0.3082
vn 0.0857 0.7397 0.6675
vn 0.4639 0.4289 -0.7751
vn 0.4362 0.7581 0.4847
vn 0.4554 0.4710 -0.7555
vn 0.3731 0.9140 -0.1594
vn 0.5643 0.6687 -0.4841
vn 0.3113 0.7913 0.5263
vn 0.5249 0.6010 -0.6027
vn 0.3852 0.9205 0.0656
vn 0.4688 0.1654 -0.8677
vn 0.0450 0.7494 0.6606
vn 0.2798 0.8602 0.4264
vn 0.2385 0.8001 0.5504
vn 0.6300 0.6197 -0.4681
vn 0.4579 -0.1731 0.8720
vn 0.4547 -0.1217 0.8823
vn 0.4709 0.5736 0.6703
vn 0.4783 0.5172 -0.7097
vn 0.6589 0.6858 -0.3090
vn 0.3193 0.9013 -0.2927
vn 0.5096 0.8545 0.1008
vn 0.6827 0.7263 -0.0803
vn 0.2483 0.8665 -0.4330
vn 0.4791 0.3172 0.8185
vn 0.3220 -0.8084 -0.4927
vn 0.5414 0.8242 0.1661
vn 0.4709 -0.1289 -0.8727
vn 0.4593 0.4603 0.7597
vn 0.4651 0.2139 0.8590
vn 0.5034 0.5583 -0.6595
vn 0.4868 -0.0283 0.8731
vn 0.4777 0.0242 0.8782
vn -0.0397 0.7098 -0.7033
vn -0.0912 0.6803 -0.7272
vn 0.4040 0.9046 0.1357
vn 0.4547 -0.3970 0.7973
vn 0.4807 0.1068 -0.8704
vn 0.5703 0.7977 0.1962
vn 0.1520 0.7603 0.6315
vn 0.1460 0.7778 0.6113
vn 0.4621 -0.3906 -0.7962
vn 0.3794 -0.7260 -0.5736
vn 0.4830 -0.2140 0.8491
vn 0.1622 0.8279 -0.5369
vn 0.4713 -0.1644 0.8665
vn 0.5003 -0.1156 0.8581
vn 0.1679 -0.9621 0.2149
vn 0.4667 0.8371 -0.2855
vn 0.5753 0.6095 0.5456
vn 0.3939 0.8065 -0.4409
vn 0.3713 0.7658 -0.5250
vn 0.1275 0.7658 -0.6303
vn 0.4667 0.8770 -0.1142
vn 0.4960 -0.0058 -0.8683
vn 0.3627 0.8942 0.2623
vn 0.4896 0.8405 0.2320
vn 0.5300 0.7486 -0.3984
vn 0.4244 0.9027 -0.0707
vn 0.2647 -0.8988 -0.3494
vn 0.3096 -0.8021 0.5106
vn 0.4447 0.4828 0.7544
vn 0.4699 0.1740 0.8654
vn 0.4897 0.2668 -0.8301
vn 0.4570 -0.5333 -0.7118
vn 0.5675 0.8232 0.0159
vn 0.4793 0.6535 0.5858
vn 0.4290 0.6954 0.5766
vn 0.4115 0.8190 0.4000
vn 0.3479 0.8144 0.4644
vn 0.2193 0.7974 -0.5621
vn 0.3652 0.8606 -0.3549
vn 0.5368 0.8344 -0.1250
vn 0.7147 0.6853 0.1396
vn 0.4764 0.1386 0.8682
vn 0.5833 0.7601 0.2864
vn 0.4626 0.6119 0.6415
vn 0.4143 0.7796 -0.4696
vn 0.4864 0.1005 0.8679
vn 0.4386 -0.5023 0.7452
vn 0.2418 0.8651 0.4395
vn 0.4942 0.3266 -0.8057
vn 0.5477 0.8133 0.1963
vn 0.4996 0.2040 -0.8419
vn 0.3578 0.8945 -0.2680
vn -0.0405 0.7165 -0.6964
vn 0.4758 0.5414 0.6932
vn 0.4480 0.8360 -0.3168
vn 0.4380 -0.5482 0.7125
vn 0.5592 0.7825 -0.2736
vn 0.4807 0.3732 0.7935
vn 0.4082 0.8961 0.1745
vn 0.5149 0.1287 -0.8476
vn 0.3111 0.7478 0.5866
vn 0.5012 -0.2510 -0.8281
vn 0.4614 -0.4664 -0.7547
vn 0.4094 0.9084 0.0853
vn 0.3115 0.7761 0.5483
vn 0.4203 0.8584 -0.2940
vn 0.4305 0.8942 -0.1229
vn 0.2379 0.7514 0.6155
vn 0.5002 0.3802 -0.7780
vn 0.2339 0.7947 0.5602
vn 0.2118 -0.9450 -0.2492
vn 0.5005 0.4868 0.7160
vn 0.3976 -0.7005 0.5926
vn 0.1952 0.7536 0.6277
vn 0.5032 0.1166 0.8563
vn 0.5077 0.8601 0.0485
vn 0.4822 0.8424 -0.2403
vn 0.6934 0.6419 -0.3274
vn 0.5069 0.1778 0.8435
vn 0.5133 0.5151 -0.6864
vn 0.5054 0.4302 0.7480
vn 0.3241 0.7338 -0.5971
vn 0.4222 -0.6382 -0.6438
vn 0.0722 0.7305 -0.6791
vn 0.1227 -0.9822 -0.1425
vn 0.4951 0.2195 0.8407
vn 0.2843 -0.8919 0.3517
vn 0.3193 -0.8516 0.4158
vn 0.3506 0.8376 -0.4190
vn -0.2721 0.9601 -0.0640
vn 0.3975 0.7371 0.5465
vn 0.4832 0.7606 0.4336
vn 0.4961 0.7214 0.4832
vn 0.2605 0.7536 -0.6035
vn 0.5147 -0.0809 -0.8535
vn 0.4967 -0.4003 0.7701
vn 0.5076 -0.3234 0.7986
vn 0.5164 0.7841 0.3444
vn 0.4988 0.8136 0.2987
vn 0.6088 0.6724 -0.4210
vn 0.1155 0.8046 0.5824
vn 0.2357 0.7456 0.6233
vn 0.4349 -0.6179 0.6550
vn 0.6335 0.7530 -0.1779
vn 0.2063 0.6026 -0.7709
vn 0.5070 0.4420 -0.7400
vn 0.5270 -0.1443 -0.8375
vn 0.5108 0.0670 -0.8571
vn 0.3118 -0.8558 -0.4127
vn 0.4061 0.8755 -0.2619
vn 0.3268 0.8530 -0.4070
vn 0.1665 -0.9672 0.1917
vn 0.5317 0.5582 -0.6370
vn 0.3781 0.7234 0.5778
vn 0.4517 0.6392 0.6224
vn 0.4771 -0.5382 0.6948
vn 0.6025 0.7857 -0.1402
vn 0.5142 0.2230 0.8282
vn 0.6644 0.7281 -0.1687
vn 0.6845 0.6190 -0.3850
vn 0.6521 0.7579 -0.0171
vn 0.3742 -0.7764 -0.5071
vn 0.5258 0.8096 -0.2610
vn 0.5442 0.8290 -0.1290
vn 0.5697 0.8041 0.1699
vn 0.5130 -0.3424 -0.7872
vn 0.3502 0.7044 0.6174
vn 0.5907 0.5898 0.5507
vn 0.3462 0.7449 0.5703
vn 0.2047 0.7573 -0.6201
vn 0.4760 0.5554 0.6819
vn 0.0042 -1.0000 -0.0006
vn 0.5859 0.6419 -0.4947
vn 0.6002 0.7255 -0.3367
vn 0.5293 0.2588 -0.8080
vn 0.3852 0.8342 -0.3947
vn 0.6022 0.6891 0.4031
vn 0.4225 0.8343 0.3542
vn 0.3923 0.7329 -0.5558
vn 0.5114 0.0577 0.8574
vn 0.4549 0.8689 -0.1949
vn 0.5335 0.0203 -0.8455
vn 0.3675 0.7978 -0.4779
vn 0.5267 0.8468 -0.0745
vn 0.5931 0.7769 0.2113
vn 0.5245 -0.2036 0.8267
vn 0.2924 0.6528 -0.6989
vn 0.4530 0.8150 -0.3613
vn 0.4983 0.8650 -0.0595
vn 0.4317 0.8156 -0.3853
vn 0.5332 -0.2726 -0.8008
vn 0.5345 0.2022 -0.8206
vn 0.5999 0.7960 0.0813
vn 0.1974 -0.9576 -0.2099
vn 0.5042 -0.0565 0.8617
vn 0.1260 0.7459 -0.6540
vn 0.5545 0.8207 -0.1375
vn 0.4979 0.3355 0.7997
vn 0.5549 0.5948 -0.5817
vn 0.5393 0.0098 0.8420
vn 0.4455 0.7539 -0.4829
vn 0.3578 0.8180 0.4504
vn 0.5413 -0.1300 0.8307
vn 0.5267 -0.4265 -0.7353
vn 0.3959 -0.7317 0.5549
vn 0.0731 -0.9944 -0.0769
vn 0.2094 0.7235 -0.6578
vn 0.4941 0.7788 -0.3865
vn 0.3241 0.7014 0.6348
vn 0.3930 0.7441 0.5403
vn 0.5115 -0.4629 0.7239
vn 0.5561 0.3862 -0.7359
vn 0.4471 -0.6614 -0.6022
vn 0.7033 0.6566 -0.2725
vn 0.4439 0.8702 0.2139
vn 0.4817 0.8743 0.0590
vn 0.5361 0.3755 0.7560
vn 0.2360 0.7216 0.6509
vn 0.0333 -0.9994 0.0084
vn 0.4323 -0.7162 -0.5478
vn 0.5450 0.0764 0.8349
vn 0.5562 0.8304 0.0335
vn 0.5268 0.8263 -0.1991
vn 0.0681 -0.9976 0.0127
vn 0.5603 -0.1993 -0.8040
vn 0.5593 -0.0077 -0.8289
vn 0.5322 0.2768 0.8001
vn 0.4709 0.7374 0.4843
vn 0.5526 0.1286 -0.8235
vn 0.4748 -0.5853 -0.6573
vn 0.5331 0.3256 0.7809
vn 0.5547 0.4467 -0.7020
vn 0.5508 0.0637 -0.8322
vn 0.3821 -0.8001 0.4624
vn 0.5817 0.5984 0.5510
vn 0.5463 0.3523 -0.7599
vn 0.3459 0.7765 -0.5267
vn 0.5380 0.3041 -0.7862
vn 0.2665 -0.9158 0.3004
vn 0.1318 -0.9832 0.1266
vn 0.5253 0.1779 0.8321
vn 0.5210 0.7424 -0.4212
vn 0.4795 0.8226 -0.3058
vn 0.6674 0.7442 0.0259
vn 0.4024 0.6938 0.5973
vn 0.4574 -0.6510 0.6059
vn 0.3888 0.7830 -0.4855
vn 0.2263 -0.9426 0.2454
vn 0.3865 0.6553 0.6490
vn 0.5599 0.6899 0.4588
vn 0.3919 0.7477 -0.5361
vn 0.4303 0.7760 -0.4611
vn 0.5491 -0.0949 -0.8303
vn 0.4228 0.7955 -0.4340
vn 0.3327 -0.8574 0.3926
vn 0.5718 -0.3644 0.7350
vn 0.5493 0.1158 0.8276
vn 0.4416 0.6106 0.6574
vn 0.3894 -0.8041 -0.4493
vn 0.5432 0.2164 0.8112
vn 0.5369 0.8280 -0.1616
vn 0.3254 0.6874 -0.6493
vn 0.5755 0.8036 0.1516
vn 0.5232 0.7854 -0.3309
vn 0.4543 0.7671 -0.4530
vn 0.4234 -0.7573 -0.4972
vn 0.5691 0.7664 0.2980
vn 0.3897 0.6945 -0.6048
vn 0.4660 -0.0529 0.8832
vn 0.5413 0.7310 0.4155
vn 0.5824 0.5832 0.5663
vn 0.3032 0.7284 0.6144
vn 0.2786 0.7359 -0.6171
vn 0.5620 -0.0696 0.8242
vn 0.7119 0.6933 -0.1120
vn 0.5602 0.2409 -0.7926
vn 0.4701 0.8705 0.1458
vn 0.5152 0.6900 0.5083
vn 0.3563 0.7734 0.5243
vn 0.5846 0.2966 -0.7552
vn 0.2844 0.7387 0.6111
vn 0.4802 -0.5752 0.6622
vn 0.5541 0.7393 0.3826
vn 0.5924 0.7627 0.2594
vn 0.5306 0.7916 -0.3030
vn 0.5534 0.6600 -0.5082
vn 0.3209 -0.8704 -0.3734
vn 0.4837 0.5323 0.6948
vn 0.5682 0.5390 -0.6218
vn 0.5560 0.7951 0.2424
vn 0.5353 0.7021 0.4696
vn 0.4162 0.7709 -0.4822
vn 0.5643 0.5715 -0.5957
vn 0.5722 0.1756 -0.8011
vn 0.3204 0.7058 0.6318
vn 0.5680 0.3079 0.7633
vn 0.6932 0.7194 0.0430
vn 0.4154 0.7271 -0.5466
vn 0.6498 0.7400 -0.1735
vn 0.2649 -0.9185 -0.2935
vn 0.6029 0.7930 -0.0878
vn 0.5611 -0.2861 0.7768
vn 0.5175 -0.5142 -0.6840
vn 0.5815 0.6337 -0.5101
vn 0.0955 -0.9936 0.0598
vn 0.4465 -0.7348 0.5106
vn 0.4583 0.5997 0.6560
vn 0.5729 -0.1283 -0.8095
vn 0.1981 -0.9557 0.2175
vn 0.5627 0.1701 0.8090
vn 0.4346 0.7485 0.5008
vn 0.4886 0.8369 0.2467
vn 0.1697 -0.9758 -0.1376
vn 0.6328 0.6914 0.3486
vn 0.5353 0.4616 0.7074
vn 0.4591 0.7737 0.4365
vn 0.0568 -0.9978 -0.0353
vn 0.5777 0.5808 0.5735
vn 0.4279 0.8494 -0.3088
vn 0.3233 0.7160 -0.6187
vn 0.6405 0.7168 0.2754
vn 0.6416 0.7410 0.1983
vn 0.5939 0.4773 -0.6476
vn 0.4696 0.6670 0.5784
vn 0.4497 0.6308 0.6323
vn 0.5703 -0.3305 -0.7520
vn 0.1319 -0.9866 -0.0956
vn 0.5173 -0.5193 0.6802
vn 0.5476 0.8365 -0.0190
vn 0.5238 0.5567 0.6448
vn 0.5652 -0.1806 0.8049
vn 0.7296 0.6433 -0.2322
vn 0.5858 0.4230 -0.6913
vn 0.4735 -0.6875 0.5506
vn 0.4795 0.6709 -0.5656
vn 0.5348 0.4251 0.7303
vn 0.2914 -0.9093 0.2972
vn 0.5725 0.1370 0.8084
vn 0.5022 0.6746 0.5410
vn 0.5799 0.0461 0.8134
vn 0.4793 0.7419 -0.4689
vn 0.5828 -0.0237 0.8123
vn 0.5657 -0.4329 0.7018
vn 0.6333 0.7735 0.0252
vn 0.3931 0.7516 0.5296
vn 0.5699 0.0923 0.8165
vn 0.4711 0.7617 0.4449
vn 0.5643 0.3573 0.7442
vn 0.5093 0.8126 0.2834
vn 0.4009 -0.7998 0.4468
vn 0.5327 0.6059 -0.5909
vn 0.5892 0.7668 -0.2546
vn 0.4961 -0.6501 -0.5756
vn 0.4831 0.7218 -0.4956
vn 0.5254 0.7379 -0.4236
vn 0.6058 0.6401 0.4726
vn 0.5630 0.8234 0.0718
vn 0.5502 0.8277 0.1107
vn 0.4937 -0.6040 -0.6257
vn 0.5702 0.2419 0.7851
vn 0.5949 -0.2516 -0.7634
vn 0.5727 0.6514 0.4977
vn 0.5826 -0.0901 0.8078
vn 0.5930 -0.0459 -0.8039
vn 0.2491 -0.9334 -0.2584
vn 0.5096 -0.6073 0.6095
vn 0.6314 0.7116 0.3081
vn 0.3270 0.7140 -0.6191
vn 0.5800 0.3198 0.7492
vn 0.4220 0.7295 0.5383
vn 0.5693 0.5820 0.5807
vn 0.5751 0.5365 0.6176
vn 0.5853 0.6871 0.4305
vn 0.6328 0.7449 0.2116
vn 0.6222 0.7054 0.3395
vn 0.5490 0.4892 0.6777
vn 0.4335 0.6781 -0.5935
vn 0.4397 0.6936 -0.5706
vn 0.5916 0.0310 -0.8056
vn 0.5668 -0.4159 -0.7112
vn 0.6640 0.7291 0.1658
vn 0.6095 -0.1671 -0.7750
vn 0.5903 0.1039 -0.8005
vn 0.6094 0.1966 0.7681
vn 0.6919 0.7076 0.1437
vn 0.6053 -0.2421 0.7583
vn 0.5598 -0.4835 0.6730
vn 0.6034 0.4807 0.6363
vn 0.5873 0.5239 -0.6169
vn 0.5767 0.6484 0.4969
vn 0.5908 0.7893 -0.1673
vn 0.3461 0.7127 -0.6101
vn 0.3309 -0.8893 -0.3157
vn 0.5952 0.3443 -0.7260
vn 0.4977 -0.6781 -0.5408
vn 0.1349 -0.9883 -0.0717
vn 0.6204 0.2127 -0.7549
vn 0.4191 0.6942 -0.5852
vn 0.4939 0.8013 -0.3376
vn 0.5953 0.5947 0.5403
vn 0.5972 0.6918 -0.4059
vn 0.5036 0.6294 -0.5918
vn 0.6097 -0.3217 0.7244
vn 0.6056 0.1479 -0.7819
vn 0.5447 0.7595 0.3555
vn 0.5963 0.7243 -0.3460
vn 0.6276 -0.0846 -0.7739
vn 0.6250 0.0585 -0.7784
vn 0.4651 -0.7489 -0.4720
vn 0.6213 0.2640 -0.7377
vn 0.2746 -0.9358 0.2212
vn 0.5941 0.4492 0.6673
vn 0.6072 -0.1467 0.7809
vn 0.6231 0.5335 0.5720
vn 0.5797 0.7319 -0.3580
vn 0.5900 0.6338 0.5002
vn 0.6293 0.6837 0.3695
vn 0.6191 0.3840 -0.6850
vn 0.6202 0.2442 0.7455
vn 0.5357 0.8261 0.1747
vn 0.3932 0.6601 -0.6401
vn 0.6217 0.0904 0.7780
vn 0.4759 0.8409 -0.2576
vn 0.4007 -0.8305 -0.3869
vn 0.6051 0.1237 0.7865
vn 0.6092 0.3915 0.6896
vn 0.7138 0.6989 -0.0450
vn 0.6028 0.7953 0.0637
vn 0.6382 0.7661 -0.0760
vn 0.6251 0.0004 -0.7806
vn 0.6111 0.7755 0.1586
vn 0.6269 0.7273 -0.2793
vn 0.4724 0.6579 -0.5866
vn 0.6076 0.1334 0.7830
vn 0.5521 0.6864 -0.4733
vn 0.5748 0.6719 0.4670
vn 0.5984 0.7991 -0.0574
vn 0.6235 0.6665 0.4087
vn 0.3790 -0.8579 0.3470
vn 0.5862 0.5086 0.6306
vn 0.6282 0.7773 -0.0354
vn 0.7121 0.7002 0.0513
vn 0.6277 -0.0443 0.7772
vn 0.6173 0.4530 -0.6433
vn 0.5252 -0.5705 -0.6314
vn 0.6514 0.7346 -0.1900
vn 0.2336 -0.9528 -0.1941
vn 0.3656 0.7017 0.6115
vn 0.6330 0.3456 0.6927
vn 0.5343 -0.6346 0.5585
vn 0.1512 -0.9823 0.1109
vn 0.6288 0.4442 0.6382
vn 0.5249 0.6528 -0.5462
vn 0.6888 0.6911 0.2189
vn 0.5557 0.8140 -0.1691
vn 0.6374 0.3199 -0.7010
vn 0.6076 0.7620 -0.2242
vn 0.5797 0.6528 -0.4877
vn 0.6349 0.4686 0.6142
vn 0.5678 -0.5606 0.6028
vn 0.3558 -0.8927 0.2766
vn -0.5757 -0.8168 0.0375
vn 0.6215 0.0184 0.7832
vn 0.6101 0.0666 0.7895
vn 0.6364 0.0456 0.7700
vn 0.6350 0.5750 0.5159
vn 0.6186 -0.3379 -0.7094
vn 0.5573 0.5825 -0.5917
vn 0.6459 0.0995 -0.7569
vn 0.0565 -0.9984 -0.0064
vn 0.5935 0.1211 0.7956
vn 0.6493 0.5287 0.5468
vn 0.6139 -0.4152 0.6714
vn 0.6777 0.7252 -0.1217
vn 0.5999 0.2895 0.7459
vn 0.4868 0.7417 0.4614
vn 0.5399 0.8207 0.1872
vn 0.5512 0.6190 -0.5595
vn 0.2135 -0.9665 0.1425
vn 0.6468 0.5317 0.5468
vn 0.6058 0.7597 0.2363
vn 0.6102 -0.1192 0.7832
vn 0.6603 0.7091 -0.2473
vn 0.6672 0.5334 0.5199
vn 0.6410 -0.2254 -0.7337
vn 0.5772 -0.4682 -0.6690
vn 0.6518 0.3688 0.6627
vn 0.6430 0.1500 0.7510
vn 0.6411 0.1512 -0.7524
vn 0.6097 0.6527 0.4496
vn 0.6547 0.1187 0.7465
vn 0.6348 0.5947 0.4934
vn 0.4439 0.7333 0.5149
vn 0.5675 0.7030 -0.4286
vn 0.6437 0.4993 0.5800
vn 0.6768 0.1953 -0.7098
vn 0.6448 0.4129 0.6432
vn 0.6708 0.7412 -0.0261
vn 0.6442 0.2800 0.7117
vn 0.5281 -0.6962 0.4863
vn 0.6513 0.0032 -0.7588
vn 0.4628 -0.7951 0.3919
vn 0.2043 -0.9700 -0.1318
vn 0.6358 -0.2195 0.7400
vn 0.6461 0.6353 -0.4229
vn 0.4631 0.6898 -0.5566
vn 0.3269 -0.9040 -0.2757
vn 0.6558 -0.1459 0.7407
vn 0.4655 -0.7650 0.4451
vn 0.6562 0.1469 0.7401
vn 0.6377 0.6927 -0.3369
vn 0.5997 -0.4740 0.6447
vn 0.5245 -0.6332 -0.5692
vn 0.3140 -0.9282 0.1995
vn 0.6615 -0.0556 -0.7479
vn 0.6628 -0.1236 -0.7385
vn 0.6492 0.4365 -0.6229
vn 0.6806 0.7146 -0.1617
vn 0.6614 0.2428 -0.7097
vn 0.6641 0.6691 0.3336
vn 0.6582 0.7478 -0.0871
vn 0.6526 0.3926 -0.6481
vn 0.6543 0.1803 0.7345
vn 0.6248 0.7307 0.2750
vn 0.5973 0.7842 0.1683
vn 0.6535 0.6188 0.4358
vn 0.2761 -0.9397 -0.2018
vn 0.6582 0.7492 0.0738
vn 0.3720 0.7357 0.5660
vn 0.6202 0.6032 -0.5015
vn 0.1261 -0.9899 0.0649
vn 0.6780 0.1896 0.7102
vn 0.4202 -0.8329 -0.3602
vn 0.1099 -0.9932 -0.0385
vn 0.6623 0.5310 0.5286
vn 0.6752 0.6493 -0.3501
vn 0.5745 -0.5660 -0.5912
vn 0.4939 0.7843 0.3754
vn 0.0543 -0.9985 -0.0016
vn 0.6901 0.7184 0.0878
vn 0.6799 -0.0912 0.7276
vn 0.5316 -0.6728 -0.5145
vn 0.6536 0.4662 0.5962
vn 0.6554 0.0696 0.7521
vn 0.6405 0.5464 -0.5396
vn 0.6590 -0.0370 0.7512
vn 0.4732 0.7117 -0.5192
vn 0.0798 -0.9967 0.0129
vn 0.4724 0.7882 -0.3943
vn 0.6826 0.0502 -0.7291
vn 0.6649 0.4330 0.6086
vn 0.6659 0.0136 0.7459
vn 0.6666 0.4759 0.5737
vn 0.6720 0.4914 0.5541
vn 0.1888 -0.9747 0.1196
vn 0.6958 0.6690 -0.2613
vn 0.4406 -0.8330 0.3346
vn 0.6307 0.5764 -0.5197
vn 0.6090 -0.4767 -0.6339
vn 0.5306 0.8152 0.2321
vn 0.5758 0.7528 0.3188
vn 0.6757 -0.2045 0.7082
vn 0.6637 0.7299 0.1636
vn 0.6794 0.3168 0.6619
vn 0.6820 0.5111 0.5232
vn 0.6614 0.5869 0.4670
vn 0.5660 0.7304 0.3824
vn 0.6204 -0.5165 0.5902
vn 0.5099 0.8316 -0.2199
vn 0.6891 0.1198 -0.7147
vn 0.7202 0.6880 -0.0888
vn 0.6614 0.7185 0.2151
vn 0.6898 0.7236 -0.0225
vn 0.6890 0.5564 0.4644
vn 0.6593 -0.2887 -0.6942
vn 0.6407 0.4776 -0.6012
vn 0.4956 -0.7483 -0.4409
vn 0.6833 0.3510 -0.6403
vn 0.6525 0.6981 -0.2946
vn 0.6850 0.6156 0.3896
vn 0.6761 0.2856 -0.6792
vn 0.5893 0.7872 0.1817
vn 0.7003 0.6530 0.2884
vn 0.7001 0.3654 0.6135
vn 0.5200 -0.7234 0.4543
vn 0.5630 0.8064 0.1810
vn 0.5636 -0.3355 0.7548
vn 0.6862 0.0679 0.7242
vn 0.6961 -0.0320 -0.7173
vn 0.2370 -0.9641 -0.1195
vn 0.6573 0.7536 -0.0089
vn 0.6658 0.5624 -0.4902
vn 0.6823 -0.3340 0.6503
vn 0.3879 -0.8786 -0.2784
vn 0.4132 -0.8750 0.2523
vn 0.6829 0.1065 0.7227
vn 0.6933 0.1870 0.6959
vn 0.2968 -0.9377 -0.1804
vn 0.5747 -0.6185 0.5359
vn 0.6886 0.4430 0.5742
vn 0.6932 0.6068 -0.3890
vn 0.6853 0.1583 0.7109
vn 0.5853 -0.5970 -0.5486
vn 0.6538 -0.3722 -0.6588
vn 0.7188 0.6546 0.2341
vn 0.6953 0.4386 -0.5694
vn 0.6788 -0.1610 -0.7165
vn 0.6968 -0.0206 0.7170
vn 0.6882 -0.2126 -0.6937
vn 0.6932 0.5179 -0.5013
vn 0.6938 0.4866 -0.5308
vn 0.6959 0.1130 0.7092
vn 0.6889 0.7229 0.0533
vn 0.7160 0.0345 0.6972
vn 0.4555 -0.8270 -0.3296
vn 0.5113 -0.7728 0.3760
vn 0.6377 -0.5216 -0.5667
vn 0.5238 0.6992 -0.4866
vn 0.6874 0.5309 0.4957
vn 0.1583 -0.9857 -0.0577
vn 0.6846 0.5903 0.4276
vn 0.7023 0.2408 -0.6699
vn 0.7284 0.6557 -0.1987
vn 0.7165 0.6100 0.3384
vn 0.5540 0.7217 0.4149
vn 0.6988 0.7090 0.0948
vn 0.6909 0.5804 -0.4311
vn 0.5881 -0.6589 0.4691
vn 0.1401 -0.9899 -0.0206
vn 0.6860 0.5009 0.5277
vn 0.5985 0.7049 -0.3807
vn 0.6968 0.3912 -0.6012
vn 0.7293 0.1567 0.6660
vn 0.6906 0.4712 0.5487
vn 0.6832 0.7126 -0.1594
vn 0.5363 0.8261 -0.1731
vn 0.6176 0.7056 -0.3474
vn 0.7278 0.6172 -0.2989
vn 0.6993 0.7139 0.0364
vn 0.7164 0.1793 -0.6743
vn 0.7180 -0.1178 -0.6860
vn 0.1512 -0.9885 0.0074
vn 0.2432 -0.9677 -0.0666
vn 0.6536 -0.4391 -0.6164
vn 0.6741 -0.4157 0.6105
vn 0.7204 0.0646 -0.6905
vn 0.7024 -0.2685 0.6592
vn 0.5590 -0.6980 0.4476
vn 0.6264 0.6987 0.3457
vn 0.7118 0.5441 -0.4442
vn 0.4125 -0.8761 -0.2496
vn 0.5545 -0.7137 -0.4280
vn 0.7129 0.7001 -0.0403
vn 0.5199 0.7807 0.3467
vn 0.7113 0.2354 0.6623
vn 0.7209 0.4260 0.5466
vn 0.4611 -0.8346 0.3014
vn 0.6195 -0.5916 -0.5160
vn 0.7170 0.3357 -0.6109
vn 0.7012 -0.1635 0.6940
vn 0.7373 0.6235 0.2600
vn 0.7285 0.1192 -0.6746
vn 0.2972 -0.9417 0.1574
vn 0.7364 0.5364 -0.4124
vn 0.7288 -0.0158 0.6845
vn 0.3401 -0.9245 -0.1723
vn 0.7267 0.4512 -0.5180
vn 0.6470 -0.5511 0.5270
vn 0.6896 0.6870 0.2291
vn 0.6003 -0.6478 -0.4691
vn 0.7242 0.3686 0.5828
vn 0.6186 0.7097 0.3371
vn 0.7265 0.2627 0.6350
vn 0.7107 0.2931 -0.6395
vn 0.7507 0.1007 0.6529
vn 0.7371 0.2822 0.6140
vn 0.6640 0.6957 -0.2739
vn 0.7530 0.5737 -0.3222
vn 0.7012 0.4724 0.5341
vn 0.7107 0.0137 -0.7033
vn 0.2607 -0.9582 0.1175
vn 0.7312 -0.0930 0.6758
vn 0.7635 0.5227 0.3792
vn 0.4879 -0.8263 -0.2814
vn 0.7165 0.5335 0.4494
vn 0.7108 -0.2421 -0.6604
vn 0.7225 -0.0500 -0.6896
vn 0.7475 -0.1224 0.6529
vn 0.6265 0.7468 0.2231
vn 0.5428 0.7681 -0.3397
vn 0.6892 0.6947 0.2060
vn 0.7092 0.6856 0.1643
vn 0.7162 0.4574 0.5271
vn 0.7245 0.4781 -0.4966
vn 0.6957 -0.3515 -0.6265
vn 0.7237 -0.3326 0.6047
vn 0.7528 0.6330 -0.1807
vn 0.7401 0.5618 -0.3696
vn 0.7221 0.6891 0.0615
vn 0.7109 0.4940 0.5005
vn 0.7303 -0.1767 0.6599
vn 0.5549 -0.7590 -0.3405
vn 0.7389 0.5816 0.3402
vn 0.2457 -0.9660 0.0805
vn 0.7381 -0.1562 -0.6564
vn 0.7078 0.6975 -0.1117
vn 0.5913 -0.7053 -0.3911
vn 0.7356 0.1187 0.6669
vn 0.7409 -0.0189 -0.6713
vn 0.1911 -0.9812 0.0271
vn 0.3810 -0.9043 0.1927
vn 0.7338 0.3961 -0.5520
vn 0.6929 0.6717 0.2622
vn 0.7443 0.4941 -0.4493
vn 0.6986 0.6815 -0.2178
vn 0.7054 -0.4522 0.5458
vn 0.6774 -0.5051 -0.5348
vn 0.7493 0.1712 0.6397
vn 0.5695 0.8078 -0.1524
vn 0.7513 0.1786 -0.6353
vn 0.7437 0.3408 -0.5751
vn 0.7454 0.4193 -0.5182
vn 0.7421 -0.2363 -0.6273
vn 0.6794 -0.5368 0.5004
vn 0.7721 0.5787 -0.2625
vn 0.7610 -0.1818 0.6228
vn 0.7569 -0.0152 0.6534
vn 0.7690 0.6392 0.0044
vn 0.4983 0.7575 -0.4217
vn 0.5653 -0.7416 0.3613
vn 0.7549 0.0346 0.6549
vn 0.7514 0.2751 -0.5998
vn 0.3092 -0.9421 -0.1300
vn 0.6556 0.7533 -0.0522
vn 0.6028 -0.6762 0.4236
vn 0.7395 0.6660 -0.0983
vn 0.4654 -0.8522 -0.2391
vn 0.6848 0.6633 0.3019
vn 0.7654 0.6380 0.0841
vn 0.7487 0.6596 0.0654
vn 0.6301 -0.6233 0.4631
vn 0.7627 -0.1055 -0.6380
vn 0.7134 -0.3921 -0.5808
vn 0.7628 0.5667 0.3113
vn 0.3548 -0.9264 0.1262
vn 0.7243 0.4747 0.5000
vn 0.7477 -0.0788 -0.6594
vn 0.7342 0.4926 0.4672
vn 0.7622 0.4404 -0.4744
vn 0.7683 0.0498 -0.6381
vn 0.7274 0.6815 -0.0804
vn 0.7701 0.5273 -0.3589
vn 0.7460 0.4487 0.4921
vn 0.7600 0.3916 0.5188
vn 0.7516 0.5306 0.3918
vn 0.6617 -0.5835 -0.4708
vn 0.7679 0.2072 0.6061
vn 0.7552 0.6322 0.1732
vn 0.4584 -0.8552 0.2418
vn 0.2842 -0.9587 -0.0094
vn 0.5063 -0.8103 0.2950
vn 0.7780 -0.0601 0.6254
vn 0.6307 0.7607 -0.1533
vn 0.7569 0.5170 -0.3997
vn 0.2314 -0.9724 -0.0302
vn 0.6444 -0.6536 -0.3969
vn 0.7763 0.2309 -0.5866
vn 0.6358 0.7310 -0.2478
vn 0.3253 -0.9402 -0.1015
vn 0.3154 -0.9449 0.0876
vn 0.7707 0.1058 -0.6284
vn 0.7808 0.0386 0.6236
vn 0.7576 0.3320 0.5619
vn 0.7513 -0.3598 0.5532
vn 0.7451 -0.2728 -0.6086
vn 0.7667 -0.1743 -0.6179
vn 0.7808 -0.0149 -0.6246
vn 0.7010 0.6622 -0.2649
vn 0.7806 0.3605 -0.5106
vn 0.7689 -0.2557 0.5861
vn 0.7514 0.4896 0.4423
vn 0.6710 -0.5955 0.4418
vn 0.7697 0.5247 0.3636
vn 0.7872 0.1026 0.6081
vn 0.7854 -0.1492 0.6008
vn 0.3072 -0.9511 0.0328
vn 0.7766 0.6238 -0.0881
vn 0.3990 -0.9023 -0.1631
vn 0.7710 0.2981 -0.5628
vn 0.5487 -0.7830 0.2930
vn 0.7956 0.6022 0.0661
vn 0.7439 0.6099 0.2732
vn 0.6142 -0.7062 0.3521
vn 0.5493 -0.7882 -0.2774
vn 0.7306 -0.4452 0.5177
vn 0.6247 -0.6814 0.3812
vn 0.7068 -0.5353 0.4625
vn 0.7098 0.6822 -0.1756
vn 0.7851 0.1399 -0.6033
vn 0.8028 0.0273 -0.5956
vn 0.7100 0.6377 0.2988
vn 0.2908 -0.9554 -0.0511
vn 0.7764 0.3511 0.5234
vn 0.7471 -0.4028 -0.5288
vn 0.7240 -0.4848 -0.4908
vn 0.7692 0.2750 0.5769
vn 0.7543 -0.3415 -0.5607
vn 0.7596 -0.3837 0.5252
vn 0.7684 0.4982 0.4017
vn 0.4460 -0.8772 0.1778
vn 0.6269 -0.7008 -0.3405
vn 0.7524 0.6206 0.2208
vn 0.6691 0.7045 -0.2366
vn 0.7889 -0.1883 -0.5849
vn 0.8008 0.5873 0.1172
vn 0.7782 0.4181 0.4686
vn 0.7687 0.4585 0.4459
vn 0.5121 -0.8328 -0.2102
vn 0.7744 0.4653 -0.4288
vn 0.7823 0.1558 0.6031
vn 0.8019 0.2486 -0.5433
vn 0.6728 -0.6050 0.4258
vn 0.7721 -0.4257 0.4718
vn 0.5564 -0.7896 0.2588
vn 0.7511 0.6377 -0.1708
vn 0.7939 -0.0851 -0.6020
vn 0.8270 0.0855 -0.5556
vn 0.5234 -0.8246 0.2146
vn 0.4082 -0.9049 -0.1205
vn 0.7873 -0.2489 -0.5642
vn 0.7889 0.3888 -0.4759
vn 0.7115 0.6966 -0.0918
vn 0.7890 -0.2594 0.5569
vn 0.7987 0.5649 -0.2074
vn 0.6876 -0.5923 -0.4201
vn 0.8001 0.3343 -0.4980
vn 0.7878 0.3299 0.5201
vn 0.3450 -0.9386 -0.0011
vn 0.7919 0.4493 0.4136
vn 0.7962 0.1700 0.5807
vn 0.8290 0.0228 0.5587
vn 0.3489 -0.9345 0.0700
vn 0.8002 0.4625 -0.3818
vn 0.7928 0.2252 0.5664
vn 0.3940 -0.9127 0.1086
vn 0.7633 0.6306 -0.1406
vn 0.6405 -0.7010 -0.3137
vn 0.8122 0.1937 -0.5503
vn 0.7262 -0.5200 -0.4497
vn 0.7729 0.6207 -0.1320
vn 0.7969 0.4991 -0.3404
vn 0.8006 0.3647 0.4754
vn 0.7887 0.4891 0.3726
vn 0.8015 0.4233 -0.4223
vn 0.4373 -0.8855 -0.1569
vn 0.7794 0.5441 0.3105
vn 0.7525 0.5786 0.3147
vn 0.8044 0.4932 0.3313
vn 0.7213 0.6244 0.2996
vn 0.6852 -0.6167 0.3875
vn 0.7727 -0.4094 -0.4852
vn 0.3837 -0.9202 -0.0773
vn 0.7969 0.5970 -0.0925
vn 0.8047 0.5928 -0.0319
vn 0.8170 0.5764 0.0174
vn 0.3634 -0.9309 -0.0382
vn 0.8199 -0.0397 0.5711
vn 0.7888 0.2835 0.5453
vn 0.8154 -0.1149 -0.5674
vn 0.8299 -0.1753 0.5296
vn 0.6232 -0.7326 0.2738
vn 0.8264 0.1330 -0.5471
vn 0.6766 -0.6364 -0.3705
vn 0.7979 -0.2978 -0.5240
vn 0.8101 0.2567 0.5271
vn 0.8139 -0.0380 -0.5798
vn 0.8203 0.4644 -0.3337
vn 0.8233 0.1126 0.5563
vn 0.7991 0.4122 0.4376
vn 0.7949 0.5857 0.1583
vn 0.5527 -0.8118 0.1883
vn 0.4555 -0.8861 0.0862
vn 0.8330 0.2907 0.4707
vn 0.4845 -0.8643 0.1353
vn 0.3992 -0.9168 0.0095
vn 0.7987 0.5235 -0.2968
vn 0.7532 -0.5169 0.4069
vn 0.8182 0.2855 0.4990
vn 0.8058 -0.2082 -0.5543
vn 0.7640 -0.5294 -0.3689
vn 0.6427 -0.7009 0.3093
vn 0.8225 0.2346 0.5181
vn 0.8198 0.1821 0.5430
vn 0.5827 -0.7897 -0.1919
vn 0.5328 -0.8345 -0.1407
vn 0.8293 0.5529 0.0804
vn 0.8344 0.0229 -0.5507
vn 0.4218 -0.9057 0.0427
vn 0.8135 0.3585 -0.4580
vn 0.6941 -0.6454 0.3189
vn 0.8201 0.0993 -0.5636
vn 0.8120 -0.3193 0.4886
vn 0.8271 -0.1055 0.5521
vn 0.6760 -0.6654 -0.3166
vn 0.7711 0.5809 0.2607
vn 0.6438 -0.7225 -0.2520
vn 0.4499 -0.8917 -0.0506
vn 0.8321 -0.1854 -0.5227
vn 0.8223 0.2850 -0.4925
vn 0.8163 0.4388 -0.3756
vn 0.4697 -0.8784 -0.0882
vn 0.7717 -0.4735 -0.4246
vn 0.8152 0.5619 -0.1401
vn 0.6165 -0.7539 0.2272
vn 0.8314 0.3410 0.4388
vn 0.8167 0.5510 -0.1713
vn 0.8265 0.4947 -0.2688
vn 0.8278 -0.2388 0.5077
vn 0.4889 -0.8723 -0.0030
vn 0.5619 -0.8178 0.1242
vn 0.8398 0.4183 0.3460
vn 0.8424 0.0319 0.5379
vn 0.8288 0.2903 0.4783
vn 0.8293 0.3144 -0.4620
vn 0.8163 -0.3123 -0.4859
vn 0.8362 0.3833 -0.3922
vn 0.8435 -0.2301 -0.4853
vn 0.8508 0.0869 0.5182
vn 0.8163 0.3935 0.4229
vn 0.8464 0.0924 -0.5244
vn 0.7228 -0.6043 -0.3353
vn 0.8422 0.1522 0.5173
vn 0.8361 0.3923 0.3834
vn 0.8373 0.1858 -0.5142
vn 0.8469 0.2573 -0.4654
vn 0.8440 0.4968 -0.2021
vn 0.8117 -0.3698 0.4520
vn 0.8456 0.2175 0.4875
vn 0.8580 -0.1016 0.5035
vn 0.8423 -0.0675 -0.5348
vn 0.8559 -0.1341 -0.4995
vn 0.5452 -0.8345 -0.0803
vn 0.6422 -0.7495 -0.1607
vn 0.6669 -0.7119 -0.2203
vn 0.8222 0.4899 0.2897
vn 0.8116 0.5324 0.2407
vn 0.8390 0.4320 0.3307
vn 0.8065 -0.4500 -0.3835
vn 0.8389 -0.0159 0.5440
vn 0.5282 -0.8473 -0.0564
vn 0.8574 0.0419 -0.5130
vn 0.8457 0.4339 -0.3107
vn 0.8373 -0.3104 -0.4500
vn 0.7224 -0.5823 0.3729
vn 0.8605 -0.0138 -0.5093
vn 0.6889 -0.6887 0.2263
vn 0.8306 0.5378 0.1446
vn 0.8452 0.5330 -0.0397
vn 0.5053 -0.8628 0.0143
vn 0.5342 -0.8424 0.0704
vn 0.8509 -0.0525 0.5227
vn 0.6349 -0.7548 0.1652
vn 0.8583 0.1427 -0.4929
vn 0.7217 -0.6391 -0.2659
vn 0.6347 -0.7632 -0.1216
vn 0.8503 0.3096 -0.4256
vn 0.7811 -0.4599 0.4224
vn 0.8277 0.5298 0.1853
vn 0.8476 -0.2442 0.4712
vn 0.8596 -0.1591 0.4856
vn 0.8115 0.5197 0.2674
vn 0.8510 0.2778 0.4457
vn 0.7548 -0.5669 -0.3300
vn 0.8182 -0.3935 -0.4192
vn 0.8558 0.4497 -0.2558
vn 0.5823 -0.8070 0.0980
vn 0.8577 0.3031 0.4154
vn 0.7130 -0.6460 0.2727
vn 0.7704 -0.5385 0.3413
vn 0.6095 -0.7915 0.0459
vn 0.8634 0.2088 0.4592
vn 0.8746 0.1774 -0.4512
vn 0.6848 -0.7059 -0.1809
vn 0.5876 -0.8084 -0.0343
vn 0.8651 0.3172 -0.3887
vn 0.8781 0.3217 0.3541
vn 0.8545 0.4637 0.2343
vn 0.8110 -0.4321 0.3944
vn 0.8313 0.5496 -0.0827
vn 0.8752 -0.1610 -0.4562
vn 0.6257 -0.7801 -0.0061
vn 0.8524 0.5014 -0.1486
vn 0.8731 0.4490 -0.1899
vn 0.8871 0.3930 -0.2421
vn 0.8653 0.4909 -0.1012
vn 0.8822 0.0020 0.4709
vn 0.8617 0.3992 -0.3134
vn 0.8561 0.4140 0.3094
vn 0.8113 -0.4537 -0.3688
vn 0.8453 -0.3457 -0.4074
vn 0.8586 0.5003 0.1119
vn 0.8677 0.0970 -0.4875
vn 0.8732 0.1663 0.4582
vn 0.8664 0.1128 0.4864
vn 0.8721 0.2624 -0.4131
vn 0.7397 -0.6373 0.2160
vn 0.8788 0.2158 0.4256
vn 0.7131 -0.6654 -0.2208
vn 0.8530 0.3742 -0.3638
vn 0.6318 -0.7705 -0.0850
vn 0.8750 -0.2229 -0.4297
vn 0.8787 -0.0757 -0.4713
vn 0.7636 -0.5884 0.2660
vn 0.7114 -0.6820 0.1699
vn 0.6859 -0.7213 0.0961
vn 0.8807 0.3955 0.2606
vn 0.8667 0.4676 0.1739
vn 0.6419 -0.7666 -0.0164
vn 0.8901 0.0769 0.4492
vn 0.8598 0.5105 0.0089
vn 0.8951 -0.1443 0.4218
vn 0.7137 -0.6908 -0.1154
vn 0.8319 -0.4242 0.3577
vn 0.8530 -0.3114 0.4189
vn 0.6846 -0.7269 -0.0548
vn 0.8811 0.2976 0.3676
vn 0.7919 -0.5193 -0.3213
vn 0.7651 -0.5835 -0.2724
vn 0.7338 -0.6695 -0.1154
vn 0.8966 0.0911 0.4333
vn 0.7987 -0.5242 0.2954
vn 0.8887 0.2064 -0.4095
vn 0.8899 -0.0783 0.4494
vn 0.8857 0.4610 0.0542
vn 0.8915 0.1104 -0.4393
vn 0.8931 0.0067 -0.4499
vn 0.8829 -0.2206 0.4145
vn 0.8987 -0.1069 -0.4254
vn 0.7670 -0.6207 0.1624
vn 0.8758 0.3713 0.3085
vn 0.6832 -0.7291 0.0400
vn 0.8557 -0.3399 0.3903
vn 0.8784 0.4609 0.1267
vn 0.9030 0.0692 -0.4241
vn 0.8903 0.3440 -0.2983
vn 0.8864 -0.2360 -0.3983
vn 0.8999 0.3218 0.2944
vn 0.8889 -0.2809 0.3619
vn 0.7586 -0.6406 0.1190
vn 0.8814 -0.2978 -0.3667
vn 0.8966 0.4102 -0.1669
vn 0.8882 0.2623 0.3771
vn 0.8950 0.1455 0.4217
vn 0.8487 -0.4167 -0.3257
vn 0.8830 0.4202 0.2091
vn 0.7685 -0.6040 -0.2110
vn 0.8961 0.3058 -0.3218
vn 0.8996 0.2918 0.3250
vn 0.9055 0.2238 -0.3606
vn 0.9045 0.1618 -0.3947
vn 0.8977 0.4195 -0.1349
vn 0.9058 -0.1619 -0.3916
vn 0.9348 0.1029 0.3398
vn 0.8938 0.4469 -0.0370
vn 0.9043 0.0282 0.4259
vn 0.7453 -0.6630 0.0706
vn 0.9244 -0.0821 0.3725
vn 0.7588 -0.6341 -0.1487
vn 0.9071 0.4144 0.0735
vn 0.8774 0.4797 0.0074
vn 0.8962 0.4354 -0.0848
vn 0.9210 0.1209 -0.3704
vn 0.9149 -0.1929 0.3547
vn 0.7132 -0.7005 -0.0257
vn 0.7177 -0.6961 0.0157
vn 0.9002 0.3863 -0.2012
vn 0.9020 0.3431 0.2622
vn 0.9144 -0.0098 0.4046
vn 0.8898 0.4222 0.1735
vn 0.8909 0.1850 0.4148
vn 0.9136 0.0241 -0.4059
vn 0.9215 -0.0365 -0.3867
vn 0.7941 -0.5456 0.2676
vn 0.9154 0.0747 0.3956
vn 0.9157 0.3615 0.1753
vn 0.8943 -0.2540 -0.3683
vn 0.8960 0.4276 0.1199
vn 0.8190 -0.5077 -0.2672
vn 0.8578 -0.4145 0.3039
vn 0.9200 0.2986 -0.2538
vn 0.9198 0.2324 -0.3161
vn 0.9179 0.3799 0.1144
vn 0.8060 -0.5744 -0.1430
vn 0.7533 -0.6564 -0.0426
vn 0.8838 -0.3393 0.3221
vn 0.7995 -0.5955 -0.0782
vn 0.9301 0.1994 0.3085
vn 0.9116 0.4104 0.0226
vn 0.9203 0.3488 -0.1773
vn 0.8352 -0.5330 0.1354
vn 0.8657 -0.3956 -0.3067
vn 0.9087 0.3483 0.2302
vn 0.9158 -0.2368 0.3245
vn 0.7978 -0.5939 -0.1040
vn 0.8633 -0.4639 0.1985
vn 0.9110 0.2610 0.3193
vn 0.9271 0.3489 -0.1372
vn 0.7810 -0.6242 0.0200
vn 0.9233 0.1551 0.3514
vn 0.9226 0.3850 -0.0227
vn 0.9425 0.1137 -0.3142
vn 0.8516 -0.4903 0.1854
vn 0.9248 0.1083 0.3647
vn 0.9185 0.3887 -0.0729
vn 0.8979 -0.3586 -0.2555
vn 0.8117 -0.5787 0.0790
vn 0.9345 0.2158 0.2830
vn 0.9333 0.2002 -0.2980
vn 0.9029 -0.3017 -0.3063
vn 0.8392 -0.5247 -0.1430
vn 0.8917 -0.4066 0.1988
vn 0.9370 -0.0437 0.3465
vn 0.9250 0.2995 0.2339
vn 0.8632 -0.4871 -0.1330
vn 0.8649 -0.4516 -0.2192
vn 0.9339 -0.0961 0.3443
vn 0.9313 -0.1198 -0.3440
vn 0.8972 -0.3721 0.2377
vn 0.8507 -0.5240 -0.0404
vn 0.9298 0.3614 0.0696
vn 0.9300 0.3473 0.1206
vn 0.9295 0.3056 0.2065
vn 0.9245 -0.1923 -0.3292
vn 0.9413 0.1630 0.2957
vn 0.9492 0.2366 0.2074
vn 0.9356 0.0332 0.3515
vn 0.8150 -0.5790 -0.0233
vn 0.9300 0.0685 -0.3610
vn 0.8510 -0.5247 0.0206
vn 0.9440 0.3184 -0.0870
vn 0.9424 0.0851 0.3235
vn 0.9402 0.2086 -0.2694
vn 0.9410 -0.0243 -0.3375
vn 0.9259 -0.2685 0.2657
vn 0.9364 -0.1602 0.3123
vn 0.9414 -0.2169 -0.2585
vn 0.9385 -0.2038 0.2787
vn 0.9330 0.2968 -0.2035
vn 0.9475 0.2866 0.1419
vn 0.9234 0.3349 0.1874
vn 0.8690 -0.4826 -0.1087
vn 0.9336 -0.2978 0.1991
vn 0.9443 0.2910 0.1535
vn 0.9551 0.0193 -0.2958
vn 0.9405 -0.1630 -0.2981
vn 0.9545 0.0519 0.2938
vn 0.9087 -0.3992 0.1221
vn 0.9476 0.3058 0.0924
vn 0.8738 -0.4799 -0.0788
vn 0.9432 0.1659 -0.2879
vn 0.9485 0.2833 -0.1415
vn 0.9525 -0.1182 -0.2808
vn 0.9444 0.3287 0.0092
vn 0.9521 0.1875 0.2416
vn 0.9576 -0.0193 0.2874
vn 0.9154 -0.3297 -0.2310
vn 0.9499 0.2285 -0.2133
vn 0.8797 -0.4655 0.0975
vn 0.9493 0.3111 -0.0453
vn 0.9163 -0.3621 -0.1713
vn 0.9010 -0.4120 -0.1357
vn 0.9580 0.1192 -0.2607
vn 0.9584 -0.1313 0.2536
vn 0.9638 0.2666 0.0042
vn 0.9586 -0.0635 0.2776
vn 0.9533 -0.2015 0.2250
vn 0.9454 -0.2430 -0.2173
vn 0.9590 0.1107 0.2608
vn 0.9560 0.0803 -0.2823
vn 0.9672 -0.0409 -0.2505
vn 0.9330 -0.3241 0.1565
vn 0.9016 -0.4285 0.0598
vn 0.9577 0.2288 0.1744
vn 0.9108 -0.4129 0.0061
vn 0.9580 0.2836 0.0426
vn 0.9147 -0.4014 -0.0463
vn 0.9652 0.1977 -0.1713
vn 0.9409 -0.2864 -0.1807
vn 0.9732 0.1638 0.1617
vn 0.9678 0.1352 0.2125
vn 0.9705 0.0003 -0.2410
vn 0.9608 0.2551 -0.1088
vn 0.9629 -0.2243 0.1503
vn 0.9469 -0.2969 -0.1237
vn 0.9695 0.0526 0.2393
vn 0.9744 0.0832 -0.2091
vn 0.9353 -0.3419 0.0910
vn 0.9735 -0.1320 0.1868
vn 0.9460 -0.3241 -0.0120
vn 0.9641 -0.1131 -0.2404
vn 0.9594 -0.1880 -0.2102
vn 0.9168 -0.3868 -0.0992
vn 0.9775 0.1728 -0.1208
vn 0.9744 0.0180 0.2239
vn 0.9692 0.2090 0.1304
vn 0.9617 0.2482 0.1162
vn 0.9710 0.2347 -0.0465
vn 0.9793 0.1847 -0.0833
vn -0.9870 -0.1450 -0.0696
vn 0.9785 -0.0414 0.2019
vn 0.9679 0.2408 0.0720
vn 0.9692 -0.1737 0.1745
vn 0.9555 -0.2883 -0.0630
vn 0.9768 0.1444 -0.1581
vn 0.9622 -0.2492 0.1098
vn 0.9463 -0.3209 0.0379
vn 0.9679 -0.1957 -0.1574
vn 0.9759 0.2181 0.0089
vn 0.9749 0.1003 0.1990
vn 0.9651 0.1512 -0.2140
vn 0.9737 -0.1869 -0.1302
vn 0.9738 0.0658 0.2177
vn 0.9830 0.0776 -0.1662
vn 0.9780 -0.1475 -0.1475
vn 0.9793 -0.0377 -0.1988
vn 0.9805 -0.0837 0.1776
vn 0.9701 -0.2321 0.0710
vn 0.9822 0.0279 0.1857
vn 0.9841 0.1583 0.0804
vn 0.9792 -0.1883 -0.0760
vn 0.9671 -0.2543 0.0012
vn 0.9855 -0.1317 0.1069
vn 0.9854 0.0285 -0.1676
vn 0.9831 0.1157 0.1415
vn 0.9868 0.1621 -0.0015
vn 0.9870 0.1012 -0.1251
vn 0.9880 0.0539 0.1450
vn 0.9799 0.1358 -0.1460
vn 0.9911 -0.0220 0.1316
vn 0.9686 -0.2470 0.0298
vn 0.9903 -0.0194 -0.1379
vn 0.9909 0.0940 0.0959
vn 0.9807 -0.1894 0.0485
vn 0.9916 -0.0914 -0.0911
vn 0.9892 0.1380 0.0484
vn 0.9877 -0.0753 0.1374
vn 0.9851 -0.0941 -0.1442
vn 0.9912 0.1068 0.0779
vn 0.9960 0.0843 0.0307
vn 0.9927 0.1022 -0.0635
vn 0.9931 0.0040 -0.1174
vn 0.9918 -0.1262 -0.0210
vn 0.9958 0.0340 0.0845
vn 0.9958 -0.0905 0.0170
vn 0.9967 0.0604 -0.0542
vn 0.9972 -0.0304 0.0679
vn 0.9974 -0.0439 -0.0580
vn 0.9975 0.0329 -0.0627
vn 0.9989 -0.0358 0.0290
vn 0.9992 0.0293 0.0282
vn 0.9998 0.0169 0.0049
vt 0.335984 0.237376
vt 0.329126 0.230981
vt 0.347720 0.218998
vt 0.493039 0.264581
vt 0.477391 0.253812
vt 0.485664 0.248766
vt 0.353868 0.228352
vt 0.344299 0.248822
vt 0.487204 0.270396
vt 0.469023 0.262895
vt 0.355314 0.237052
vt 0.333282 0.245564
vt 0.323599 0.237583
vt 0.475705 0.272681
vt 0.477698 0.244769
vt 0.468400 0.249484
vt 0.325959 0.217901
vt 0.311164 0.235548
vt 0.805913 0.304200
vt 0.791867 0.319456
vt 0.797522 0.304493
vt 0.316319 0.249307
vt 0.468155 0.272667
vt 0.476008 0.280797
vt 0.493275 0.247714
vt 0.489494 0.238511
vt 0.341031 0.264804
vt 0.465869 0.237179
vt 0.360771 0.250332
vt 0.365777 0.232474
vt 0.458968 0.264348
vt 0.478195 0.238085
vt 0.348176 0.259918
vt 0.454606 0.254361
vt 0.331405 0.259790
vt 0.484838 0.233093
vt 0.355696 0.261967
vt 0.371214 0.245053
vt 0.464383 0.285902
vt 0.500533 0.233970
vt 0.455380 0.238363
vt 0.784355 0.308212
vt 0.467560 0.228176
vt 0.459765 0.281309
vt 0.314369 0.260867
vt 0.348682 0.271652
vt 0.450086 0.261216
vt 0.332536 0.270882
vt 0.486808 0.229388
vt 0.776763 0.769405
vt 0.785550 0.759069
vt 0.787309 0.769037
vt 0.777053 0.762745
vt 0.446564 0.244316
vt 0.450095 0.276800
vt 0.455361 0.230991
vt 0.474708 0.225551
vt 0.364484 0.271840
vt 0.795850 0.332048
vt 0.779004 0.335042
vt 0.490553 0.223983
vt 0.439120 0.261057
vt 0.371024 0.258595
vt 0.324543 0.282789
vt 0.793512 0.342342
vt 0.770638 0.321879
vt 0.784721 0.751590
vt 0.789924 0.756381
vt 0.455334 0.289002
vt 0.376112 0.248262
vt 0.461381 0.222158
vt 0.472387 0.220151
vt 0.382549 0.233467
vt 0.777904 0.749958
vt 0.447453 0.234762
vt 0.771389 0.309418
vt 0.440709 0.273560
vt 0.337431 0.292747
vt 0.309757 0.275179
vt 0.788532 0.354943
vt 0.779410 0.342244
vt 0.774231 0.299533
vt 0.782634 0.299742
vt 0.443760 0.282286
vt 0.435378 0.251041
vt 0.780568 0.353835
vt 0.355313 0.286795
vt 0.491162 0.219248
vt 0.503471 0.229521
vt 0.376633 0.262749
vt 0.348296 0.290684
vt 0.767890 0.337812
vt 0.431042 0.233610
vt 0.786080 0.739878
vt 0.795137 0.749702
vt 0.770808 0.761006
vt 0.766689 0.750913
vt 0.440559 0.290585
vt 0.479158 0.213223
vt 0.388694 0.234735
vt 0.386183 0.245915
vt 0.363427 0.284992
vt 0.432010 0.269506
vt 0.438089 0.221653
vt 0.383851 0.257865
vt 0.457146 0.214080
vt 0.312830 0.289478
vt 0.376128 0.277019
vt 0.327337 0.300198
vt 0.300941 0.274519
vt 0.429909 0.258449
vt 0.472901 0.214946
vt 0.435409 0.227463
vt 0.761767 0.756058
vt 0.429693 0.283824
vt 0.317766 0.296351
vt 0.767059 0.358105
vt 0.753848 0.301307
vt 0.761275 0.296256
vt 0.756875 0.316769
vt 0.495048 0.215188
vt 0.501006 0.220903
vt 0.443169 0.211902
vt 0.769923 0.742201
vt 0.791998 0.743785
vt 0.793157 0.732563
vt 0.425197 0.247052
vt 0.761822 0.350620
vt 0.753585 0.334230
vt 0.424056 0.263612
vt 0.361395 0.291866
vt 0.428166 0.222060
vt 0.774747 0.366944
vt 0.350131 0.307318
vt 0.340921 0.306687
vt 0.423515 0.274885
vt 0.465355 0.208127
vt 0.484894 0.209666
vt 0.383473 0.265580
vt 0.393029 0.239363
vt 0.389755 0.257371
vt 0.781252 0.730962
vt 0.368303 0.294657
vt 0.299599 0.296362
vt 0.790224 0.368077
vt 0.777790 0.373152
vt 0.414128 0.254185
vt 0.758416 0.343660
vt 0.750774 0.313762
vt 0.425746 0.228068
vt 0.468342 0.204261
vt 0.451248 0.205945
vt 0.417876 0.237669
vt 0.427530 0.213740
vt 0.775692 0.734249
vt 0.750615 0.327210
vt 0.763361 0.740275
vt 0.418816 0.283538
vt 0.356408 0.307065
vt 0.413329 0.268332
vt 0.304722 0.308410
vt 0.379037 0.286691
vt 0.789870 0.727666
vt 0.319919 0.311965
vt 0.309779 0.314757
vt 0.475665 0.202349
vt 0.750309 0.292019
vt 0.388222 0.279198
vt 0.398476 0.248578
vt 0.397898 0.263865
vt 0.757029 0.742825
vt 0.502846 0.210075
vt 0.761529 0.375056
vt 0.332231 0.322625
vt 0.742267 0.324081
vt 0.769970 0.380484
vt 0.767241 0.731298
vt 0.754418 0.750729
vt 0.754321 0.363553
vt 0.741803 0.308061
vt 0.747375 0.353377
vt 0.745160 0.339181
vt 0.439229 0.206078
vt 0.244932 0.183263
vt 0.244874 0.170766
vt 0.250107 0.177128
vt 0.447289 0.198649
vt 0.484216 0.200046
vt 0.366563 0.310263
vt 0.374154 0.302405
vt 0.424481 0.289097
vt 0.781470 0.384352
vt 0.735013 0.310899
vt 0.468039 0.199240
vt 0.419212 0.219616
vt 0.782636 0.722893
vt 0.251031 0.157594
vt 0.245010 0.162011
vt 0.408624 0.229179
vt 0.404802 0.252839
vt 0.386940 0.287891
vt 0.345686 0.320472
vt 0.352083 0.316662
vt 0.401958 0.277619
vt 0.472536 0.194312
vt 0.404723 0.265926
vt 0.410207 0.283632
vt 0.746585 0.744013
vt 0.403064 0.245186
vt 0.338940 0.328722
vt 0.769576 0.722966
vt 0.236852 0.180308
vt 0.758222 0.729537
vt 0.430302 0.202043
vt 0.763808 0.383182
vt 0.506547 0.201454
vt 0.358299 0.325054
vt 0.788430 0.715340
vt 0.796423 0.717394
vt 0.753759 0.375458
vt 0.323918 0.330583
vt 0.738231 0.286265
vt 0.741913 0.361184
vt 0.743020 0.368816
vt 0.085982 0.798404
vt 0.076516 0.795868
vt 0.088435 0.794909
vt 0.735786 0.347950
vt 0.313847 0.327327
vt 0.089081 0.803326
vt 0.079889 0.808315
vt 0.080040 0.802568
vt 0.734364 0.336309
vt 0.257808 0.138271
vt 0.249957 0.150312
vt 0.253039 0.139197
vt 0.521839 0.365691
vt 0.516221 0.348400
vt 0.532541 0.362218
vt 0.726690 0.321703
vt 0.409777 0.206682
vt 0.750769 0.384799
vt 0.433801 0.197242
vt 0.369997 0.318313
vt 0.414624 0.199093
vt 0.750602 0.730408
vt 0.451837 0.191748
vt 0.527073 0.350549
vt 0.346586 0.329824
vt 0.393149 0.228416
vt 0.085349 0.811504
vt 0.083163 0.815982
vt 0.080243 0.812683
vt 0.732165 0.301442
vt 0.498062 0.194866
vt 0.482804 0.194436
vt 0.777408 0.714241
vt 0.875549 0.229333
vt 0.871640 0.240072
vt 0.862475 0.229178
vt 0.781835 0.709225
vt 0.578651 0.488233
vt 0.584093 0.494637
vt 0.581206 0.496295
vt 0.238584 0.166420
vt 0.576195 0.493420
vt 0.535584 0.356794
vt 0.729204 0.292674
vt 0.245490 0.140746
vt 0.400719 0.217252
vt 0.375557 0.318175
vt 0.253445 0.125196
vt 0.573110 0.489296
vt 0.795912 0.706979
vt 0.726703 0.308505
vt 0.893227 0.224104
vt 0.895992 0.237136
vt 0.886793 0.232409
vt 0.423661 0.196877
vt 0.856315 0.241103
vt 0.241042 0.150072
vt 0.560023 0.479728
vt 0.570486 0.492687
vt 0.879050 0.243767
vt 0.767602 0.709957
vt 0.889055 0.244520
vt 0.837855 0.241663
vt 0.854809 0.230971
vt 0.734065 0.365769
vt 0.367411 0.324834
vt 0.720609 0.337535
vt 0.248946 0.129237
vt 0.534228 0.342168
vt 0.544328 0.348309
vt 0.074759 0.814818
vt 0.720691 0.297896
vt 0.753953 0.718050
vt 0.862234 0.248816
vt 0.083798 0.820182
vt 0.075895 0.820306
vt 0.087688 0.825506
vt 0.080800 0.822331
vt 0.725531 0.358117
vt 0.082648 0.827611
vt 0.555006 0.474724
vt 0.552603 0.480660
vt 0.257162 0.124309
vt 0.257632 0.121438
vt 0.738577 0.746832
vt 0.562668 0.488817
vt 0.069314 0.798450
vt 0.233324 0.164308
vt 0.359823 0.334784
vt 0.590141 0.499676
vt 0.588661 0.506088
vt 0.556464 0.488771
vt 0.546092 0.468081
vt 0.238104 0.144462
vt 0.068098 0.803908
vt 0.786847 0.699971
vt 0.826284 0.234438
vt 0.825938 0.243452
vt 0.249357 0.121691
vt 0.070545 0.807396
vt 0.717778 0.325790
vt 0.520836 0.334998
vt 0.088920 0.830420
vt 0.080234 0.831479
vt 0.716897 0.315145
vt 0.502119 0.191684
vt 0.558691 0.355553
vt 0.562481 0.343163
vt 0.849442 0.249336
vt 0.593128 0.507686
vt 0.544087 0.475895
vt 0.731525 0.376796
vt 0.066124 0.811557
vt 0.872184 0.254049
vt 0.581740 0.503383
vt 0.597181 0.503303
vt 0.232068 0.150532
vt 0.779634 0.702277
vt 0.397853 0.207145
vt 0.239254 0.135623
vt 0.893888 0.249752
vt 0.573880 0.503540
vt 0.256171 0.109614
vt 0.838690 0.255524
vt 0.227829 0.171458
vt 0.758167 0.712277
vt 0.229495 0.185219
vt 0.578522 0.502194
vt 0.731637 0.729124
vt 0.398256 0.200917
vt 0.799006 0.697575
vt 0.074609 0.824143
vt 0.407112 0.197246
vt 0.543025 0.468137
vt 0.719292 0.368795
vt 0.543977 0.340366
vt 0.078522 0.828464
vt 0.566980 0.352643
vt 0.575467 0.341683
vt 0.816470 0.238176
vt 0.553282 0.333670
vt 0.605341 0.505830
vt 0.603422 0.512423
vt 0.598093 0.509259
vt 0.069505 0.816493
vt 0.068625 0.790905
vt 0.228771 0.158626
vt 0.531255 0.329564
vt 0.538646 0.467943
vt 0.714001 0.273255
vt 0.767549 0.702654
vt 0.831804 0.250046
vt 0.066121 0.794165
vt 0.247195 0.116736
vt 0.224332 0.180492
vt 0.549785 0.486563
vt 0.064791 0.819010
vt 0.542744 0.329266
vt 0.760082 0.704854
vt 0.715213 0.345688
vt 0.888548 0.258225
vt 0.597628 0.515843
vt 0.822001 0.255505
vt 0.711058 0.336946
vt 0.814776 0.251087
vt 0.879978 0.259671
vt 0.856388 0.263480
vt 0.745307 0.720083
vt 0.776455 0.694287
vt 0.061320 0.801777
vt 0.737102 0.721112
vt 0.705210 0.308515
vt 0.242799 0.122645
vt 0.711641 0.355241
vt 0.539872 0.475561
vt 0.560784 0.501008
vt 0.235122 0.136060
vt 0.578461 0.509402
vt 0.561068 0.333406
vt 0.792429 0.693138
vt 0.845407 0.262608
vt 0.072123 0.827144
vt 0.615737 0.538419
vt 0.611825 0.526382
vt 0.621438 0.535800
vt 0.232124 0.140414
vt 0.588690 0.512832
vt 0.827653 0.262281
vt 0.062367 0.815367
vt 0.696605 0.319503
vt 0.233308 0.121850
vt 0.569591 0.335102
vt 0.220295 0.168347
vt 0.704738 0.332005
vt 0.553687 0.492823
vt 0.542556 0.481712
vt 0.072750 0.830618
vt 0.582498 0.339474
vt 0.589017 0.346691
vt 0.241160 0.114396
vt 0.737455 0.713419
vt 0.748441 0.709192
vt 0.594425 0.521974
vt 0.564935 0.507101
vt 0.894721 0.264692
vt 0.756042 0.701412
vt 0.224394 0.141377
vt 0.697221 0.300071
vt 0.702885 0.286914
vt 0.581760 0.516620
vt 0.556533 0.326922
vt 0.624706 0.522229
vt 0.223630 0.155859
vt 0.834193 0.263726
vt 0.902851 0.253996
vt 0.584033 0.331970
vt 0.760283 0.693663
vt 0.577323 0.515262
vt 0.066030 0.826037
vt 0.229826 0.130692
vt 0.630422 0.533177
vt 0.703441 0.346829
vt 0.085761 0.836998
vt 0.072725 0.835329
vt 0.531946 0.467775
vt 0.860494 0.272060
vt 0.785090 0.684378
vt 0.515149 0.332405
vt 0.512171 0.316073
vt 0.591056 0.522595
vt 0.632483 0.521800
vt 0.064558 0.822536
vt 0.083567 0.840570
vt 0.872982 0.271106
vt 0.217032 0.173480
vt 0.842869 0.273560
vt 0.637324 0.525779
vt 0.799737 0.685725
vt 0.057286 0.817015
vt 0.525252 0.316416
vt 0.057891 0.809249
vt 0.443606 0.867822
vt 0.436617 0.864413
vt 0.445391 0.857642
vt 0.571450 0.511521
vt 0.882550 0.269628
vt 0.695124 0.360343
vt 0.579040 0.318477
vt 0.055211 0.793717
vt 0.613976 0.513250
vt 0.557009 0.506157
vt 0.570882 0.321049
vt 0.807053 0.262305
vt 0.543448 0.490159
vt 0.549806 0.497275
vt 0.063561 0.830077
vt 0.773476 0.680449
vt 0.053038 0.814648
vt 0.543707 0.318286
vt 0.564150 0.315341
vt 0.538072 0.481292
vt 0.814283 0.266117
vt 0.219270 0.153407
vt 0.067329 0.833796
vt 0.597422 0.333011
vt 0.829660 0.273631
vt 0.819180 0.271348
vt 0.892812 0.276150
vt 0.741609 0.700482
vt 0.689326 0.343636
vt 0.691426 0.331512
vt 0.059491 0.824345
vt 0.585977 0.523798
vt 0.538657 0.490148
vt 0.571149 0.516577
vt 0.622155 0.511958
vt 0.626922 0.512920
vt 0.440071 0.835238
vt 0.442128 0.849901
vt 0.431247 0.845816
vt 0.760464 0.609012
vt 0.760431 0.627925
vt 0.748361 0.612979
vt 0.555770 0.312440
vt 0.694398 0.353136
vt 0.429261 0.855119
vt 0.052078 0.807735
vt 0.223839 0.127591
vt 0.057080 0.827372
vt 0.873357 0.283606
vt 0.863944 0.284871
vt 0.747990 0.597572
vt 0.772477 0.593328
vt 0.763484 0.676912
vt 0.686528 0.306747
vt 0.565277 0.518850
vt 0.426326 0.868510
vt 0.068769 0.843060
vt 0.051934 0.801111
vt 0.790174 0.673514
vt 0.209791 0.165386
vt 0.880653 0.287128
vt 0.836748 0.278575
vt 0.548587 0.308318
vt 0.638690 0.512862
vt 0.641918 0.525906
vt 0.087183 0.846396
vt 0.076157 0.843126
vt 0.768694 0.639608
vt 0.751160 0.639894
vt 0.593516 0.326651
vt 0.519184 0.308215
vt 0.535276 0.307855
vt 0.063999 0.837119
vt 0.781243 0.679397
vt 0.845093 0.283026
vt 0.078727 0.847169
vt 0.744015 0.695995
vt 0.633982 0.511932
vt 0.582233 0.524519
vt 0.559847 0.513659
vt 0.532525 0.481800
vt 0.220607 0.137572
vt 0.051596 0.823580
vt 0.076715 0.850312
vt 0.050214 0.798420
vt 0.217908 0.125991
vt 0.552818 0.514859
vt 0.647516 0.511415
vt 0.823002 0.280172
vt 0.212182 0.153540
vt 0.215997 0.136061
vt 0.050543 0.819974
vt 0.683096 0.329877
vt 0.056956 0.835678
vt 0.503540 0.310210
vt 0.510101 0.301905
vt 0.908707 0.279072
vt 0.074107 0.846825
vt 0.894732 0.289612
vt 0.623805 0.504175
vt 0.739220 0.633666
vt 0.226725 0.110701
vt 0.577681 0.526828
vt 0.212944 0.184196
vt 0.527485 0.302628
vt 0.808305 0.275482
vt 0.734573 0.613136
vt 0.606109 0.512880
vt 0.614233 0.505451
vt 0.570675 0.311101
vt 0.648860 0.524255
vt 0.542195 0.500915
vt 0.046597 0.802555
vt 0.830400 0.286699
vt 0.537258 0.496902
vt 0.814675 0.283789
vt 0.423526 0.856601
vt 0.562436 0.303589
vt 0.630461 0.503651
vt 0.607660 0.502136
vt 0.592563 0.527208
vt 0.617092 0.493399
vt 0.865968 0.292645
vt 0.426276 0.839303
vt 0.440206 0.829713
vt 0.840639 0.291741
vt 0.676864 0.338386
vt 0.730238 0.619368
vt 0.571347 0.523134
vt 0.602349 0.337577
vt 0.609349 0.324189
vt 0.623120 0.336200
vt 0.594839 0.315123
vt 0.523662 0.481790
vt 0.520303 0.470556
vt 0.047462 0.817610
vt 0.049969 0.833116
vt 0.046961 0.811953
vt 0.726549 0.610709
vt 0.743152 0.655889
vt 0.644666 0.505262
vt 0.059644 0.839458
vt 0.754423 0.667766
vt 0.770882 0.671071
vt 0.635694 0.494514
vt 0.832807 0.295079
vt 0.517985 0.298498
vt 0.790498 0.664819
vt 0.801797 0.666526
vt 0.219984 0.119772
vt 0.454343 0.819764
vt 0.438624 0.813584
vt 0.786351 0.666748
vt 0.654924 0.507524
vt 0.652882 0.525829
vt 0.416944 0.865336
vt 0.750376 0.681649
vt 0.735599 0.595029
vt 0.779473 0.671779
vt 0.569298 0.528183
vt 0.548066 0.515294
vt 0.581122 0.536624
vt 0.574100 0.534278
vt 0.534026 0.297720
vt 0.048579 0.829173
vt 0.073039 0.851476
vt 0.083058 0.855044
vt 0.546064 0.298418
vt 0.061041 0.843258
vt 0.555006 0.297167
vt 0.419300 0.846680
vt 0.045754 0.793076
vt 0.854306 0.297168
vt 0.430276 0.817181
vt 0.889358 0.298583
vt 0.200354 0.163160
vt 0.209858 0.133412
vt 0.725827 0.605316
vt 0.541519 0.513397
vt 0.062570 0.848381
vt 0.041691 0.820431
vt 0.585780 0.304219
vt 0.528987 0.501569
vt 0.201117 0.173788
vt 0.815793 0.294033
vt 0.042059 0.810304
vt 0.562969 0.525861
vt 0.729972 0.645846
vt 0.046371 0.826915
vt 0.845079 0.300498
vt 0.734713 0.665334
vt 0.508325 0.289671
vt 0.527841 0.290894
vt 0.567114 0.292755
vt 0.408534 0.847943
vt 0.037639 0.792570
vt 0.556809 0.524043
vt 0.539517 0.290023
vt 0.748500 0.680759
vt 0.049588 0.837584
vt 0.203225 0.145123
vt 0.874274 0.302526
vt 0.036313 0.801844
vt 0.608402 0.488762
vt 0.720690 0.644126
vt 0.448683 0.802166
vt 0.441345 0.799152
vt 0.598627 0.497232
vt 0.039884 0.806064
vt 0.733274 0.683115
vt 0.074691 0.857045
vt 0.419218 0.839061
vt 0.417805 0.827705
vt 0.052165 0.841241
vt 0.793835 0.654715
vt 0.037746 0.816735
vt 0.641924 0.494241
vt 0.600915 0.308407
vt 0.758897 0.671277
vt 0.549205 0.289683
vt 0.208148 0.113844
vt 0.514340 0.494359
vt 0.618887 0.482670
vt 0.717965 0.610048
vt 0.704443 0.631767
vt 0.898890 0.307145
vt 0.906022 0.303661
vt 0.579800 0.297345
vt 0.598732 0.297869
vt 0.824263 0.298151
vt 0.516372 0.286473
vt 0.218917 0.111615
vt 0.565644 0.531618
vt 0.781180 0.659886
vt 0.716313 0.637136
vt 0.856502 0.306203
vt 0.807614 0.294816
vt 0.600555 0.484584
vt 0.034439 0.808612
vt 0.552424 0.525387
vt 0.621026 0.323115
vt 0.627862 0.486729
vt 0.721699 0.665614
vt 0.771439 0.664266
vt 0.412802 0.873237
vt 0.402655 0.849377
vt 0.517189 0.475737
vt 0.865078 0.311548
vt 0.834778 0.312708
vt 0.043602 0.831167
vt 0.059417 0.852002
vt 0.432907 0.803328
vt 0.614638 0.298708
vt 0.741990 0.695507
vt 0.880293 0.307121
vt 0.845847 0.311958
vt 0.428578 0.807958
vt 0.631569 0.480940
vt 0.181324 0.172821
vt 0.422986 0.817617
vt 0.571778 0.535992
vt 0.063698 0.855393
vt 0.621816 0.309814
vt 0.765713 0.662876
vt 0.648020 0.492461
vt 0.560239 0.534384
vt 0.452699 0.792646
vt 0.443207 0.787972
vt 0.408089 0.835165
vt 0.035026 0.821350
vt 0.710444 0.600683
vt 0.560453 0.284467
vt 0.088198 0.861028
vt 0.074223 0.859865
vt 0.403706 0.840585
vt 0.510585 0.281995
vt 0.200394 0.129092
vt 0.657289 0.495092
vt 0.663216 0.513931
vt 0.627015 0.312598
vt 0.053980 0.849335
vt 0.893058 0.311724
vt 0.203077 0.117744
vt 0.043609 0.833658
vt 0.032752 0.816758
vt 0.545590 0.283719
vt 0.573172 0.288132
vt 0.723579 0.674870
vt 0.036643 0.826471
vt 0.528203 0.275774
vt 0.032062 0.795567
vt 0.587835 0.292846
vt 0.778497 0.654889
vt 0.172198 0.626358
vt 0.161118 0.618649
vt 0.178030 0.618946
vt 0.534872 0.278889
vt 0.624173 0.471463
vt 0.502164 0.282275
vt 0.048423 0.844064
vt 0.612155 0.474926
vt 0.880171 0.318475
vt 0.031382 0.802170
vt 0.063626 0.858777
vt 0.569827 0.541015
vt 0.667258 0.511318
vt 0.667194 0.501541
vt 0.671222 0.502975
vt 0.395352 0.501457
vt 0.411107 0.506208
vt 0.401340 0.507445
vt 0.704641 0.591727
vt 0.697840 0.615406
vt 0.706663 0.606335
vt 0.443299 0.778776
vt 0.449319 0.785968
vt 0.641003 0.481806
vt 0.710939 0.664160
vt 0.416749 0.798163
vt 0.769931 0.655808
vt 0.419428 0.793445
vt 0.618120 0.471078
vt 0.605540 0.297149
vt 0.183449 0.160399
vt 0.820468 0.310910
vt 0.708216 0.645290
vt 0.395696 0.860058
vt 0.387316 0.849269
vt 0.550463 0.535867
vt 0.855929 0.319092
vt 0.037130 0.831864
vt 0.394330 0.517053
vt 0.381299 0.507015
vt 0.786010 0.646868
vt 0.034570 0.828877
vt 0.593522 0.488447
vt 0.596484 0.466368
vt 0.646435 0.481653
vt 0.041477 0.839728
vt 0.792277 0.647405
vt 0.799552 0.652448
vt 0.409040 0.815875
vt 0.402654 0.831180
vt 0.036996 0.835537
vt 0.043803 0.842290
vt 0.217829 0.362485
vt 0.216477 0.347525
vt 0.229235 0.351426
vt 0.629055 0.472148
vt 0.211940 0.358169
vt 0.203546 0.358649
vt 0.201316 0.350436
vt 0.423953 0.780579
vt 0.179221 0.611578
vt 0.164558 0.604352
vt 0.191350 0.138597
vt 0.651119 0.485764
vt 0.806651 0.314919
vt 0.557349 0.277970
vt 0.533225 0.520541
vt 0.076975 0.862984
vt 0.062786 0.865046
vt 0.777351 0.649708
vt 0.570740 0.275400
vt 0.825211 0.318049
vt 0.030356 0.825035
vt 0.847877 0.320802
vt 0.701911 0.650666
vt 0.421143 0.502363
vt 0.417260 0.521933
vt 0.687282 0.629663
vt 0.388754 0.846079
vt 0.715272 0.676830
vt 0.547087 0.265879
vt 0.368110 0.505056
vt 0.368075 0.516818
vt 0.508290 0.503347
vt 0.510265 0.487118
vt 0.426265 0.771094
vt 0.446980 0.768957
vt 0.694369 0.600099
vt 0.885420 0.324298
vt 0.694623 0.641111
vt 0.176050 0.601618
vt 0.524660 0.519170
vt 0.662508 0.479516
vt 0.642468 0.473714
vt 0.432309 0.500225
vt 0.436745 0.505194
vt 0.427792 0.512917
vt 0.657467 0.482979
vt 0.565265 0.546095
vt 0.235992 0.354307
vt 0.238215 0.338837
vt 0.247499 0.340766
vt 0.634727 0.468447
vt 0.226392 0.342470
vt 0.558368 0.542789
vt 0.835032 0.326077
vt 0.155059 0.163043
vt 0.556828 0.264086
vt 0.597109 0.274769
vt 0.817344 0.325946
vt 0.608178 0.462651
vt 0.584276 0.277612
vt 0.158292 0.620800
vt 0.146939 0.610831
vt 0.901970 0.319727
vt 0.204941 0.346310
vt 0.041229 0.848337
vt 0.246883 0.358620
vt 0.256448 0.338372
vt 0.688001 0.604271
vt 0.908746 0.312922
vt 0.406315 0.522481
vt 0.868563 0.332158
vt 0.617017 0.458230
vt 0.667242 0.492817
vt 0.647597 0.471000
vt 0.084704 0.869625
vt 0.379034 0.532050
vt 0.896244 0.651708
vt 0.898967 0.641325
vt 0.907136 0.640361
vt 0.686642 0.610348
vt 0.599722 0.457401
vt 0.145494 0.626131
vt 0.791857 0.638027
vt 0.050262 0.855232
vt 0.046133 0.851950
vt 0.879046 0.335554
vt 0.691975 0.660306
vt 0.443651 0.500682
vt 0.443166 0.517816
vt 0.035247 0.841845
vt 0.390966 0.839455
vt 0.153353 0.596394
vt 0.564452 0.263995
vt 0.451255 0.501940
vt 0.452426 0.521287
vt 0.396081 0.832375
vt 0.629656 0.462363
vt 0.361744 0.521005
vt 0.911959 0.654638
vt 0.036916 0.844371
vt 0.216824 0.336946
vt 0.258005 0.352149
vt 0.264116 0.337750
vt 0.619390 0.292444
vt 0.138957 0.620840
vt 0.404503 0.806500
vt 0.797903 0.642535
vt 0.582787 0.460234
vt 0.591047 0.453070
vt 0.546216 0.541650
vt 0.607032 0.280017
vt 0.430228 0.527057
vt 0.904665 0.624004
vt 0.692842 0.593433
vt 0.438733 0.524249
vt 0.849291 0.333807
vt 0.393477 0.533283
vt 0.435802 0.760502
vt 0.453350 0.761665
vt 0.613153 0.281300
vt 0.643244 0.465103
vt 0.411033 0.535935
vt 0.679782 0.634599
vt 0.661654 0.471215
vt 0.046677 0.862936
vt 0.880944 0.229640
vt 0.884224 0.215441
vt 0.887793 0.223893
vt 0.893731 0.337959
vt 0.787359 0.633837
vt 0.824214 0.335808
vt 0.045960 0.399923
vt 0.038762 0.406724
vt 0.038448 0.401044
vt 0.272710 0.337635
vt 0.271243 0.348617
vt 0.365519 0.530448
vt 0.577556 0.265502
vt 0.200561 0.340398
vt 0.676535 0.496799
vt 0.411542 0.787728
vt 0.415218 0.784466
vt 0.919305 0.641313
vt 0.910168 0.324976
vt 0.225880 0.334628
vt 0.387335 0.866927
vt 0.385168 0.858707
vt 0.533039 0.540034
vt 0.463301 0.507941
vt 0.677309 0.646569
vt 0.669726 0.631203
vt 0.669073 0.478627
vt 0.038329 0.853407
vt 0.875432 0.212005
vt 0.874111 0.221754
vt 0.864623 0.213787
vt 0.246978 0.328780
vt 0.248856 0.335117
vt 0.131081 0.611115
vt 0.965738 0.547643
vt 0.973638 0.550370
vt 0.952526 0.547444
vt 0.451864 0.608461
vt 0.472856 0.633619
vt 0.455004 0.630805
vt 0.047151 0.407074
vt 0.038762 0.416824
vt 0.373996 0.851009
vt 0.667575 0.622290
vt 0.504948 0.593126
vt 0.519921 0.591299
vt 0.497105 0.606380
vt 0.615976 0.451944
vt 0.388147 0.544584
vt 0.393217 0.813890
vt 0.461923 0.528705
vt 0.033519 0.848626
vt 0.624757 0.452837
vt 0.379054 0.842634
vt 0.906381 0.340232
vt 0.418487 0.536703
vt 0.254981 0.332283
vt 0.905635 0.235767
vt 0.901433 0.228556
vt 0.910450 0.224517
vt 0.403020 0.542236
vt 0.651915 0.466784
vt 0.379860 0.845435
vt 0.896746 0.221912
vt 0.901602 0.218721
vt 0.235293 0.329898
vt 0.376121 0.542797
vt 0.557789 0.557822
vt 0.641009 0.452549
vt 0.965322 0.550832
vt 0.850372 0.204184
vt 0.849139 0.211791
vt 0.056803 0.870498
vt 0.609388 0.273666
vt 0.046984 0.857654
vt 0.468944 0.505421
vt 0.672037 0.614486
vt 0.126006 0.625901
vt 0.477895 0.618066
vt 0.441066 0.535561
vt 0.380585 0.860741
vt 0.538810 0.554151
vt 0.629761 0.450458
vt 0.405086 0.794167
vt 0.841407 0.207129
vt 0.680411 0.474508
vt 0.683642 0.503109
vt 0.383095 0.832187
vt 0.204569 0.325251
vt 0.649315 0.459608
vt 0.431236 0.541042
vt 0.860084 0.202168
vt 0.213175 0.326195
vt 0.916740 0.630577
vt 0.915496 0.230785
vt 0.002114 0.769920
vt 0.004481 0.766696
vt 0.006249 0.767483
vt 0.694878 0.507291
vt 0.687827 0.477112
vt 0.692335 0.479850
vt 0.954757 0.538340
vt 0.132842 0.593868
vt 0.476441 0.514035
vt 0.445737 0.625687
vt 0.444345 0.646618
vt 0.378315 0.837997
vt 0.029656 0.400319
vt 0.281648 0.330550
vt 0.294157 0.342417
vt 0.135878 0.602576
vt 0.893971 0.214180
vt 0.726837 0.511570
vt 0.710440 0.513300
vt 0.697659 0.500024
vt 0.524800 0.602446
vt 0.179673 0.113285
vt 0.265117 0.324461
vt 0.526698 0.551469
vt 0.044406 0.441870
vt 0.036734 0.432096
vt 0.047434 0.427865
vt 0.926594 0.652091
vt 0.872557 0.203640
vt 0.881692 0.203970
vt 0.031544 0.416019
vt 0.924626 0.663218
vt 0.502262 0.513353
vt 0.477738 0.492487
vt 0.190899 0.333717
vt 0.943226 0.544333
vt 0.292684 0.332148
vt 0.913916 0.235889
vt 0.921739 0.234672
vt 0.459185 0.640449
vt 0.489042 0.507101
vt 0.482568 0.517400
vt 0.037764 0.857058
vt 0.493441 0.632440
vt 0.415641 0.548242
vt 0.945558 0.536249
vt 0.830954 0.202156
vt 0.836125 0.196028
vt 0.666946 0.640936
vt 0.448093 0.539060
vt 0.597502 0.264373
vt 0.501833 0.617071
vt 0.919036 0.609607
vt 0.854896 0.187774
vt 0.007321 0.775707
vt 0.007761 0.771377
vt 0.010088 0.772229
vt 0.226402 0.318735
vt 0.424149 0.545486
vt 0.255145 0.321104
vt 0.926032 0.223586
vt 0.375216 0.860684
vt 0.114355 0.612003
vt 0.009110 0.763437
vt 0.235462 0.318405
vt 0.652983 0.456803
vt 0.020689 0.407699
vt 0.921211 0.223089
vt 0.386114 0.556487
vt 0.468072 0.536930
vt 0.659627 0.456327
vt 0.517713 0.547177
vt 0.395464 0.556588
vt 0.669451 0.457520
vt 0.010356 0.767238
vt 0.135934 0.584517
vt 0.472697 0.535586
vt 0.672426 0.466227
vt 0.046742 0.452724
vt 0.028855 0.437590
vt 0.045737 0.867383
vt 0.371010 0.845391
vt 0.088151 0.879814
vt 0.043730 0.875254
vt 0.620899 0.017399
vt 0.625501 0.021408
vt 0.622518 0.022418
vt 0.455444 0.545316
vt 0.927952 0.636043
vt 0.304176 0.323420
vt 0.306046 0.339085
vt 0.115372 0.631041
vt 0.405446 0.556730
vt 0.821489 0.197543
vt 0.826789 0.194569
vt 0.904219 0.212332
vt 0.867317 0.190548
vt 0.470049 0.646256
vt 0.022041 0.396313
vt 0.699936 0.488923
vt 0.030736 0.860979
vt 0.431251 0.552792
vt 0.646407 0.448880
vt 0.889654 0.202126
vt 0.733380 0.529512
vt 0.928256 0.641301
vt 0.622824 0.017045
vt 0.359740 0.852984
vt 0.512585 0.624614
vt 0.526009 0.614780
vt 0.286982 0.320258
vt 0.218965 0.313995
vt 0.917424 0.213654
vt 0.665391 0.453754
vt 0.677512 0.538924
vt 0.927576 0.544495
vt 0.272636 0.316401
vt 0.942794 0.663123
vt 0.932208 0.669243
vt 0.478771 0.530086
vt 0.935711 0.652800
vt 0.013725 0.769410
vt 0.281731 0.322231
vt 0.646828 0.611263
vt 0.311459 0.326734
vt 0.763540 0.513728
vt 0.771302 0.506065
vt 0.773355 0.520744
vt 0.212345 0.314022
vt 0.652271 0.633587
vt 0.741082 0.512418
vt 0.742909 0.534209
vt 0.373976 0.557080
vt 0.360009 0.570149
vt 0.837008 0.182809
vt 0.859559 0.194412
vt 0.462050 0.542559
vt 0.197348 0.311646
vt 0.459108 0.672355
vt 0.656374 0.598119
vt 0.820348 0.179387
vt 0.628745 0.018240
vt 0.927846 0.544016
vt 0.244348 0.313218
vt 0.645938 0.624880
vt 0.748600 0.505501
vt 0.753246 0.530532
vt 0.117143 0.603973
vt 0.878792 0.197151
vt 0.921339 0.530695
vt 0.606063 0.177093
vt 0.553913 0.152775
vt 0.664932 0.152188
vt 0.262212 0.312377
vt 0.903899 0.206188
vt 0.028447 0.867059
vt 0.788820 0.521946
vt 0.813759 0.503456
vt 0.796923 0.519799
vt 0.502693 0.635861
vt 0.102956 0.623417
vt 0.874315 0.188985
vt 0.025167 0.431794
vt 0.012547 0.424705
vt 0.012742 0.763341
vt 0.419541 0.564335
vt 0.438490 0.564612
vt 0.930528 0.543145
vt 0.944157 0.672625
vt 0.931339 0.618690
vt 0.828153 0.181453
vt 0.678391 0.451325
vt 0.235978 0.304810
vt 0.946974 0.667460
vt 0.936450 0.632147
vt 0.532518 0.620408
vt 0.490675 0.533544
vt 0.779221 0.519267
vt 0.007299 0.761970
vt 0.014972 0.760168
vt 0.447319 0.562009
vt 0.516956 0.636561
vt 0.945352 0.654513
vt 0.539776 0.607320
vt 0.251335 0.304543
vt 0.432185 0.566177
vt 0.691700 0.458041
vt 0.485112 0.656306
vt 0.007277 0.416531
vt 0.012675 0.401405
vt 0.909584 0.205328
vt 0.382731 0.573141
vt 0.923737 0.208023
vt 0.530834 0.629911
vt 0.017656 0.770529
vt 0.009150 0.776232
vt 0.105827 0.609022
vt 0.628802 0.025387
vt 0.941152 0.637751
vt 0.010857 0.778271
vt 0.017327 0.774090
vt 0.113827 0.587231
vt 0.943961 0.644333
vt 0.763505 0.533878
vt 0.412036 0.577217
vt 0.013306 0.779320
vt 0.461992 0.567210
vt 0.702990 0.552236
vt 0.016123 0.441094
vt 0.390560 0.569416
vt 0.471916 0.548520
vt 0.111686 0.595695
vt 0.949445 0.659118
vt 0.128924 0.574569
vt 0.134194 0.568255
vt 0.017575 0.775873
vt 0.403883 0.569588
vt 0.466512 0.559048
vt 0.305565 0.316076
vt 0.892483 0.193687
vt 0.300327 0.458014
vt 0.288625 0.460932
vt 0.294310 0.444093
vt 0.312299 0.441483
vt 0.915860 0.541527
vt 0.012924 0.781018
vt 0.733156 0.550249
vt 0.857844 0.181136
vt 0.758194 0.542326
vt 0.631858 0.622561
vt 0.773601 0.537930
vt 0.620801 0.013196
vt 0.633991 0.014334
vt 0.014715 0.757863
vt 0.904399 0.197786
vt 0.917702 0.204729
vt 0.196061 0.304620
vt 0.424720 0.579105
vt 0.112844 0.571296
vt 0.506473 0.648967
vt 0.264382 0.303260
vt 0.222711 0.307635
vt 0.286927 0.305948
vt 0.556561 0.617963
vt 0.213965 0.305965
vt 0.869604 0.176663
vt 0.014560 0.766702
vt 0.443387 0.574646
vt 0.780014 0.538621
vt 0.392107 0.582170
vt 0.912305 0.196819
vt 0.916465 0.542867
vt 0.224098 0.301412
vt 0.021198 0.449930
vt 0.010270 0.449383
vt 0.704610 0.462719
vt 0.710573 0.493397
vt 0.884126 0.185495
vt 0.016544 0.764123
vt 0.012350 0.756735
vt 0.514969 0.648956
vt 0.941095 0.632827
vt 0.473125 0.671829
vt 0.544749 0.637087
vt 0.017102 0.782203
vt 0.019225 0.783266
vt 0.018615 0.787917
vt 0.638625 0.025633
vt 0.770943 0.543420
vt 0.535387 0.636002
vt 0.020910 0.778758
vt 0.954204 0.678116
vt 0.948341 0.679835
vt 0.103120 0.598563
vt 0.955115 0.666326
vt 0.830273 0.174771
vt 0.132120 0.563305
vt 0.790188 0.536258
vt 0.751865 0.554263
vt 0.479286 0.557678
vt 0.699669 0.573166
vt 0.955428 0.649585
vt 0.017857 0.768478
vt 0.852333 0.176134
vt 0.278975 0.298408
vt 0.897349 0.510696
vt 0.530349 0.649731
vt 0.945652 0.620772
vt 0.283826 0.451236
vt 0.937026 0.617667
vt 0.878941 0.180904
vt 0.632178 0.001497
vt 0.640501 0.012546
vt 0.904766 0.189977
vt 0.961160 0.671672
vt 0.958732 0.655351
vt 0.408920 0.585925
vt 0.498246 0.674219
vt 0.019493 0.760889
vt 0.910553 0.547751
vt 0.647144 0.600021
vt 0.260768 0.298658
vt 0.316265 0.426940
vt 0.954017 0.636676
vt 0.905946 0.552239
vt 0.008044 0.149625
vt 0.000100 0.137104
vt 0.010169 0.139176
vt 0.359376 0.580002
vt 0.449824 0.576967
vt 0.950781 0.640303
vt 0.371476 0.592423
vt 0.472637 0.570419
vt 0.218297 0.297718
vt 0.904939 0.553966
vt 0.398543 0.590742
vt 0.638374 0.000183
vt 0.768427 0.558063
vt 0.908136 0.533275
vt 0.382658 0.587032
vt 0.925069 0.203144
vt 0.641996 0.021961
vt 0.598824 0.098382
vt 0.673740 0.118455
vt 0.581579 0.124516
vt 0.021120 0.771601
vt 0.021825 0.776296
vt 0.958926 0.659994
vt 0.958377 0.683706
vt 0.735466 0.575534
vt 0.276924 0.431583
vt 0.234007 0.292606
vt 0.015495 0.140520
vt 0.014617 0.155854
vt 0.014162 0.755348
vt 0.299431 0.415755
vt 0.028508 0.158772
vt 0.027866 0.164639
vt 0.541231 0.647434
vt 0.474810 0.684383
vt 0.447875 0.684985
vt 0.845568 0.170868
vt 0.432792 0.591186
vt 0.921264 0.194898
vt 0.439891 0.584146
vt 0.964383 0.675886
vt 0.108126 0.586350
vt 0.956289 0.009324
vt 0.976154 0.027652
vt 0.959827 0.030706
vt 0.758265 0.573681
vt 0.713092 0.441824
vt 0.950075 0.620223
vt 0.996141 0.884775
vt 0.993051 0.869851
vt 0.996141 0.872254
vt 0.965058 0.668456
vt 0.019405 0.764748
vt 0.797244 0.535979
vt 0.785406 0.558672
vt 0.858921 0.173582
vt 0.002492 0.126833
vt 0.009931 0.129049
vt 0.246876 0.296884
vt 0.898284 0.179268
vt 0.416834 0.593016
vt 0.778396 0.561333
vt 0.129550 0.554159
vt 0.124413 0.552295
vt 0.224428 0.289489
vt 0.714592 0.586696
vt 0.807781 0.543351
vt 0.632185 0.606742
vt 0.208042 0.287562
vt 0.313999 0.418015
vt 0.637677 0.595554
vt 0.018745 0.755540
vt 0.268656 0.296593
vt 0.273318 0.288321
vt 0.113281 0.563766
vt 0.791207 0.549001
vt 0.111663 0.553741
vt 0.020074 0.757818
vt 0.464449 0.700345
vt 0.021948 0.145914
vt 0.255257 0.291311
vt 0.918388 0.188982
vt 0.640659 0.029590
vt 0.629246 0.594919
vt 0.643178 0.019567
vt 0.996817 0.862946
vt 0.895156 0.563266
vt 0.284682 0.289974
vt 0.199903 0.287549
vt 0.185501 0.297772
vt 0.869543 0.168007
vt 0.107753 0.575283
vt 0.329990 0.416282
vt 0.458349 0.588484
vt 0.967782 0.681307
vt 0.633129 0.595001
vt 0.128387 0.549718
vt 0.960731 0.645306
vt 0.017890 0.752911
vt 0.015093 0.751103
vt 0.467027 0.574583
vt 0.485407 0.570371
vt 0.966862 0.671068
vt 0.373897 0.110021
vt 0.365306 0.102663
vt 0.370491 0.106061
vt 0.528832 0.684169
vt 0.394554 0.103296
vt 0.388210 0.117172
vt 0.375659 0.109198
vt 0.722685 0.499204
vt 0.167190 0.589892
vt 0.174047 0.600058
vt 0.161180 0.592233
vt 0.004279 0.117841
vt 0.538673 0.665192
vt 0.881795 0.174107
vt 0.023129 0.773632
vt 0.295214 0.294009
vt 0.662474 0.007672
vt 0.653416 0.013779
vt 0.425701 0.595880
vt 0.015754 0.125984
vt 0.553083 0.634771
vt 0.562143 0.639987
vt 0.173508 0.580845
vt 0.318885 0.402537
vt 0.337492 0.404026
vt 0.955338 0.622489
vt 0.032478 0.152482
vt 0.958041 0.633554
vt 0.965172 0.639457
vt 0.841262 0.160866
vt 0.403666 0.600817
vt 0.021356 0.758808
vt 0.939277 0.017817
vt 0.384823 0.601235
vt 0.476613 0.696448
vt 0.726178 0.602306
vt 0.640326 0.032007
vt 0.443285 0.598377
vt 0.126104 0.544778
vt 0.801824 0.554628
vt 0.769798 0.567798
vt 0.024514 0.778317
vt 0.563362 0.648933
vt 0.026788 0.782330
vt 0.507229 0.680034
vt 0.371740 0.607917
vt 0.251350 0.434292
vt 0.536655 0.679517
vt 0.912001 0.183626
vt 0.959861 0.623233
vt 0.972505 0.665595
vt 0.271086 0.979817
vt 0.275754 0.965539
vt 0.284520 0.984521
vt 0.024221 0.767088
vt 0.853720 0.163341
vt 0.109634 0.567928
vt 0.451307 0.595443
vt 0.408971 0.112797
vt 0.736663 0.588926
vt 0.861976 0.160824
vt 0.973383 0.656361
vt 0.877599 0.167979
vt 0.120400 0.541026
vt 0.024788 0.763504
vt 0.801889 0.565743
vt 0.243696 0.283432
vt 0.273992 0.408139
vt 0.289907 0.973924
vt 0.271207 0.961542
vt 0.286741 0.956880
vt 0.923190 0.180929
vt 0.793738 0.563909
vt 0.230500 0.279950
vt 0.543171 0.654362
vt 0.786181 0.574438
vt 0.413584 0.097375
vt 0.409160 0.133410
vt 0.421313 0.124555
vt 0.971498 0.661225
vt 0.281552 0.284283
vt 0.960151 0.622239
vt 0.020588 0.793006
vt 0.255499 0.280310
vt 0.481497 0.592540
vt 0.029021 0.774599
vt 0.908933 0.178442
vt 0.466051 0.590684
vt 0.123284 0.539109
vt 0.021415 0.126268
vt 0.215310 0.285890
vt 0.375602 0.112567
vt 0.029124 0.790139
vt 0.033522 0.792604
vt 0.015256 0.808774
vt 0.389949 0.610134
vt 0.893589 0.170641
vt 0.107894 0.555635
vt 0.115128 0.541299
vt 0.970274 0.644356
vt 0.507345 0.692240
vt 0.475822 0.587650
vt 0.023610 0.760435
vt 0.306492 0.401955
vt 0.377493 0.116364
vt 0.375817 0.117774
vt 0.435771 0.612636
vt 0.190663 0.281831
vt 0.020703 0.751992
vt 0.111824 0.547399
vt 0.012091 0.114506
vt 0.289572 0.407129
vt 0.750529 0.585787
vt 0.570524 0.647418
vt 0.814383 0.554722
vt 0.970463 0.637974
vt 0.963291 0.624388
vt 0.776321 0.578481
vt 0.790292 0.568096
vt 0.010981 0.108360
vt 0.769178 0.588375
vt 0.461930 0.602783
vt 0.297422 0.284112
vt 0.417643 0.616797
vt 0.245040 0.420370
vt 0.024835 0.756489
vt 0.344249 0.396679
vt 0.328058 0.384163
vt 0.321356 0.393653
vt 0.885367 0.165767
vt 0.019855 0.746431
vt 0.028188 0.770602
vt 0.559748 0.656652
vt 0.028479 0.786053
vt 0.398140 0.140573
vt 0.917833 0.177591
vt 0.375123 0.126625
vt 0.807469 0.564519
vt 0.207515 0.275050
vt 0.360534 0.612835
vt 0.488519 0.702968
vt 0.123058 0.536122
vt 0.123963 0.539161
vt 0.376717 0.127709
vt 0.020572 0.117239
vt 0.972395 0.642267
vt 0.450258 0.293917
vt 0.445776 0.306232
vt 0.438381 0.293496
vt 0.284700 0.948478
vt 0.301482 0.949721
vt 0.466064 0.711278
vt 0.025887 0.760945
vt 0.031596 0.131649
vt 0.034912 0.141600
vt 0.375831 0.122641
vt 0.966783 0.624606
vt 0.025831 0.757898
vt 0.281477 0.278945
vt 0.121492 0.534616
vt 0.237200 0.271763
vt 0.158694 0.585301
vt 0.024185 0.124962
vt 0.030203 0.765895
vt 0.830761 0.953955
vt 0.848213 0.966959
vt 0.836787 0.974458
vt 0.185558 0.574145
vt 0.178110 0.568250
vt 0.190540 0.566269
vt 0.647005 0.031230
vt 0.307536 0.969164
vt 0.398499 0.611671
vt 0.867914 0.157229
vt 0.560270 0.673216
vt 0.936519 0.037734
vt 0.917093 0.026605
vt 0.969451 0.631831
vt 0.121753 0.533128
vt 0.038689 0.146690
vt 0.940218 0.037484
vt 0.307138 0.958575
vt 0.490459 0.586257
vt 0.304084 0.981931
vt 0.117563 0.533201
vt 0.297913 0.396092
vt 0.269246 0.276815
vt 0.290423 0.943649
vt 0.500338 0.698932
vt 0.478424 0.718954
vt 0.648651 0.023792
vt 0.457384 0.289596
vt 0.455784 0.311576
vt 0.023542 0.746783
vt 0.354531 0.383088
vt 0.346615 0.382734
vt 0.028908 0.778342
vt 0.837258 0.952828
vt 0.468615 0.605474
vt 0.652554 0.020019
vt 0.647264 0.026158
vt 0.037559 0.132635
vt 0.828801 0.948853
vt 0.841041 0.945920
vt 0.025600 0.750726
vt 0.748068 0.596646
vt 0.104116 0.542884
vt 0.909095 0.167857
vt 0.453519 0.606920
vt 0.420550 0.141319
vt 0.590987 0.968915
vt 0.593799 0.972022
vt 0.592281 0.979007
vt 0.937961 0.039355
vt 0.936830 0.039147
vt 0.352133 0.438417
vt 0.346860 0.444701
vt 0.346239 0.426198
vt 0.318167 0.382743
vt 0.255069 0.412469
vt 0.298711 0.934356
vt 0.027342 0.753324
vt 0.160935 0.576274
vt 0.498060 0.709971
vt 0.284969 0.395768
vt 0.028000 0.773113
vt 0.341292 0.432505
vt 0.319840 0.956615
vt 0.306630 0.943467
vt 0.597354 0.985600
vt 0.487775 0.285335
vt 0.480754 0.309168
vt 0.476247 0.293417
vt 0.593358 0.969219
vt 0.028807 0.764222
vt 0.015426 0.107368
vt 0.894755 0.158417
vt 0.439531 0.314646
vt 0.427044 0.300472
vt 0.339590 0.372199
vt 0.977109 0.635817
vt 0.120997 0.530453
vt 0.227589 0.272159
vt 0.333015 0.442983
vt 0.322705 0.434816
vt 0.325425 0.427413
vt 0.406528 0.289056
vt 0.410925 0.302199
vt 0.932026 0.040317
vt 0.462840 0.286450
vt 0.465631 0.315363
vt 0.899033 0.162490
vt 0.807607 0.825452
vt 0.827528 0.827806
vt 0.818972 0.841682
vt 0.920835 0.172296
vt 0.828338 0.917895
vt 0.835204 0.916721
vt 0.841644 0.933214
vt 0.926735 0.040694
vt 0.912859 0.009761
vt 0.030252 0.767821
vt 0.335924 0.430247
vt 0.881851 0.157490
vt 0.822132 0.820657
vt 0.347199 0.373012
vt 0.543651 0.684019
vt 0.027965 0.118001
vt 0.022598 0.102516
vt 0.576151 0.655874
vt 0.023089 0.108480
vt 0.811134 0.808003
vt 0.827173 0.808687
vt 0.594612 0.970126
vt 0.854528 0.961402
vt 0.469693 0.308941
vt 0.469886 0.292538
vt 0.166493 0.571449
vt 0.317435 0.429272
vt 0.820593 0.799911
vt 0.598604 0.969970
vt 0.597369 0.969287
vt 0.588326 0.966781
vt 0.357998 0.364805
vt 0.471698 0.724304
vt 0.460375 0.724005
vt 0.366758 0.370074
vt 0.928547 0.043778
vt 0.827142 0.793052
vt 0.115082 0.524481
vt 0.315065 0.963601
vt 0.650001 0.040851
vt 0.646726 0.037585
vt 0.310001 0.376406
vt 0.421928 0.159615
vt 0.057536 0.128585
vt 0.058848 0.118657
vt 0.064741 0.143265
vt 0.525794 0.705203
vt 0.926753 0.060078
vt 0.112097 0.529327
vt 0.263839 0.398390
vt 0.393468 0.290002
vt 0.402906 0.314092
vt 0.031419 0.775362
vt 0.244116 0.262918
vt 0.914453 0.038496
vt 0.377458 0.300395
vt 0.387986 0.321423
vt 0.328100 0.975172
vt 0.536987 0.697208
vt 0.293227 0.272892
vt 0.000144 0.872291
vt 0.000362 0.871479
vt 0.000331 0.873202
vt 0.119875 0.526732
vt 0.105105 0.539007
vt 0.014964 0.097772
vt 0.183114 0.556568
vt 0.854217 0.976508
vt 0.229493 0.411192
vt 0.847764 0.916298
vt 0.833792 0.914937
vt 0.839114 0.913666
vt 0.021701 0.742610
vt 0.863886 0.971128
vt 0.492194 0.578325
vt 0.321541 0.945677
vt 0.838529 0.814805
vt 0.539201 0.786032
vt 0.566985 0.786673
vt 0.539197 0.806601
vt 0.029283 0.754589
vt 0.827315 0.933559
vt 0.850303 0.944432
vt 0.835722 0.909259
vt 0.838160 0.909881
vt 0.839881 0.912663
vt 0.364599 0.438696
vt 0.358419 0.446323
vt 0.923615 0.041606
vt 0.409666 0.173794
vt 0.927624 0.046555
vt 0.375716 0.438391
vt 0.381932 0.437471
vt 0.381893 0.446347
vt 0.578646 0.671389
vt 0.973488 0.763327
vt 0.967152 0.757148
vt 0.972291 0.760699
vt 0.105068 0.526714
vt 0.864423 0.957612
vt 0.454376 0.325612
vt 0.103535 0.530511
vt 0.027406 0.747954
vt 0.364890 0.448049
vt 0.338196 0.445759
vt 0.030341 0.760346
vt 0.417815 0.326976
vt 0.920735 0.161483
vt 0.031830 0.757413
vt 0.034593 0.770807
vt 0.315014 0.938947
vt 0.842626 0.914192
vt 0.102440 0.537633
vt 0.385669 0.440533
vt 0.920755 0.040886
vt 0.926863 0.049104
vt 0.160514 0.562058
vt 0.203707 0.549585
vt 0.192825 0.559089
vt 0.195825 0.540666
vt 0.842858 0.912918
vt 0.258117 0.267827
vt 0.974605 0.756029
vt 0.923550 0.411013
vt 0.920816 0.419341
vt 0.918640 0.412932
vt 0.241872 0.393958
vt 0.043725 0.122639
vt 0.045011 0.127077
vt 0.434940 0.322360
vt 0.372355 0.448968
vt 0.833068 0.803982
vt 0.325089 0.985097
vt 0.474224 0.319773
vt 0.516538 0.710228
vt 0.395764 0.435698
vt 0.389123 0.451512
vt 0.039941 0.150003
vt 0.479449 0.322464
vt 0.462573 0.328361
vt 0.276107 0.384915
vt 0.573720 0.647517
vt 0.589221 0.639376
vt 0.592165 0.657962
vt 0.907351 0.020399
vt 0.291309 0.373277
vt 0.970042 0.325729
vt 0.943041 0.358514
vt 0.943822 0.306186
vt 0.039347 0.117323
vt 0.034674 0.782764
vt 0.912369 0.039904
vt 0.925982 0.055865
vt 0.278003 0.265654
vt 0.653781 0.034421
vt 0.650239 0.036667
vt 0.593649 0.668760
vt 0.655830 0.030471
vt 0.287428 0.267176
vt 0.483503 0.326085
vt 0.564270 0.681706
vt 0.952666 0.764221
vt 0.949904 0.753501
vt 0.816677 0.852360
vt 0.827708 0.840588
vt 0.055441 0.143919
vt 0.028540 0.105875
vt 0.533548 0.737472
vt 0.544443 0.734142
vt 0.542593 0.748267
vt 0.153484 0.577480
vt 0.353409 0.446783
vt 0.928320 0.333343
vt 0.858308 0.917787
vt 0.859375 0.922385
vt 0.920101 0.408533
vt 0.913651 0.409430
vt 0.539536 0.717632
vt 0.491771 0.312212
vt 0.849265 0.914327
vt 0.265818 0.262642
vt 0.867567 0.949711
vt 0.989838 0.895744
vt 0.995863 0.914286
vt 0.986407 0.913563
vt 0.978582 0.749847
vt 0.033284 0.762704
vt 0.345842 0.349815
vt 0.214496 0.540690
vt 0.204546 0.538172
vt 0.006942 0.853769
vt 0.008529 0.845885
vt 0.011541 0.850652
vt 0.928435 0.419191
vt 0.923142 0.436434
vt 0.379247 0.456142
vt 0.323001 0.443612
vt 0.182533 0.544384
vt 0.910625 0.038774
vt 0.925095 0.331842
vt 0.925642 0.333022
vt 0.824653 0.862422
vt 0.831692 0.849251
vt 0.883971 0.965091
vt 0.870844 0.977377
vt 0.029679 0.749713
vt 0.040839 0.781804
vt 0.908098 0.159262
vt 0.952369 0.361102
vt 0.943439 0.754978
vt 0.968956 0.360439
vt 0.313603 0.439493
vt 0.855306 0.916515
vt 0.900297 0.153687
vt 0.864162 0.941837
vt 0.005767 0.850826
vt 0.373849 0.319297
vt 0.387516 0.330417
vt 0.911359 0.430550
vt 0.035094 0.767999
vt 0.037376 0.777123
vt 0.311174 0.365187
vt 0.400274 0.338324
vt 0.396701 0.446778
vt 0.024971 0.738845
vt 0.215249 0.532842
vt 0.335888 0.452219
vt 0.855106 0.915855
vt 0.903857 0.036397
vt 0.906657 0.038384
vt 0.925610 0.335644
vt 0.383431 0.450862
vt 0.448147 0.336693
vt 0.938007 0.442569
vt 0.929974 0.460943
vt 0.899380 0.033558
vt 0.031421 0.752289
vt 0.533939 0.712089
vt 0.546795 0.708302
vt 0.668650 0.974819
vt 0.648979 0.989268
vt 0.645023 0.981421
vt 0.863857 0.916062
vt 0.543164 0.761126
vt 0.558537 0.754541
vt 0.004955 0.844928
vt 0.001698 0.846658
vt 0.349102 0.969730
vt 0.317358 0.356408
vt 0.876289 0.955346
vt 0.413308 0.183780
vt 0.428717 0.344786
vt 0.859164 0.915134
vt 0.546279 0.771247
vt 0.050734 0.120769
vt 0.371870 0.454592
vt 0.958794 0.735385
vt 0.815346 0.876644
vt 0.828986 0.871185
vt 0.819155 0.886600
vt 0.926814 0.336346
vt 0.903858 0.037709
vt 0.243436 0.387511
vt 0.392087 0.457478
vt 0.170820 0.552576
vt 0.898497 0.037716
vt 0.832446 0.860250
vt 0.833987 0.828578
vt 0.938179 0.759127
vt 0.930796 0.738372
vt 0.980045 0.744468
vt 0.269333 0.158927
vt 0.259398 0.118267
vt 0.283517 0.086260
vt 0.340471 0.960752
vt 0.031945 0.743440
vt 0.395731 0.140326
vt 0.399116 0.147831
vt 0.376720 0.151349
vt 0.867407 0.910333
vt 0.894277 0.958478
vt 0.543869 0.814658
vt 0.901241 0.968107
vt 0.345585 0.977061
vt 0.316271 0.451759
vt 0.905478 0.423010
vt 0.033851 0.758135
vt 0.939919 0.728795
vt 0.944687 0.723241
vt 0.421728 0.340045
vt 0.052351 0.145761
vt 0.052378 0.136399
vt 0.384797 0.159406
vt 0.470840 0.342092
vt 0.033256 0.858459
vt 0.027815 0.854291
vt 0.026219 0.844593
vt 0.536524 0.700499
vt 0.350748 0.983050
vt 0.566289 0.743245
vt 0.899441 0.036788
vt 0.669979 0.015070
vt 0.927305 0.341705
vt 0.344250 0.953434
vt 0.012524 0.842585
vt 0.029378 0.740465
vt 0.264898 0.376646
vt 0.977902 0.729559
vt 0.928273 0.345870
vt 0.046373 0.126880
vt 0.838194 0.843151
vt 0.886726 0.912663
vt 0.865939 0.911993
vt 0.566064 0.773081
vt 0.477453 0.339219
vt 0.812602 0.899400
vt 0.818451 0.896637
vt 0.330528 0.457636
vt 0.893653 0.037414
vt 0.567967 0.642610
vt 0.881152 0.931396
vt 0.281143 0.369475
vt 0.030729 0.842016
vt 0.904320 0.948094
vt 0.352039 0.459354
vt 0.395435 0.456374
vt 0.544929 0.687305
vt 0.551845 0.693487
vt 0.834400 0.879026
vt 0.361085 0.453625
vt 0.346929 0.938454
vt 0.570819 0.797253
vt 0.487674 0.343419
vt 0.059569 0.116605
vt 0.295078 0.358391
vt 0.935380 0.729905
vt 0.592729 0.635151
vt 0.848130 0.800246
vt 0.930385 0.351091
vt 0.402618 0.444662
vt 0.033742 0.746724
vt 0.560055 0.721432
vt 0.871261 0.912164
vt 0.893944 0.036665
vt 0.903703 0.949998
vt 0.457529 0.347686
vt 0.160419 0.551986
vt 0.407407 0.447926
vt 0.402415 0.456224
vt 0.481861 0.348716
vt 0.000030 0.737174
vt 0.000476 0.738839
vt 0.000240 0.750162
vt 0.645083 0.986156
vt 0.836111 0.889005
vt 0.853054 0.811953
vt 0.062379 0.155857
vt 0.641476 0.987402
vt 0.641023 0.987367
vt 0.641761 0.985291
vt 0.375549 0.462378
vt 0.184801 0.539578
vt 0.036055 0.759137
vt 0.403710 0.354693
vt 0.034464 0.752958
vt 0.382701 0.335498
vt 0.307292 0.353594
vt 0.035786 0.755712
vt 0.045245 0.146232
vt 0.048002 0.153041
vt 0.051916 0.782696
vt 0.362264 0.463593
vt 0.410985 0.350548
vt 0.928770 0.348210
vt 0.039272 0.770851
vt 0.463746 0.344875
vt 0.829016 0.910089
vt 0.845745 0.858798
vt 0.006691 0.831655
vt 0.808543 0.909531
vt 0.643266 0.982565
vt 0.140660 0.557280
vt 0.843067 0.834749
vt 0.037199 0.762879
vt 0.345558 0.462701
vt 0.072905 0.157347
vt 0.068055 0.165401
vt 0.204041 0.528479
vt 0.953068 0.376320
vt 0.300897 0.477648
vt 0.184918 0.477648
vt 0.245271 0.430660
vt 0.875695 0.908839
vt 0.935658 0.465497
vt 0.929736 0.470395
vt 0.359996 0.974708
vt 0.641531 0.983613
vt 0.376972 0.333830
vt 0.394334 0.351113
vt 0.639889 0.982539
vt 0.880478 0.909446
vt 0.968991 0.367961
vt 0.959438 0.380365
vt 0.036487 0.761092
vt 0.058346 0.117779
vt 0.386697 0.356328
vt 0.965064 0.692213
vt 0.631755 0.970829
vt 0.468564 0.354628
vt 0.381548 0.468196
vt 0.060366 0.169021
vt 0.906300 0.964149
vt 0.448180 0.357330
vt 0.365879 0.964866
vt 0.637589 0.977567
vt 0.253244 0.369744
vt 0.647062 0.946902
vt 0.559287 0.696944
vt 0.476900 0.349709
vt 0.927181 0.472395
vt 0.992757 0.663794
vt 0.993087 0.659424
vt 0.994362 0.653634
vt 0.213406 0.517026
vt 0.914032 0.148103
vt 0.431784 0.355635
vt 0.921874 0.462956
vt 0.321187 0.457804
vt 0.839306 0.869414
vt 0.056314 0.160119
vt 0.566795 0.708662
vt 0.364359 0.979505
vt 0.336760 0.460637
vt 0.225468 0.531260
vt 0.638749 0.983706
vt 0.930485 0.358229
vt 0.243572 0.375821
vt 0.191257 0.529372
vt 0.283132 0.362495
vt 0.636326 0.979118
vt 0.638283 0.980962
vt 0.850027 0.838511
vt 0.914486 0.454634
vt 0.221445 0.518157
vt 0.635477 0.987083
vt 0.524948 0.177101
vt 0.509820 0.169608
vt 0.518832 0.166509
vt 0.913646 0.980682
vt 0.905844 0.984271
vt 0.367100 0.149588
vt 0.358218 0.165707
vt 0.036232 0.749023
vt 0.884919 0.910722
vt 0.358770 0.954534
vt 0.859696 0.826893
vt 0.993506 0.672882
vt 0.357856 0.155300
vt 0.385478 0.177629
vt 0.398927 0.462518
vt 0.397682 0.170579
vt 0.991541 0.668028
vt 0.367961 0.178948
vt 0.633952 0.979656
vt 0.408697 0.175187
vt 0.632569 0.980983
vt 0.051950 0.157706
vt 0.906248 0.448098
vt 0.032382 0.835595
vt 0.079518 0.174861
vt 0.073521 0.183484
vt 0.933350 0.475502
vt 0.840452 0.882521
vt 0.364491 0.145903
vt 0.836394 0.905433
vt 0.921906 0.972838
vt 0.633606 0.979841
vt 0.989929 0.671265
vt 0.991593 0.674957
vt 0.357117 0.126261
vt 0.910306 0.957633
vt 0.458742 0.359131
vt 0.385317 0.465026
vt 0.369927 0.465238
vt 0.145481 0.553052
vt 0.572891 0.763038
vt 0.910865 0.918453
vt 0.000860 0.031882
vt 0.000153 0.033397
vt 0.000288 0.027900
vt 0.266621 0.358487
vt 0.305569 0.350598
vt 0.575076 0.815709
vt 0.574941 0.775953
vt 0.164053 0.540194
vt 0.413956 0.361102
vt 0.430412 0.438110
vt 0.428953 0.472059
vt 0.416110 0.453386
vt 0.944733 0.381251
vt 0.889601 0.909498
vt 0.454866 0.362469
vt 0.038706 0.756856
vt 0.907782 0.454067
vt 0.391500 0.032107
vt 0.391500 0.041348
vt 0.389148 0.036377
vt 0.583754 0.614556
vt 0.596907 0.626506
vt 0.546620 0.978488
vt 0.558980 0.960603
vt 0.573471 0.972205
vt 0.039158 0.764653
vt 0.858809 0.807820
vt 0.006819 0.823973
vt 0.316387 0.466233
vt 0.466675 0.364418
vt 0.474740 0.360456
vt 0.420449 0.363270
vt 0.082342 0.181367
vt 0.848742 0.878177
vt 0.865889 0.799929
vt 0.927829 0.418349
vt 0.928713 0.395251
vt 0.940617 0.415864
vt 0.561034 0.621425
vt 0.574042 0.617582
vt 0.356573 0.146472
vt 0.344672 0.157800
vt 0.993752 0.677173
vt 0.915275 0.469116
vt 0.484000 0.356897
vt 0.585998 0.730421
vt 0.912236 0.937218
vt 0.488772 0.357777
vt 0.930767 0.248508
vt 0.924529 0.271501
vt 0.927165 0.221342
vt 0.356295 0.469888
vt 0.350603 0.464555
vt 0.932157 0.243400
vt 0.583584 0.788752
vt 0.066263 0.115053
vt 0.928386 0.150696
vt 0.933959 0.506260
vt 0.924270 0.491950
vt 0.042655 0.162590
vt 0.559809 0.988231
vt 0.573918 0.692089
vt 0.996115 0.922115
vt 0.996587 0.922047
vt 0.998396 0.929495
vt 0.038110 0.753205
vt 0.184784 0.529123
vt 0.328423 0.138986
vt 0.329024 0.468663
vt 0.044506 0.767136
vt 0.479834 0.360561
vt 0.040204 0.760616
vt 0.934773 0.232912
vt 0.992579 0.681164
vt 0.372562 0.955981
vt 0.373609 0.469907
vt 0.992777 0.718970
vt 0.991809 0.729576
vt 0.990578 0.722778
vt 0.042030 0.773796
vt 0.928633 0.965577
vt 0.902905 0.910264
vt 0.022695 0.823107
vt 0.375059 0.978473
vt 0.576535 0.743611
vt 0.909748 0.404402
vt 0.916822 0.391319
vt 0.920057 0.398428
vt 0.903963 0.403227
vt 0.045348 0.776133
vt 0.992622 0.686791
vt 0.855733 0.853965
vt 0.407544 0.473020
vt 0.994874 0.685322
vt 0.361094 0.472591
vt 0.518558 0.155978
vt 0.506073 0.159528
vt 0.395893 0.193687
vt 0.909048 0.391061
vt 0.041560 0.765619
vt 0.040834 0.754927
vt 0.365813 0.476535
vt 0.342843 0.467239
vt 0.404247 0.365462
vt 0.047154 0.166789
vt 0.410836 0.368259
vt 0.571014 0.679223
vt 0.990962 0.737451
vt 0.521248 0.126377
vt 0.528853 0.132555
vt 0.518896 0.137176
vt 0.346775 0.167526
vt 0.394385 0.368515
vt 0.453299 0.378845
vt 0.043876 0.762786
vt 0.902966 0.395651
vt 0.517759 0.118599
vt 0.530198 0.124408
vt 0.580152 0.754461
vt 0.261698 0.357695
vt 0.989492 0.741825
vt 0.895150 0.439333
vt 0.216581 0.505069
vt 0.054196 0.167298
vt 0.925359 0.944296
vt 0.994621 0.917501
vt 0.078972 0.186662
vt 0.937028 0.231609
vt 0.937309 0.228028
vt 0.906067 0.912030
vt 0.520311 0.146150
vt 0.504458 0.147666
vt 0.390179 0.466125
vt 0.394705 0.475626
vt 0.581384 0.705968
vt 0.938436 0.229389
vt 0.056030 0.183141
vt 0.279606 0.345046
vt 0.904201 0.454847
vt 0.895694 0.449081
vt 0.421388 0.473545
vt 0.509911 0.139885
vt 0.484548 0.374647
vt 0.252550 0.349465
vt 0.991754 0.740582
vt 0.201101 0.514152
vt 0.998691 0.912649
vt 0.925271 0.958104
vt 0.000197 0.132138
vt 0.000197 0.110517
vt 0.000816 0.121506
vt 0.915353 0.477808
vt 0.418992 0.368956
vt 0.894921 0.444718
vt 0.922122 0.496625
vt 0.414260 0.471751
vt 0.065936 0.189035
vt 0.910910 0.914415
vt 0.350046 0.473052
vt 0.346702 0.470071
vt 0.437934 0.374422
vt 0.514147 0.131187
vt 0.234385 0.509034
vt 0.962502 0.202683
vt 0.961993 0.203977
vt 0.955554 0.205555
vt 0.169308 0.529754
vt 0.903019 0.460518
vt 0.028680 0.824049
vt 0.596084 0.785281
vt 0.937870 0.399228
vt 0.382916 0.966117
vt 0.324265 0.053649
vt 0.336564 0.049435
vt 0.334482 0.060629
vt 0.379568 0.197727
vt 0.405484 0.375939
vt 0.044324 0.768917
vt 0.186273 0.520788
vt 0.493648 0.183646
vt 0.501665 0.168309
vt 0.412237 0.373819
vt 0.151463 0.538190
vt 0.986479 0.914858
vt 0.922989 0.953775
vt 0.376585 0.478161
vt 0.588194 0.798251
vt 0.865799 0.830890
vt 0.587456 0.811282
vt 0.473913 0.386552
vt 0.390249 0.477302
vt 0.576299 0.823327
vt 0.911279 0.488047
vt 0.999843 0.910424
vt 0.045511 0.737787
vt 0.024974 0.731929
vt 0.036730 0.731279
vt 0.398529 0.199038
vt 0.862982 0.868078
vt 0.466173 0.385032
vt 0.914999 0.495255
vt 0.918436 0.911843
vt 0.948292 0.209422
vt 0.940179 0.217207
vt 0.050664 0.174052
vt 0.941175 0.970792
vt 0.379607 0.970386
vt 0.422722 0.380888
vt 0.613351 0.610389
vt 0.606311 0.625530
vt 0.608045 0.598971
vt 0.506348 0.135414
vt 0.402203 0.476500
vt 0.939936 0.967387
vt 0.480453 0.393682
vt 0.387271 0.203295
vt 0.850543 0.892375
vt 0.512063 0.122764
vt 0.937398 0.206853
vt 0.386006 0.477162
vt 0.428341 0.380584
vt 0.578296 0.684945
vt 0.068588 0.190842
vt 0.941179 0.209909
vt 0.208770 0.510571
vt 0.858510 0.877185
vt 0.938461 0.394235
vt 0.016770 0.743326
vt 0.016894 0.734753
vt 0.343182 0.188019
vt 0.782709 0.903586
vt 0.787804 0.894646
vt 0.789544 0.904686
vt 0.797761 0.890308
vt 0.795879 0.906718
vt 0.032792 0.267842
vt 0.030769 0.251259
vt 0.035414 0.252083
vt 0.861663 0.842807
vt 0.955543 0.112178
vt 0.964853 0.114873
vt 0.951813 0.128020
vt 0.365950 0.192777
vt 0.141608 0.544232
vt 0.991826 0.746582
vt 0.938036 0.934859
vt 0.504990 0.127428
vt 0.178078 0.523271
vt 0.933776 0.912045
vt 0.997630 0.811889
vt 0.997630 0.787909
vt 0.998317 0.801689
vt 0.802757 0.894824
vt 0.800664 0.903165
vt 0.578410 0.973785
vt 0.576789 0.971644
vt 0.941065 0.211545
vt 0.007131 0.751755
vt 0.011960 0.737177
vt 0.907808 0.488385
vt 0.092416 0.034311
vt 0.092416 0.029012
vt 0.092994 0.031078
vt 0.388640 0.983611
vt 0.384096 0.958489
vt 0.390625 0.976540
vt 0.938781 0.952811
vt 0.889579 0.449555
vt 0.886208 0.444217
vt 0.969238 0.481838
vt 0.979717 0.482272
vt 0.964822 0.491884
vt 0.590887 0.750094
vt 0.404849 0.392558
vt 0.372970 0.373797
vt 0.587118 0.979183
vt 0.889514 0.453821
vt 0.903528 0.486420
vt 0.939198 0.914444
vt 0.133932 0.551944
vt 0.401751 0.987754
vt 0.880816 0.818093
vt 0.347785 0.192150
vt 0.346290 0.478406
vt 0.861731 0.852854
vt 0.076055 0.192007
vt 0.445323 0.391206
vt 0.578403 0.971224
vt 0.581474 0.971654
vt 0.844824 0.903972
vt 0.577675 0.601293
vt 0.038651 0.170963
vt 0.034414 0.164519
vt 0.332500 0.186967
vt 0.598121 0.723382
vt 0.911589 0.500225
vt 0.999303 0.780155
vt 0.996385 0.787020
vt 0.999439 0.777107
vt 0.961537 0.122884
vt 0.510400 0.112692
vt 0.393995 0.975053
vt 0.488375 0.164230
vt 0.027330 0.816371
vt 0.911362 0.497143
vt 0.929190 0.193038
vt 0.042207 0.176618
vt 0.963271 0.482287
vt 0.939108 0.205961
vt 0.776889 0.898806
vt 0.781497 0.909749
vt 0.340186 0.479035
vt 0.061558 0.189253
vt 0.555495 0.602305
vt 0.591389 0.819833
vt 0.588944 0.825221
vt 0.495499 0.156977
vt 0.320964 0.183326
vt 0.933412 0.379158
vt 0.911219 0.500841
vt 0.501228 0.140742
vt 0.000306 0.033945
vt 0.000904 0.040782
vt 0.000109 0.044576
vt 0.584121 0.972946
vt 0.382890 0.476357
vt 0.072243 0.192858
vt 0.911137 0.502677
vt 0.029084 0.804662
vt 0.920564 0.910461
vt 0.994994 0.792982
vt 0.996075 0.789365
vt 0.374454 0.052896
vt 0.991373 0.680999
vt 0.987776 0.701400
vt 0.987350 0.668914
vt 0.594715 0.807686
vt 0.584092 0.971263
vt 0.585743 0.970041
vt 0.941006 0.387227
vt 0.909625 0.507374
vt 0.393385 0.965712
vt 0.592678 0.712615
vt 0.389482 0.961978
vt 0.358005 0.479239
vt 0.773956 0.905715
vt 0.775785 0.916650
vt 0.769632 0.906106
vt 0.929840 0.909314
vt 0.934670 0.143650
vt 0.938394 0.141416
vt 0.940581 0.141068
vt 0.432401 0.392403
vt 0.378810 0.201535
vt 0.364729 0.201777
vt 0.392904 0.965117
vt 0.587788 0.697208
vt 0.008208 0.698599
vt 0.549118 0.607446
vt 0.288871 0.153083
vt 0.590686 0.600540
vt 0.365074 0.482816
vt 0.264110 0.946374
vt 0.266314 0.937254
vt 0.266759 0.945907
vt 0.480628 0.176337
vt 0.929680 0.193124
vt 0.511887 0.943693
vt 0.511887 0.930673
vt 0.512429 0.935045
vt 0.053935 0.187760
vt 0.401837 0.979992
vt 0.930489 0.147246
vt 0.930570 0.150157
vt 0.940542 0.948583
vt 0.351806 0.484857
vt 0.959811 0.134700
vt 0.987167 0.488104
vt 0.426805 0.399816
vt 0.601984 0.752949
vt 0.994381 0.794081
vt 0.337243 0.041703
vt 0.330544 0.477960
vt 0.014400 0.733969
vt 0.969599 0.492804
vt 0.628200 0.594159
vt 0.623558 0.611415
vt 0.079324 0.197754
vt 0.401515 0.969117
vt 0.374266 0.060314
vt 0.868235 0.867651
vt 0.607374 0.777566
vt 0.932915 0.910626
vt 0.008921 0.735878
vt 0.802177 0.910632
vt 0.207601 0.499435
vt 0.859441 0.907023
vt 0.907050 0.356008
vt 0.029614 0.169963
vt 0.036950 0.248177
vt 0.053777 0.232286
vt 0.044273 0.234439
vt 0.050456 0.227148
vt 0.392961 0.964733
vt 0.161007 0.527740
vt 0.047769 0.185697
vt 0.930116 0.148526
vt 0.051430 0.772154
vt 0.868411 0.847042
vt 0.788146 0.916864
vt 0.065341 0.193710
vt 0.596495 0.708803
vt 0.000114 0.859350
vt 0.000479 0.860712
vt 0.000028 0.862028
vt 0.395905 0.963803
vt 0.397750 0.966705
vt 0.150942 0.528556
vt 0.602280 0.738685
vt 0.262627 0.949102
vt 0.264650 0.948211
vt 0.005812 0.660109
vt 0.008193 0.660981
vt 0.023485 0.670759
vt 0.161290 0.520196
vt 0.587630 0.683823
vt 0.321858 0.482591
vt 0.187346 0.504644
vt 0.974415 0.139864
vt 0.968241 0.503208
vt 0.964198 0.500145
vt 0.020483 0.679600
vt 0.016739 0.681511
vt 0.073849 0.213955
vt 0.055315 0.221116
vt 0.066512 0.212147
vt 0.267261 0.950284
vt 0.994267 0.796394
vt 0.952748 0.147690
vt 0.372317 0.213110
vt 0.410284 0.989332
vt 0.482021 0.188080
vt 0.412257 0.971716
vt 0.496958 0.130418
vt 0.082078 0.203025
vt 0.174369 0.507895
vt 0.221771 0.030487
vt 0.221718 0.036685
vt 0.220866 0.037902
vt 0.610125 0.752210
vt 0.262858 0.949505
vt 0.297855 0.025373
vt 0.297855 0.029845
vt 0.293837 0.026738
vt 0.400268 0.402609
vt 0.352857 0.207451
vt 0.608593 0.799321
vt 0.402706 0.968759
vt 0.141243 0.537649
vt 0.983390 0.503332
vt 0.219465 0.034324
vt 0.378803 0.208323
vt 0.364207 0.209132
vt 0.592670 0.693487
vt 0.070354 0.201227
vt 0.547819 0.592058
vt 0.494479 0.145720
vt 0.481930 0.966234
vt 0.489950 0.951951
vt 0.494812 0.985284
vt 0.968057 0.139935
vt 0.027533 0.667778
vt 0.059205 0.196097
vt 0.018703 0.881569
vt 0.025071 0.899050
vt 0.019583 0.891155
vt 0.996876 0.803440
vt 0.220105 0.031990
vt 0.035822 0.175445
vt 0.196595 0.499614
vt 0.396783 0.489931
vt 0.987897 0.800489
vt 0.406363 0.969770
vt 0.999948 0.512966
vt 0.990997 0.519081
vt 0.000588 0.700866
vt 0.033038 0.239015
vt 0.044408 0.243672
vt 0.403695 0.968288
vt 0.872476 0.853556
vt 0.603776 0.718904
vt 0.985373 0.224948
vt 0.996348 0.228934
vt 0.985692 0.244154
vt 0.039316 0.661838
vt 0.340242 0.194577
vt 0.361447 0.491162
vt 0.368300 0.489047
vt 0.859959 0.890210
vt 0.018632 0.902890
vt 0.136456 0.544936
vt 0.940846 0.276882
vt 0.927191 0.265932
vt 0.944262 0.241000
vt 0.043721 0.183998
vt 0.359169 0.214848
vt 0.508658 0.941920
vt 0.510853 0.938786
vt 0.511098 0.951791
vt 0.925807 0.156880
vt 0.301604 0.478195
vt 0.035837 0.182208
vt 0.612918 0.737579
vt 0.980265 0.412925
vt 0.981513 0.412471
vt 0.981528 0.417917
vt 0.955482 0.510519
vt 0.151370 0.680582
vt 0.152805 0.681964
vt 0.142088 0.677957
vt 0.152010 0.687030
vt 0.140876 0.678775
vt 0.502873 0.960924
vt 0.167039 0.511635
vt 0.975132 0.524869
vt 0.961918 0.516540
vt 0.884284 0.823894
vt 0.614988 0.779043
vt 0.144729 0.083690
vt 0.132019 0.084079
vt 0.132915 0.074263
vt 0.058286 0.229023
vt 0.049232 0.219932
vt 0.029777 0.176649
vt 0.384284 0.486540
vt 0.602314 0.828227
vt 0.305171 0.179494
vt 0.595606 0.677186
vt 0.576599 0.583693
vt 0.611518 0.758593
vt 0.412081 0.496008
vt 0.160719 0.659353
vt 0.162593 0.660182
vt 0.154856 0.662009
vt 0.411259 0.968497
vt 0.002480 0.711425
vt 0.312274 0.490306
vt 0.933597 0.177232
vt 0.807497 0.897237
vt 0.807874 0.910226
vt 0.962663 0.156944
vt 0.025868 0.246622
vt 0.050030 0.193500
vt 0.023149 0.712131
vt 0.485196 0.988779
vt 0.487199 0.114725
vt 0.499194 0.112776
vt 0.992914 0.620379
vt 0.997461 0.610629
vt 0.995344 0.651783
vt 0.337194 0.486422
vt 0.155328 0.075045
vt 0.146753 0.069197
vt 0.156913 0.066450
vt 0.597870 0.688937
vt 0.510212 0.906199
vt 0.511037 0.904770
vt 0.509794 0.914755
vt 0.145394 0.677784
vt 0.029206 0.894931
vt 0.029951 0.921995
vt 0.546280 0.583140
vt 0.417556 0.497635
vt 0.870670 0.886178
vt 0.908298 0.322154
vt 0.914589 0.311225
vt 0.913025 0.320596
vt 0.334559 0.208029
vt 0.509226 0.901181
vt 0.160266 0.063541
vt 0.165312 0.068700
vt 0.037442 0.232777
vt 0.026389 0.239558
vt 0.510190 0.903458
vt 0.510661 0.896795
vt 0.605397 0.701944
vt 0.134394 0.534226
vt 0.483512 0.156839
vt 0.980020 0.402372
vt 0.630869 0.582234
vt 0.721478 0.043322
vt 0.721478 0.033173
vt 0.722291 0.039850
vt 0.144010 0.074439
vt 0.350501 0.216130
vt 0.378606 0.491754
vt 0.033878 0.224528
vt 0.561017 0.584958
vt 0.325535 0.194743
vt 0.943661 0.169993
vt 0.987567 0.617422
vt 0.987567 0.579640
vt 0.992169 0.605523
vt 0.772152 0.921841
vt 0.595974 0.587008
vt 0.917887 0.332410
vt 0.175175 0.056970
vt 0.169991 0.051144
vt 0.183298 0.051230
vt 0.509977 0.899036
vt 0.924103 0.172099
vt 0.152232 0.661412
vt 0.601377 0.697102
vt 0.927676 0.349921
vt 0.374158 0.489256
vt 0.996897 0.260361
vt 0.904804 0.309344
vt 0.915936 0.304560
vt 0.801220 0.921126
vt 0.042627 0.188963
vt 0.998934 0.837592
vt 0.998934 0.860482
vt 0.990935 0.844895
vt 0.930219 0.258242
vt 0.149717 0.662830
vt 0.611129 0.588627
vt 0.485808 0.124891
vt 0.890280 0.836409
vt 0.786936 0.924955
vt 0.382272 0.039675
vt 0.383574 0.045464
vt 0.143830 0.673379
vt 0.386834 0.494840
vt 0.450440 0.972333
vt 0.458841 0.980801
vt 0.450833 0.973890
vt 0.998422 0.953090
vt 0.997926 0.956620
vt 0.996512 0.959777
vt 0.021547 0.224578
vt 0.470385 0.166982
vt 0.877146 0.855082
vt 0.346708 0.491842
vt 0.446691 0.969277
vt 0.619058 0.744359
vt 0.442184 0.971001
vt 0.439981 0.974884
vt 0.440578 0.969551
vt 0.142915 0.663598
vt 0.915877 0.300581
vt 0.032656 0.663263
vt 0.354886 0.490715
vt 0.139871 0.520253
vt 0.621247 0.761993
vt 0.426257 0.981020
vt 0.599889 0.673374
vt 0.903316 0.284655
vt 0.912554 0.288627
vt 0.149425 0.514967
vt 0.479394 0.143077
vt 0.617973 0.727888
vt 0.621729 0.733548
vt 0.041024 0.204883
vt 0.960328 0.245685
vt 0.157742 0.060348
vt 0.329737 0.487029
vt 0.968446 0.157772
vt 0.955348 0.159813
vt 0.146565 0.063921
vt 0.758628 0.923334
vt 0.712046 0.126284
vt 0.720699 0.134180
vt 0.693465 0.120988
vt 0.623486 0.723699
vt 0.139361 0.660547
vt 0.125599 0.064220
vt 0.453137 0.958905
vt 0.150979 0.059870
vt 0.120882 0.081283
vt 0.173870 0.061444
vt 0.452375 0.958878
vt 0.938272 0.244707
vt 0.866668 0.900384
vt 0.616822 0.757072
vt 0.482401 0.131818
vt 0.986226 0.249068
vt 0.431741 0.972614
vt 0.954561 0.518422
vt 0.179217 0.046566
vt 0.609341 0.817979
vt 0.541151 0.080906
vt 0.547380 0.077376
vt 0.548904 0.086094
vt 0.922536 0.327626
vt 0.986396 0.528814
vt 0.424985 0.966756
vt 0.053458 0.655837
vt 0.139817 0.065299
vt 0.885407 0.874071
vt 0.947367 0.516932
vt 0.136641 0.663956
vt 0.608558 0.679235
vt 0.622794 0.739841
vt 0.981035 0.396446
vt 0.899055 0.816749
vt 0.538578 0.586842
vt 0.888285 0.984689
vt 0.898496 0.982771
vt 0.892450 0.987707
vt 0.160591 0.510819
vt 0.925794 0.308068
vt 0.037432 0.659815
vt 0.133261 0.520431
vt 0.018350 0.235205
vt 0.549722 0.092019
vt 0.528563 0.078472
vt 0.419581 0.969923
vt 0.899588 0.974926
vt 0.456048 0.952575
vt 0.979066 0.541465
vt 0.391784 0.497416
vt 0.883242 0.983763
vt 0.875488 0.977257
vt 0.428856 0.505053
vt 0.953763 0.555591
vt 0.916447 0.556468
vt 0.909115 0.552235
vt 0.018687 0.906966
vt 0.893888 0.822832
vt 0.551496 0.075625
vt 0.603933 0.581024
vt 0.137318 0.658045
vt 0.165105 0.047723
vt 0.622064 0.752853
vt 0.896366 0.805560
vt 0.180929 0.493817
vt 0.161442 0.030605
vt 0.161874 0.035541
vt 0.161328 0.038290
vt 0.154697 0.056055
vt 0.123632 0.682902
vt 0.125674 0.649680
vt 0.459345 0.952111
vt 0.936281 0.316079
vt 0.616913 0.582758
vt 0.000667 0.109788
vt 0.000109 0.103409
vt 0.000904 0.092846
vt 0.749584 0.917530
vt 0.750078 0.929942
vt 0.392276 0.051123
vt 0.909277 0.282844
vt 0.529112 0.119313
vt 0.540122 0.120451
vt 0.979972 0.398909
vt 0.098232 0.059724
vt 0.084081 0.055776
vt 0.096010 0.054847
vt 0.116246 0.701520
vt 0.098161 0.683201
vt 0.092492 0.694237
vt 0.613680 0.697260
vt 0.400477 0.496725
vt 0.155777 0.050991
vt 0.343434 0.499152
vt 0.339636 0.494730
vt 0.053610 0.776083
vt 0.780582 0.930621
vt 0.441089 0.066599
vt 0.444170 0.066411
vt 0.435884 0.070737
vt 0.042651 0.656457
vt 0.020795 0.915297
vt 0.432382 0.077952
vt 0.435356 0.073152
vt 0.196900 0.491867
vt 0.437785 0.068231
vt 0.563967 0.075526
vt 0.941351 0.240091
vt 0.980188 0.392526
vt 0.149985 0.650458
vt 0.999377 0.876435
vt 0.999377 0.895602
vt 0.998596 0.883023
vt 0.033792 0.214181
vt 0.471494 0.153874
vt 0.123977 0.057248
vt 0.460310 0.060133
vt 0.043858 0.656349
vt 0.808448 0.928406
vt 0.093837 0.046772
vt 0.323039 0.494162
vt 0.900829 0.844094
vt 0.598390 0.577729
vt 0.624170 0.709276
vt 0.626615 0.773187
vt 0.469261 0.184162
vt 0.942262 0.238145
vt 0.918255 0.247100
vt 0.922745 0.271548
vt 0.902925 0.244687
vt 0.952942 0.185852
vt 0.552964 0.098122
vt 0.640766 0.580015
vt 0.203140 0.488998
vt 0.626005 0.739783
vt 0.641422 0.733092
vt 0.932928 0.302069
vt 0.382500 0.502399
vt 0.793122 0.922134
vt 0.052765 0.201256
vt 0.025578 0.922259
vt 0.020927 0.921406
vt 0.170630 0.044088
vt 0.367635 0.495907
vt 0.061583 0.775850
vt 0.052954 0.772031
vt 0.066243 0.757511
vt 0.928799 0.288535
vt 0.425915 0.058365
vt 0.143542 0.056387
vt 0.919128 0.238230
vt 0.919768 0.243416
vt 0.922836 0.282028
vt 0.359711 0.503037
vt 0.625824 0.712208
vt 0.042533 0.655144
vt 0.645904 0.588472
vt 0.080805 0.773685
vt 0.939783 0.182646
vt 0.579368 0.573610
vt 0.896678 0.971260
vt 0.975038 0.246887
vt 0.969015 0.208933
vt 0.422526 0.070339
vt 0.429125 0.076944
vt 0.427411 0.076945
vt 0.565983 0.082041
vt 0.815247 0.918788
vt 0.098870 0.057693
vt 0.892761 0.861130
vt 0.884476 0.887164
vt 0.563450 0.574079
vt 0.623156 0.835238
vt 0.508889 0.951660
vt 0.507322 0.954373
vt 0.507746 0.941777
vt 0.921327 0.247774
vt 0.262370 0.931339
vt 0.264383 0.941081
vt 0.262958 0.938059
vt 0.426908 0.085494
vt 0.355593 0.496796
vt 0.710043 0.119799
vt 0.695726 0.110885
vt 0.395451 0.497970
vt 0.094403 0.045133
vt 0.093424 0.045478
vt 0.091571 0.043949
vt 0.941306 0.230936
vt 0.917518 0.278919
vt 0.158113 0.045728
vt 0.900200 0.829681
vt 0.923513 0.259212
vt 0.566537 0.086939
vt 0.914049 0.277088
vt 0.374864 0.505004
vt 0.369618 0.501303
vt 0.712142 0.098412
vt 0.696959 0.100970
vt 0.694619 0.099810
vt 0.027126 0.211698
vt 0.618092 0.572539
vt 0.873540 0.899116
vt 0.559021 0.104203
vt 0.157187 0.503850
vt 0.466818 0.144396
vt 0.986548 0.947138
vt 0.993189 0.939223
vt 0.992713 0.955407
vt 0.459558 0.955826
vt 0.460402 0.951038
vt 0.460347 0.959802
vt 0.941339 0.227914
vt 0.000134 0.866305
vt 0.000373 0.867196
vt 0.000170 0.868244
vt 0.708388 0.960860
vt 0.709956 0.959720
vt 0.710052 0.962772
vt 0.428994 0.083443
vt 0.164389 0.039450
vt 0.162599 0.039103
vt 0.164207 0.038921
vt 0.980460 0.386034
vt 0.477239 0.126410
vt 0.125600 0.522614
vt 0.948371 0.853516
vt 0.948371 0.771104
vt 0.970069 0.827384
vt 0.111148 0.077484
vt 0.475277 0.116767
vt 0.049660 0.759277
vt 0.051605 0.745510
vt 0.867900 0.908133
vt 0.469602 0.136944
vt 0.765148 0.939717
vt 0.173734 0.039443
vt 0.158783 0.039475
vt 0.923925 0.254140
vt 0.262375 0.940871
vt 0.554162 0.122042
vt 0.941890 0.222971
vt 0.913230 0.271377
vt 0.692250 0.115946
vt 0.757663 0.950391
vt 0.624668 0.795687
vt 0.949032 0.216033
vt 0.426933 0.089425
vt 0.262985 0.942846
vt 0.261959 0.945514
vt 0.163349 0.033080
vt 0.164236 0.038222
vt 0.089595 0.041688
vt 0.624068 0.807249
vt 0.331013 0.498939
vt 0.019427 0.921733
vt 0.923729 0.277449
vt 0.086897 0.765674
vt 0.619878 0.821947
vt 0.561680 0.039881
vt 0.559755 0.049623
vt 0.529589 0.043441
vt 0.149279 0.049800
vt 0.401214 0.059149
vt 0.092332 0.645569
vt 0.086829 0.040428
vt 0.996113 0.925612
vt 0.995704 0.927900
vt 0.986543 0.940769
vt 0.788188 0.935385
vt 0.000784 0.059921
vt 0.000908 0.075337
vt 0.000105 0.066094
vt 0.119786 0.640295
vt 0.084944 0.772299
vt 0.088390 0.769094
vt 0.403699 0.045961
vt 0.599638 0.026601
vt 0.601524 0.045777
vt 0.588725 0.031255
vt 0.923681 0.274070
vt 0.559449 0.115319
vt 0.423733 0.094147
vt 0.424754 0.096422
vt 0.930655 0.279247
vt 0.262091 0.945561
vt 0.978633 0.157728
vt 0.977643 0.168426
vt 0.127617 0.054100
vt 0.460912 0.173524
vt 0.505273 0.935750
vt 0.505872 0.942596
vt 0.505674 0.948748
vt 0.081701 0.043122
vt 0.084512 0.037380
vt 0.169853 0.492953
vt 0.974870 0.173718
vt 0.572448 0.090324
vt 0.159081 0.041203
vt 0.573404 0.565807
vt 0.586053 0.075728
vt 0.000125 0.071949
vt 0.400749 0.054944
vt 0.423013 0.099216
vt 0.164418 0.028407
vt 0.092201 0.767251
vt 0.536843 0.052812
vt 0.419900 0.100097
vt 0.421005 0.101644
vt 0.635163 0.572746
vt 0.034679 0.936587
vt 0.943583 0.217834
vt 0.575272 0.051895
vt 0.508332 0.929099
vt 0.509634 0.924239
vt 0.509550 0.932322
vt 0.027517 0.204140
vt 0.535173 0.579785
vt 0.548320 0.564128
vt 0.509212 0.935119
vt 0.076452 0.041537
vt 0.886225 0.903085
vt 0.510933 0.936208
vt 0.152928 0.043618
vt 0.015908 0.923467
vt 0.073371 0.046021
vt 0.962830 0.298851
vt 0.794515 0.933647
vt 0.088630 0.026157
vt 0.082900 0.031539
vt 0.080441 0.025713
vt 0.778615 0.943550
vt 0.936597 0.284177
vt 0.648067 0.573396
vt 0.597869 0.567073
vt 0.422879 0.102836
vt 0.420571 0.106271
vt 0.172439 0.971925
vt 0.172439 0.960193
vt 0.182943 0.969252
vt 0.183690 0.971309
vt 0.910225 0.817672
vt 0.459103 0.160668
vt 0.347580 0.505545
vt 0.996671 0.709280
vt 0.998047 0.711085
vt 0.997623 0.717246
vt 0.399486 0.052713
vt 0.998147 0.722249
vt 0.000975 0.045259
vt 0.000975 0.058263
vt 0.000039 0.059098
vt 0.929851 0.276236
vt 0.815485 0.930173
vt 0.802529 0.931169
vt 0.184075 0.488316
vt 0.960819 0.180393
vt 0.536982 0.055808
vt 0.012681 0.925636
vt 0.303338 0.492913
vt 0.307451 0.499813
vt 0.508317 0.939996
vt 0.641041 0.755624
vt 0.097314 0.766152
vt 0.101148 0.764809
vt 0.585449 0.101101
vt 0.567814 0.110315
vt 0.040202 0.748804
vt 0.997282 0.703263
vt 0.127187 0.046424
vt 0.023315 0.926774
vt 0.904899 0.557188
vt 0.333269 0.505391
vt 0.083479 0.032190
vt 0.082047 0.033485
vt 0.083969 0.032035
vt 0.535587 0.565177
vt 0.997005 0.699076
vt 0.590835 0.078952
vt 0.895151 0.863772
vt 0.082241 0.385047
vt 0.118286 0.392053
vt 0.127736 0.443231
vt 0.147862 0.044687
vt 0.420669 0.108004
vt 0.514498 0.957567
vt 0.514176 0.961253
vt 0.513870 0.954654
vt 0.148820 0.502773
vt 0.947636 0.211838
vt 0.949302 0.213779
vt 0.080507 0.028972
vt 0.530733 0.064836
vt 0.615634 0.023937
vt 0.620721 0.031041
vt 0.602683 0.026684
vt 0.690527 0.098482
vt 0.689227 0.089890
vt 0.703921 0.090693
vt 0.342865 0.509972
vt 0.131498 0.514303
vt 0.516656 0.962346
vt 0.515593 0.961206
vt 0.515259 0.958626
vt 0.951404 0.212493
vt 0.420069 0.108119
vt 0.994507 0.931283
vt 0.945644 0.291735
vt 0.079897 0.674648
vt 0.111244 0.057433
vt 0.269070 0.947836
vt 0.268130 0.951345
vt 0.268103 0.945660
vt 0.363089 0.508562
vt 0.250390 0.490605
vt 0.260699 0.502118
vt 0.253699 0.499487
vt 0.103364 0.761610
vt 0.359865 0.511335
vt 0.363529 0.549935
vt 0.334687 0.529486
vt 0.623056 0.567408
vt 0.964189 0.186954
vt 0.105424 0.636449
vt 0.010787 0.926175
vt 0.945855 0.283923
vt 0.544719 0.976479
vt 0.545211 0.976626
vt 0.543274 0.978951
vt 0.270085 0.942817
vt 0.998770 0.695178
vt 0.612370 0.203581
vt 0.616723 0.193410
vt 0.634553 0.198861
vt 0.628130 0.206501
vt 0.065864 0.048541
vt 0.067029 0.031960
vt 0.048386 0.454836
vt 0.048385 0.481342
vt 0.046123 0.486595
vt 0.418616 0.111341
vt 0.591513 0.086624
vt 0.542641 0.982006
vt 0.531112 0.985739
vt 0.539896 0.968173
vt 0.148114 0.040878
vt 0.095593 0.035399
vt 0.092839 0.034895
vt 0.098746 0.028075
vt 0.193016 0.479041
vt 0.098388 0.035041
vt 0.109784 0.029312
vt 0.944669 0.278868
vt 0.454968 0.185069
vt 0.621796 0.172142
vt 0.628103 0.177318
vt 0.614427 0.178365
vt 0.113852 0.638257
vt 0.299474 0.501454
vt 0.290001 0.513188
vt 0.285370 0.503150
vt 0.641528 0.569936
vt 0.061328 0.743105
vt 0.525400 0.975328
vt 0.051141 0.485595
vt 0.048854 0.479291
vt 0.692253 0.100668
vt 0.311294 0.503378
vt 0.304809 0.522542
vt 0.304406 0.503263
vt 0.524931 0.084892
vt 0.524211 0.081041
vt 0.076532 0.654060
vt 0.248081 0.491283
vt 0.253071 0.506556
vt 0.242958 0.498266
vt 0.318254 0.505884
vt 0.888311 0.891593
vt 0.643818 0.776609
vt 0.686154 0.106467
vt 0.545103 0.982724
vt 0.005242 0.929470
vt 0.951504 0.284790
vt 0.115071 0.054001
vt 0.070979 0.678552
vt 0.526206 0.984931
vt 0.276105 0.504321
vt 0.276770 0.510050
vt 0.520698 0.077947
vt 0.644264 0.736729
vt 0.080143 0.712589
vt 0.951292 0.598207
vt 0.952477 0.585203
vt 0.964366 0.589629
vt 0.545054 0.983373
vt 0.270425 0.938671
vt 0.267569 0.938219
vt 0.156428 0.038683
vt 0.531997 0.026294
vt 0.510745 0.025037
vt 0.106945 0.761983
vt 0.537988 0.987716
vt 0.683668 0.109856
vt 0.459960 0.147672
vt 0.046301 0.739322
vt 0.655668 0.573053
vt 0.997237 0.929163
vt 0.997550 0.931188
vt 0.997071 0.936665
vt 0.510767 0.045573
vt 0.113413 0.023868
vt 0.298423 0.029564
vt 0.301084 0.028435
vt 0.300877 0.029522
vt 0.966110 0.577537
vt 0.974020 0.588013
vt 0.042884 0.942646
vt 0.039517 0.929494
vt 0.160547 0.491789
vt 0.475264 0.111888
vt 0.319935 0.511473
vt 0.315544 0.528901
vt 0.113356 0.049849
vt 0.993968 0.937715
vt 0.549814 0.985745
vt 0.026596 0.931917
vt 0.075438 0.739778
vt 0.954549 0.190855
vt 0.077514 0.025168
vt 0.111853 0.759087
vt 0.997863 0.935086
vt 0.557820 0.559435
vt 0.654336 0.569918
vt 0.324977 0.517527
vt 0.521200 0.079688
vt 0.048959 0.464615
vt 0.548206 0.985511
vt 0.301375 0.033368
vt 0.062837 0.691992
vt 0.083286 0.020006
vt 0.466146 0.121378
vt 0.904798 0.837649
vt 0.100671 0.024117
vt 0.907820 0.812079
vt 0.270080 0.497729
vt 0.999965 0.950452
vt 0.999382 0.954873
vt 0.998822 0.950613
vt 0.572508 0.054069
vt 0.600763 0.051576
vt 0.615207 0.565375
vt 0.999798 0.956620
vt 0.999379 0.961401
vt 0.999189 0.955519
vt 0.536285 0.031278
vt 0.535651 0.032183
vt 0.535656 0.027594
vt 0.945251 0.605444
vt 0.791154 0.943384
vt 0.609545 0.184000
vt 0.624145 0.188961
vt 0.424077 0.104356
vt 0.436106 0.103483
vt 0.428607 0.106767
vt 0.063145 0.976346
vt 0.064779 0.973234
vt 0.071803 0.980590
vt 0.997749 0.936584
vt 0.132724 0.038091
vt 0.326637 0.532276
vt 0.682774 0.114752
vt 0.685499 0.099983
vt 0.549382 0.986706
vt 0.461281 0.132265
vt 0.951538 0.280356
vt 0.618395 0.043341
vt 0.515357 0.052796
vt 0.997800 0.939077
vt 0.551843 0.987494
vt 0.994585 0.934884
vt 0.995982 0.943810
vt 0.112802 0.019088
vt 0.094329 0.013366
vt 0.098266 0.007887
vt 0.976953 0.176225
vt 0.178621 0.478785
vt 0.139151 0.499572
vt 0.268524 0.510379
vt 0.689670 0.919256
vt 0.733890 0.929675
vt 0.730535 0.984805
vt 0.077525 0.985126
vt 0.072558 0.974621
vt 0.996233 0.942676
vt 0.999921 0.948197
vt 0.981936 0.386913
vt 0.979819 0.381887
vt 0.981930 0.383658
vt 0.694876 0.070987
vt 0.687020 0.084515
vt 0.059316 0.034385
vt 0.068511 0.660277
vt 0.686084 0.120854
vt 0.964842 0.189660
vt 0.587088 0.059777
vt 0.508930 0.954072
vt 0.508930 0.961328
vt 0.507281 0.958341
vt 0.997182 0.943684
vt 0.635719 0.804797
vt 0.630176 0.561206
vt 0.556160 0.989780
vt 0.516599 0.076173
vt 0.513944 0.072916
vt 0.139752 0.031827
vt 0.049615 0.422438
vt 0.809248 0.934721
vt 0.458523 0.091842
vt 0.119443 0.025342
vt 0.116440 0.025064
vt 0.117696 0.021767
vt 0.128781 0.090286
vt 0.136391 0.103719
vt 0.122082 0.101998
vt 0.938910 0.455599
vt 0.941026 0.436784
vt 0.955165 0.473380
vt 0.000475 0.804007
vt 0.000475 0.811495
vt 0.000031 0.806264
vt 0.432860 0.079620
vt 0.623441 0.221472
vt 0.627289 0.226377
vt 0.907346 0.867518
vt 0.677381 0.104753
vt 0.684754 0.093622
vt 0.114551 0.730602
vt 0.097120 0.736513
vt 0.157725 0.034154
vt 0.982058 0.380588
vt 0.233362 0.434370
vt 0.230186 0.441180
vt 0.223642 0.431565
vt 0.957491 0.194688
vt 0.595834 0.058682
vt 0.612774 0.087492
vt 0.608042 0.094894
vt 0.117853 0.756593
vt 0.117161 0.758952
vt 0.110551 0.000569
vt 0.798562 0.946580
vt 0.646953 0.560501
vt 0.545115 0.553937
vt 0.042469 0.035940
vt 0.011298 0.049474
vt 0.023744 0.040561
vt 0.118806 0.758283
vt 0.075200 0.016668
vt 0.069907 0.019640
vt 0.458801 0.139202
vt 0.129552 0.023754
vt 0.599462 0.558775
vt 0.589161 0.065569
vt 0.564898 0.073129
vt 0.235653 0.416294
vt 0.223081 0.414738
vt 0.120803 0.757286
vt 0.504987 0.032549
vt 0.142695 0.102025
vt 0.981651 0.375279
vt 0.653711 0.567140
vt 0.065577 0.732029
vt 0.106612 0.052145
vt 0.148683 0.101371
vt 0.581600 0.071809
vt 0.787914 0.953483
vt 0.142682 0.027901
vt 0.617432 0.558473
vt 0.048621 0.415015
vt 0.121745 0.500670
vt 0.679442 0.090444
vt 0.064052 0.637817
vt 0.117198 0.018918
vt 0.297831 0.529466
vt 0.935728 0.469996
vt 0.121777 0.756331
vt 0.099481 0.006070
vt 0.106442 0.002114
vt 0.112350 0.047549
vt 0.511605 0.069500
vt 0.980194 0.372969
vt 0.046077 0.734332
vt 0.064792 0.018790
vt 0.445591 0.178806
vt 0.976284 0.186287
vt 0.807687 0.944520
vt 0.506660 0.064766
vt 0.148734 0.486596
vt 0.117429 0.039031
vt 0.663928 0.022370
vt 0.679875 0.029512
vt 0.656755 0.032099
vt 0.237026 0.388125
vt 0.225284 0.396822
vt 0.631244 0.028316
vt 0.263363 0.516544
vt 0.000096 0.850584
vt 0.000416 0.851779
vt 0.000090 0.854583
vt 0.500077 0.038497
vt 0.077709 0.979221
vt 0.071765 0.972837
vt 0.924277 0.605541
vt 0.916747 0.603661
vt 0.661312 0.563685
vt 0.678050 0.116596
vt 0.673480 0.020436
vt 0.610985 0.094951
vt 0.586539 0.551289
vt 0.773702 0.949967
vt 0.769347 0.957209
vt 0.449127 0.069146
vt 0.677667 0.097819
vt 0.122923 0.754509
vt 0.125874 0.756851
vt 0.125757 0.753620
vt 0.064632 0.966941
vt 0.671960 0.108845
vt 0.629665 0.231438
vt 0.629729 0.245509
vt 0.626896 0.248541
vt 0.634755 0.257633
vt 0.968317 0.193365
vt 0.819403 0.929785
vt 0.818410 0.939716
vt 0.048561 0.410293
vt 0.049095 0.410550
vt 0.284367 0.514658
vt 0.161230 0.484550
vt 0.930783 0.586873
vt 0.010856 0.035173
vt 0.027466 0.036258
vt 0.007472 0.038990
vt 0.049557 0.403420
vt 0.939229 0.580385
vt 0.462936 0.116477
vt 0.947156 0.484073
vt 0.113173 0.044514
vt 0.105708 0.001493
vt 0.918891 0.605385
vt 0.642466 0.205950
vt 0.103892 0.002029
vt 0.981665 0.369311
vt 0.636799 0.824057
vt 0.133581 0.024893
vt 0.115401 0.041985
vt 0.916125 0.605075
vt 0.670230 0.042125
vt 0.137641 0.023575
vt 0.142440 0.023317
vt 0.451337 0.105451
vt 0.445484 0.105506
vt 0.473646 0.081733
vt 0.060751 0.008158
vt 0.979944 0.367988
vt 0.120912 0.033956
vt 0.049080 0.398709
vt 0.600810 0.063041
vt 0.572379 0.554109
vt 0.111106 0.090852
vt 0.107770 0.104811
vt 0.074405 0.970671
vt 0.467903 0.072153
vt 0.944591 0.573524
vt 0.221923 0.397891
vt 0.444241 0.168801
vt 0.048535 0.393344
vt 0.464743 0.109981
vt 0.292379 0.529081
vt 0.265824 0.935850
vt 0.263998 0.932535
vt 0.264932 0.930224
vt 0.265171 0.937103
vt 0.448013 0.161591
vt 0.128491 0.749710
vt 0.914635 0.606821
vt 0.471875 0.044195
vt 0.476209 0.069325
vt 0.959492 0.198783
vt 0.055974 0.970355
vt 0.680503 0.038803
vt 0.066805 0.961944
vt 0.245997 0.509548
vt 0.751984 0.958037
vt 0.090102 0.033848
vt 0.090860 0.031019
vt 0.091088 0.041422
vt 0.089256 0.038487
vt 0.987260 0.865276
vt 0.987603 0.867664
vt 0.986461 0.866228
vt 0.273498 0.527622
vt 0.483557 0.074786
vt 0.635470 0.211401
vt 0.039429 0.031381
vt 0.389561 0.029121
vt 0.390988 0.028393
vt 0.389154 0.033917
vt 0.263783 0.930971
vt 0.092975 0.731762
vt 0.634332 0.166561
vt 0.160870 0.029785
vt 0.159292 0.029785
vt 0.160768 0.028472
vt 0.001609 0.014661
vt 0.006473 0.008439
vt 0.982188 0.361267
vt 0.000451 0.855160
vt 0.000451 0.858620
vt 0.000056 0.857096
vt 0.987605 0.871911
vt 0.499847 0.057830
vt 0.931254 0.488057
vt 0.944459 0.510024
vt 0.615894 0.058345
vt 0.929680 0.579151
vt 0.100392 0.051695
vt 0.262010 0.927641
vt 0.640977 0.186467
vt 0.537977 0.031364
vt 0.536998 0.030483
vt 0.537179 0.028919
vt 0.351695 0.012483
vt 0.352721 0.013433
vt 0.350408 0.015515
vt 0.261868 0.921559
vt 0.632306 0.554290
vt 0.987166 0.874409
vt 0.627245 0.050900
vt 0.277449 0.173848
vt 0.272878 0.181804
vt 0.263409 0.155738
vt 0.905221 0.885101
vt 0.089221 0.728595
vt 0.917422 0.583820
vt 0.455399 0.125213
vt 0.591823 0.072506
vt 0.080466 0.971595
vt 0.074334 0.962463
vt 0.450428 0.134059
vt 0.144901 0.109983
vt 0.895766 0.591372
vt 0.981535 0.355741
vt 0.095169 0.101858
vt 0.349864 0.019265
vt 0.130974 0.498795
vt 0.130408 0.111392
vt 0.251218 0.512009
vt 0.372643 0.018545
vt 0.350812 0.025726
vt 0.126081 0.025737
vt 0.140934 0.488858
vt 0.260518 0.924337
vt 0.083577 0.971990
vt 0.077337 0.960591
vt 0.493117 0.038000
vt 0.680885 0.005261
vt 0.684327 0.025040
vt 0.493888 0.050124
vt 0.085468 0.088289
vt 0.074398 0.102996
vt 0.987496 0.878820
vt 0.474058 0.090642
vt 0.123120 0.027038
vt 0.343297 0.028912
vt 0.341000 0.029083
vt 0.343742 0.028769
vt 0.281706 0.184263
vt 0.294348 0.183648
vt 0.286368 0.531270
vt 0.450953 0.144689
vt 0.226794 0.367057
vt 0.236503 0.376396
vt 0.226322 0.375774
vt 0.348284 0.933191
vt 0.339341 0.916215
vt 0.348269 0.916958
vt 0.645024 0.225350
vt 0.744818 0.976745
vt 0.348483 0.022154
vt 0.102910 0.044559
vt 0.668078 0.103213
vt 0.460520 0.106653
vt 0.462536 0.101505
vt 0.466456 0.102702
vt 0.256583 0.516782
vt 0.670674 0.062621
vt 0.059688 0.007991
vt 0.443489 0.197516
vt 0.433390 0.188577
vt 0.216382 0.414338
vt 0.986667 0.884977
vt 0.987703 0.882468
vt 0.987159 0.882568
vt 0.388483 0.011202
vt 0.642095 0.241579
vt 0.120991 0.027950
vt 0.216496 0.377045
vt 0.158291 0.112013
vt 0.071767 0.725120
vt 0.640775 0.050716
vt 0.644788 0.171376
vt 0.348693 0.029030
vt 0.121939 0.116822
vt 0.968904 0.207477
vt 0.349909 0.025323
vt 0.348392 0.025107
vt 0.122113 0.026849
vt 0.616265 0.063255
vt 0.067759 0.958572
vt 0.351388 0.032861
vt 0.289074 0.191012
vt 0.784153 0.969494
vt 0.348181 0.033867
vt 0.025050 0.587431
vt 0.025049 0.588450
vt 0.024620 0.589375
vt 0.348501 0.025156
vt 0.995827 0.909653
vt 0.990427 0.893735
vt 0.993957 0.890773
vt 0.060904 0.090224
vt 0.062508 0.101289
vt 0.670242 0.093739
vt 0.043929 0.728072
vt 0.040436 0.715031
vt 0.049542 0.718003
vt 0.660525 0.553231
vt 0.676074 0.550245
vt 0.624673 0.056648
vt 0.026711 0.586848
vt 0.027422 0.587472
vt 0.996402 0.888219
vt 0.349323 0.030498
vt 0.071797 0.716118
vt 0.604336 0.553011
vt 0.348980 0.032775
vt 0.814699 0.944697
vt 0.647049 0.110141
vt 0.334229 0.905586
vt 0.793175 0.959338
vt 0.954372 0.487152
vt 0.999842 0.539688
vt 0.999842 0.571254
vt 0.998638 0.557262
vt 0.955803 0.498492
vt 0.049792 0.953672
vt 0.918320 0.576173
vt 0.017580 0.005237
vt 0.906815 0.580270
vt 0.117622 0.027947
vt 0.912594 0.606514
vt 0.663546 0.087598
vt 0.304328 0.193612
vt 0.616760 0.551618
vt 0.104531 0.033131
vt 0.036422 0.584917
vt 0.282066 0.531367
vt 0.032108 0.582699
vt 0.031180 0.584804
vt 0.100644 0.039448
vt 0.453220 0.115731
vt 0.712566 0.061951
vt 0.328781 0.937946
vt 0.478174 0.099704
vt 0.024972 0.597619
vt 0.003690 0.583646
vt 0.345951 0.037451
vt 0.343279 0.037448
vt 0.013487 0.595766
vt 0.328476 0.892098
vt 0.311794 0.909415
vt 0.219361 0.027924
vt 0.220839 0.028404
vt 0.218878 0.031347
vt 0.478758 0.081093
vt 0.643228 0.231545
vt 0.107574 0.725915
vt 0.306249 0.200987
vt 0.212336 0.409675
vt 0.619627 0.069583
vt 0.212131 0.370525
vt 0.649914 0.550453
vt 0.063564 0.942541
vt 0.262699 0.527105
vt 0.989836 0.327302
vt 0.990953 0.324667
vt 0.990890 0.326810
vt 0.992843 0.284344
vt 0.990664 0.310974
vt 0.985927 0.299176
vt 0.242116 0.530174
vt 0.116732 0.027415
vt 0.988050 0.321383
vt 0.989825 0.329772
vt 0.625797 0.062377
vt 0.150829 0.116927
vt 0.165623 0.471430
vt 0.632655 0.055720
vt 0.321210 0.930663
vt 0.661472 0.095505
vt 0.651305 0.106941
vt 0.083915 0.718545
vt 0.993330 0.329556
vt 0.649033 0.100617
vt 0.114516 0.025678
vt 0.999874 0.292070
vt 0.992678 0.314970
vt 0.989064 0.361715
vt 0.960547 0.497632
vt 0.033454 0.582131
vt 0.036964 0.583747
vt 0.271911 0.187620
vt 0.261547 0.177906
vt 0.819422 0.951176
vt 0.986344 0.219303
vt 0.985053 0.216284
vt 0.985577 0.214034
vt 0.326209 0.838064
vt 0.326563 0.854750
vt 0.316267 0.843785
vt 0.912709 0.574159
vt 0.993470 0.331588
vt 0.298057 0.201133
vt 0.962363 0.497540
vt 0.993880 0.352257
vt 0.155784 0.027510
vt 0.155784 0.032267
vt 0.155259 0.029888
vt 0.064435 0.917948
vt 0.079125 0.888234
vt 0.076811 0.904269
vt 0.320569 0.880476
vt 0.330526 0.870709
vt 0.987791 0.221745
vt 0.991487 0.223993
vt 0.098919 0.720086
vt 0.379341 0.037042
vt 0.352205 0.039715
vt 0.827323 0.947608
vt 0.993352 0.340166
vt 0.995384 0.334879
vt 0.270273 0.956059
vt 0.270273 0.960861
vt 0.269747 0.959331
vt 0.995297 0.946178
vt 0.994358 0.946519
vt 0.994093 0.941919
vt 0.721655 0.027929
vt 0.721655 0.032355
vt 0.721100 0.030763
vt 0.214730 0.446167
vt 0.210400 0.428819
vt 0.995576 0.337590
vt 0.281880 0.192584
vt 0.691576 0.009826
vt 0.306248 0.880679
vt 0.649997 0.198277
vt 0.170321 0.979085
vt 0.157968 0.973308
vt 0.165301 0.966659
vt 0.994933 0.950348
vt 0.495560 0.070483
vt 0.496330 0.082711
vt 0.004687 0.264821
vt 0.008093 0.260476
vt 0.008891 0.285681
vt 0.000143 0.076049
vt 0.000870 0.084355
vt 0.000260 0.092137
vt 0.317445 0.828268
vt 0.510396 0.954367
vt 0.509994 0.958957
vt 0.509868 0.950871
vt 0.485167 0.098259
vt 0.315119 0.855958
vt 0.986198 0.303354
vt 0.330495 0.558141
vt 0.133949 0.118672
vt 0.447199 0.121337
vt 0.154140 0.123598
vt 0.995511 0.340079
vt 0.999889 0.311308
vt 0.992889 0.326599
vt 0.987565 0.820936
vt 0.987682 0.818303
vt 0.988770 0.819500
vt 0.709798 0.008202
vt 0.986858 0.307647
vt 0.437635 0.152135
vt 0.428270 0.176696
vt 0.998736 0.193062
vt 0.987302 0.823333
vt 0.993558 0.952074
vt 0.009740 0.252800
vt 0.718236 0.020951
vt 0.995211 0.347611
vt 0.895281 0.588501
vt 0.056476 0.106004
vt 0.314839 0.203017
vt 0.314857 0.210100
vt 0.610197 0.077102
vt 0.595924 0.083653
vt 0.041396 0.615944
vt 0.114462 0.117553
vt 0.986040 0.305460
vt 0.001679 0.247674
vt 0.994506 0.952416
vt 0.161196 0.983460
vt 0.806377 0.959726
vt 0.492284 0.089562
vt 0.493243 0.099005
vt 0.719131 0.043723
vt 0.434919 0.165258
vt 0.045668 0.946980
vt 0.988731 0.827189
vt 0.074853 0.909879
vt 0.071494 0.915598
vt 0.987047 0.311773
vt 0.713210 0.053756
vt 0.183465 0.949134
vt 0.171798 0.959490
vt 0.168478 0.948125
vt 0.994759 0.957781
vt 0.993788 0.958041
vt 0.993589 0.955103
vt 0.994761 0.954737
vt 0.987053 0.830675
vt 0.988258 0.830224
vt 0.929372 0.131645
vt 0.913333 0.128722
vt 0.931283 0.126025
vt 0.324161 0.208763
vt 0.306311 0.209563
vt 0.996538 0.352598
vt 0.987244 0.835809
vt 0.990134 0.317740
vt 0.631071 0.067188
vt 0.637051 0.058803
vt 0.269944 0.192767
vt 0.300840 0.872844
vt 0.127295 0.720806
vt 0.652587 0.174770
vt 0.995380 0.359087
vt 0.501650 0.070035
vt 0.993885 0.961817
vt 0.988194 0.838520
vt 0.988752 0.830243
vt 0.989647 0.827304
vt 0.584351 0.256100
vt 0.593172 0.248566
vt 0.600931 0.264035
vt 0.178783 0.467318
vt 0.298490 0.542746
vt 0.653089 0.214822
vt 0.300978 0.838943
vt 0.387568 0.039963
vt 0.987938 0.362699
vt 0.901070 0.126987
vt 0.920599 0.119940
vt 0.202439 0.420665
vt 0.013591 0.257900
vt 0.310122 0.846513
vt 0.987050 0.841272
vt 0.997863 0.228417
vt 0.000089 0.816014
vt 0.000418 0.812251
vt 0.000231 0.818955
vt 0.996057 0.812770
vt 0.999891 0.813446
vt 0.997303 0.836672
vt 0.068673 0.923488
vt 0.067176 0.923604
vt 0.441331 0.135760
vt 0.813531 0.957622
vt 0.303000 0.897639
vt 0.989287 0.839638
vt 0.550885 0.253276
vt 0.535195 0.253359
vt 0.536647 0.246913
vt 0.548988 0.245817
vt 0.352067 0.217863
vt 0.177669 0.933968
vt 0.123287 0.125769
vt 0.298438 0.208155
vt 0.620237 0.073453
vt 0.879770 0.110971
vt 0.901662 0.121349
vt 0.014025 0.224958
vt 0.226206 0.014642
vt 0.229559 0.014867
vt 0.227454 0.018564
vt 0.502697 0.087777
vt 0.654374 0.163704
vt 0.999904 0.364534
vt 0.588254 0.240219
vt 0.318116 0.217000
vt 0.062724 0.927908
vt 0.208044 0.399110
vt 0.511080 0.072727
vt 0.225812 0.021071
vt 0.647696 0.096762
vt 0.954479 0.972245
vt 0.951737 0.961655
vt 0.964526 0.973778
vt 0.066784 0.931564
vt 0.571136 0.254124
vt 0.615461 0.080982
vt 0.279140 0.198913
vt 0.093898 0.116821
vt 0.561531 0.246226
vt 0.990066 0.891966
vt 0.990066 0.870446
vt 0.995750 0.886860
vt 0.227158 0.021527
vt 0.061683 0.922279
vt 0.051249 0.883668
vt 0.644772 0.105209
vt 0.655558 0.227312
vt 0.934850 0.962531
vt 0.941867 0.959759
vt 0.944442 0.963950
vt 0.237063 0.010867
vt 0.230322 0.026999
vt 0.274965 0.203595
vt 0.059565 0.937138
vt 0.076599 0.115961
vt 0.051712 0.908055
vt 0.276229 0.538855
vt 0.144263 0.124623
vt 0.927160 0.118110
vt 0.225760 0.024637
vt 0.938012 0.959693
vt 0.304751 0.215043
vt 0.258477 0.528517
vt 0.264783 0.196348
vt 0.258485 0.189803
vt 0.903501 0.115197
vt 0.250925 0.526727
vt 0.922410 0.112587
vt 0.263013 0.011188
vt 0.642523 0.107585
vt 0.988518 0.473096
vt 0.988518 0.429189
vt 0.990712 0.474560
vt 0.200329 0.387669
vt 0.981516 0.980584
vt 0.977535 0.983365
vt 0.027365 0.953409
vt 0.599203 0.236161
vt 0.314960 0.219655
vt 0.988685 0.961492
vt 0.992652 0.959202
vt 0.987956 0.966329
vt 0.620343 0.244296
vt 0.435948 0.140999
vt 0.656919 0.192164
vt 0.266616 0.536736
vt 0.548999 0.237971
vt 0.947999 0.958131
vt 0.955936 0.956840
vt 0.564073 0.239163
vt 0.944349 0.957630
vt 0.617270 0.278434
vt 0.426954 0.153508
vt 0.992793 0.966330
vt 0.972392 0.969755
vt 0.294956 0.211473
vt 0.057340 0.102680
vt 0.050962 0.109763
vt 0.046084 0.102985
vt 0.980538 0.989284
vt 0.984753 0.986072
vt 0.112482 0.278286
vt 0.114505 0.272966
vt 0.126893 0.283140
vt 0.267291 0.021308
vt 0.646978 0.099785
vt 0.436108 0.118584
vt 0.042728 0.113756
vt 0.069289 0.115751
vt 0.775105 0.976199
vt 0.278571 0.208884
vt 0.983162 0.325231
vt 0.983162 0.355620
vt 0.979858 0.353713
vt 0.656729 0.211346
vt 0.266587 0.203689
vt 0.629617 0.073491
vt 0.232680 0.035019
vt 0.155367 0.129763
vt 0.292680 0.545179
vt 0.152361 0.955191
vt 0.656370 0.219789
vt 0.099600 0.135162
vt 0.877881 0.097571
vt 0.258587 0.196852
vt 0.209787 0.362489
vt 0.203398 0.370945
vt 0.957901 0.954171
vt 0.095076 0.281349
vt 0.091739 0.279209
vt 0.105520 0.278760
vt 0.106872 0.270515
vt 0.952997 0.951484
vt 0.168614 0.929160
vt 0.187836 0.920361
vt 0.251331 0.036773
vt 0.538278 0.234592
vt 0.141644 0.133929
vt 0.294346 0.216048
vt 0.034576 0.367488
vt 0.027188 0.375182
vt 0.029190 0.339795
vt 0.101923 0.273203
vt 0.799587 0.971619
vt 0.138336 0.128065
vt 0.297513 0.219439
vt 0.037173 0.371924
vt 0.754515 0.983386
vt 0.851582 0.089696
vt 0.528000 0.242624
vt 0.302169 0.015748
vt 0.330944 0.007851
vt 0.302814 0.034913
vt 0.823335 0.960303
vt 0.060218 0.096094
vt 0.050720 0.093812
vt 0.309192 0.223515
vt 0.610834 0.086499
vt 0.161104 0.135311
vt 0.037782 0.381394
vt 0.659694 0.187837
vt 0.581206 0.231904
vt 0.431318 0.124325
vt 0.223434 0.030530
vt 0.250014 0.039285
vt 0.936931 0.117786
vt 0.253995 0.536591
vt 0.128103 0.127961
vt 0.261294 0.536268
vt 0.292190 0.844897
vt 0.311539 0.820886
vt 0.624079 0.082139
vt 0.118665 0.265850
vt 0.143822 0.268662
vt 0.720022 0.037963
vt 0.720707 0.034081
vt 0.720350 0.044946
vt 0.020551 0.338933
vt 0.288710 0.216828
vt 0.201404 0.443269
vt 0.594178 0.230289
vt 0.087947 0.279528
vt 0.093897 0.267094
vt 0.185343 0.907238
vt 0.176864 0.915047
vt 0.222578 0.037945
vt 0.793349 0.973141
vt 0.659200 0.168266
vt 0.269646 0.214024
vt 0.566377 0.230294
vt 0.035462 0.101277
vt 0.666369 0.232672
vt 0.927238 0.110453
vt 0.926748 0.095223
vt 0.983414 0.969698
vt 0.016381 0.359234
vt 0.427384 0.137139
vt 0.133507 0.262448
vt 0.346261 0.018013
vt 0.113526 0.266357
vt 0.036663 0.877695
vt 0.047022 0.877596
vt 0.042792 0.882147
vt 0.307154 0.564000
vt 0.060251 0.089660
vt 0.633555 0.077741
vt 0.276426 0.213360
vt 0.282296 0.542406
vt 0.050535 0.882012
vt 0.284067 0.551453
vt 0.895907 0.090259
vt 0.809061 0.968905
vt 0.939524 0.108966
vt 0.194940 0.405952
vt 0.655882 0.177710
vt 0.656115 0.242698
vt 0.285967 0.219982
vt 0.724851 0.073822
vt 0.725295 0.107199
vt 0.715434 0.072192
vt 0.423196 0.146279
vt 0.102640 0.264074
vt 0.043755 0.885798
vt 0.140247 0.960659
vt 0.286767 0.852835
vt 0.548020 0.226514
vt 0.292608 0.865212
vt 0.298496 0.225563
vt 0.978569 0.962272
vt 0.969937 0.951390
vt 0.037289 0.394603
vt 0.049393 0.890772
vt 0.950930 0.941602
vt 0.145457 0.984199
vt 0.625704 0.085942
vt 0.525947 0.235280
vt 0.545214 0.222956
vt 0.816494 0.964541
vt 0.035828 0.095147
vt 0.663096 0.211109
vt 0.619934 0.230254
vt 0.037359 0.882149
vt 0.107594 0.259253
vt 0.262100 0.205808
vt 0.351451 0.582344
vt 0.590621 0.223905
vt 0.018293 0.374845
vt 0.338128 0.029960
vt 0.281611 0.833458
vt 0.289510 0.823588
vt 0.312241 0.232041
vt 0.251783 0.208215
vt 0.075827 0.085030
vt 0.057653 0.086271
vt 0.312297 0.036524
vt 0.158311 0.941828
vt 0.961583 0.948449
vt 0.560602 0.226292
vt 0.274613 0.221595
vt 0.174021 0.141266
vt 0.161894 0.140716
vt 0.884107 0.082622
vt 0.658243 0.224481
vt 0.026258 0.389182
vt 0.037403 0.887231
vt 0.718074 0.048418
vt 0.724248 0.042243
vt 0.117727 0.016893
vt 0.126754 0.002632
vt 0.146685 0.007700
vt 0.524540 0.211142
vt 0.541720 0.212020
vt 0.424608 0.129963
vt 0.296472 0.228834
vt 0.281682 0.823899
vt 0.586001 0.219588
vt 0.045965 0.082829
vt 0.340131 0.036728
vt 0.134520 0.140285
vt 0.122861 0.137637
vt 0.141105 0.142036
vt 0.978577 0.110311
vt 0.974383 0.097835
vt 0.977130 0.094056
vt 0.113369 0.257231
vt 0.571382 0.218627
vt 0.432874 0.110646
vt 0.832113 0.966239
vt 0.985616 0.954548
vt 0.011317 0.377747
vt 0.907924 0.083744
vt 0.920536 0.084735
vt 0.928326 0.088288
vt 0.939354 0.090936
vt 0.265977 0.221171
vt 0.122794 0.021756
vt 0.669971 0.162789
vt 0.306245 0.931801
vt 0.292778 0.233959
vt 0.781234 0.979482
vt 0.914804 0.557861
vt 0.950739 0.564197
vt 0.894246 0.564454
vt 0.079121 0.134184
vt 0.282417 0.231511
vt 0.897327 0.081086
vt 0.095195 0.257155
vt 0.809838 0.018158
vt 0.794655 0.026285
vt 0.805045 0.018782
vt 0.165704 0.918295
vt 0.958414 0.940694
vt 0.279077 0.857933
vt 0.960480 0.099788
vt 0.965264 0.939790
vt 0.041363 0.890948
vt 0.087985 0.264480
vt 0.525089 0.199734
vt 0.537448 0.197979
vt 0.124263 0.241321
vt 0.623609 0.706777
vt 0.624833 0.693989
vt 0.638100 0.694452
vt 0.032401 0.078402
vt 0.041844 0.076451
vt 0.285856 0.891329
vt 0.082242 0.258707
vt 0.765811 0.989631
vt 0.202128 0.361703
vt 0.602519 0.214724
vt 0.795063 0.047937
vt 0.014854 0.385936
vt 0.973322 0.073775
vt 0.275282 0.833223
vt 0.941544 0.925392
vt 0.954651 0.934949
vt 0.661882 0.157621
vt 0.064328 0.080667
vt 0.145242 0.018190
vt 0.922637 0.075412
vt 0.080182 0.075728
vt 0.663432 0.175115
vt 0.940718 0.078004
vt 0.187773 0.420891
vt 0.103760 0.252826
vt 0.933755 0.074944
vt 0.047522 0.903221
vt 0.577775 0.213689
vt 0.018609 0.055531
vt 0.027978 0.060530
vt 0.026057 0.065959
vt 0.823410 0.970867
vt 0.924094 0.565746
vt 0.552812 0.202524
vt 0.971666 0.942457
vt 0.951100 0.931220
vt 0.312095 0.935390
vt 0.254892 0.227301
vt 0.142623 0.021899
vt 0.786496 0.983188
vt 0.284339 0.234116
vt 0.936753 0.072660
vt 0.192169 0.430430
vt 0.247977 0.538397
vt 0.646086 0.707178
vt 0.588518 0.215121
vt 0.277182 0.554263
vt 0.887152 0.075606
vt 0.996770 0.022556
vt 0.999759 0.027727
vt 0.992224 0.022266
vt 0.267391 0.242605
vt 0.184421 0.442672
vt 0.994468 0.010289
vt 0.999127 0.003032
vt 0.911903 0.073505
vt 0.585313 0.199252
vt 0.990995 0.018736
vt 0.272073 0.550890
vt 0.676833 0.204831
vt 0.010050 0.382232
vt 0.276089 0.827207
vt 0.155323 0.145379
vt 0.555426 0.187717
vt 0.931068 0.071844
vt 0.581929 0.210305
vt 0.281846 0.874459
vt 0.035733 0.895241
vt 0.199636 0.356675
vt 0.185122 0.359722
vt 0.071004 0.139466
vt 0.932611 0.072007
vt 0.016693 0.061946
vt 0.990165 0.016382
vt 0.072536 0.070089
vt 0.894702 0.074330
vt 0.026180 0.657909
vt 0.009648 0.653970
vt 0.023824 0.652312
vt 0.425182 0.115812
vt 0.012818 0.052370
vt 0.187902 0.397070
vt 0.777295 0.016037
vt 0.797314 0.020886
vt 0.989499 0.020477
vt 0.174292 0.898087
vt 0.906643 0.073149
vt 0.917580 0.072437
vt 0.923135 0.072351
vt 0.029300 0.641477
vt 0.091004 0.249731
vt 0.993228 0.008976
vt 0.171782 0.149984
vt 0.157699 0.152045
vt 0.536860 0.041861
vt 0.534961 0.041529
vt 0.537487 0.032100
vt 0.829121 0.032338
vt 0.828500 0.035859
vt 0.828427 0.029490
vt 0.898976 0.074385
vt 0.891470 0.027533
vt 0.885442 0.007818
vt 0.900839 0.027643
vt 0.868797 0.013427
vt 0.984785 0.017207
vt 0.026634 0.076275
vt 0.992127 0.022838
vt 0.982429 0.013831
vt 0.123232 0.978015
vt 0.997730 0.745355
vt 0.998372 0.753912
vt 0.987951 0.749379
vt 0.997984 0.002750
vt 0.666148 0.180945
vt 0.051160 0.652456
vt 0.286185 0.935679
vt 0.816294 0.974954
vt 0.557872 0.185820
vt 0.562097 0.185632
vt 0.892909 0.010419
vt 0.904252 0.014452
vt 0.936633 0.070989
vt 0.276904 0.822677
vt 0.534954 0.034624
vt 0.293123 0.070259
vt 0.292781 0.067234
vt 0.294686 0.065182
vt 0.993424 0.753510
vt 0.987436 0.816020
vt 0.987985 0.808263
vt 0.989154 0.806795
vt 0.004646 0.382372
vt 0.002744 0.382445
vt 0.826695 0.027985
vt 0.828016 0.028945
vt 0.826492 0.030779
vt 0.506402 0.961261
vt 0.503729 0.960423
vt 0.504890 0.958565
vt 0.003059 0.055761
vt 0.963725 0.087275
vt 0.777864 0.007788
vt 0.990457 0.815147
vt 0.024896 0.054415
vt 0.285024 0.248078
vt 0.282976 0.249439
vt 0.050885 0.636924
vt 0.975087 0.010382
vt 0.972379 0.010111
vt 0.018629 0.646514
vt 0.272693 0.841294
vt 0.569755 0.186039
vt 0.155152 0.931300
vt 0.254471 0.554422
vt 0.295425 0.064804
vt 0.297710 0.066329
vt 0.288252 0.065508
vt 0.279864 0.064433
vt 0.292772 0.064554
vt 0.503807 0.954646
vt 0.635744 0.713495
vt 0.988552 0.804399
vt 0.565552 0.185395
vt 0.060768 0.636983
vt 0.827681 0.034632
vt 0.827177 0.040387
vt 0.826828 0.031548
vt 0.979491 0.014065
vt 0.990840 0.023390
vt 0.989744 0.818269
vt 0.990015 0.821201
vt 0.996107 0.773388
vt 0.143982 0.021258
vt 0.297490 0.064028
vt 0.268975 0.060657
vt 0.271112 0.059969
vt 0.276039 0.063536
vt 0.000460 0.839594
vt 0.000460 0.844803
vt 0.000046 0.841867
vt 0.279530 0.062927
vt 0.580689 0.188776
vt 0.029362 0.097021
vt 0.300668 0.565702
vt 0.265220 0.825808
vt 0.260582 0.822666
vt 0.260320 0.821415
vt 0.139446 0.951183
vt 0.575129 0.185834
vt 0.261480 0.545729
vt 0.672131 0.169913
vt 0.182031 0.414258
vt 0.003594 0.048369
vt 0.277655 0.253605
vt 0.998963 0.869511
vt 0.997491 0.868945
vt 0.998463 0.866275
vt 0.145847 0.023588
vt 0.273497 0.060626
vt 0.258193 0.820592
vt 0.994369 0.649051
vt 0.992104 0.648221
vt 0.993237 0.645521
vt 0.993960 0.651299
vt 0.085408 0.245495
vt 0.998791 0.872989
vt 0.997497 0.881739
vt 0.151270 0.029790
vt 0.148088 0.025676
vt 0.580590 0.187564
vt 0.988472 0.801817
vt 0.989785 0.801155
vt 0.979136 0.035244
vt 0.972827 0.011378
vt 0.990780 0.825998
vt 0.583417 0.188592
vt 0.283507 0.921032
vt 0.586402 0.187019
vt 0.970913 0.928613
vt 0.022159 0.642452
vt 0.582122 0.185091
vt 0.003684 0.093800
vt 0.195272 0.374721
vt 0.049856 0.042056
vt 0.061677 0.046763
vt 0.969562 0.928975
vt 0.296843 0.063312
vt 0.268792 0.832778
vt 0.262331 0.825174
vt 0.030478 0.894838
vt 0.304132 0.062660
vt 0.295605 0.058260
vt 0.256243 0.819353
vt 0.992351 0.641563
vt 0.997715 0.860408
vt 0.996005 0.950506
vt 0.996005 0.946872
vt 0.997410 0.952148
vt 0.991116 0.848035
vt 0.994007 0.865364
vt 0.991155 0.870303
vt 0.996219 0.859064
vt 0.020465 0.643928
vt 0.996244 0.956370
vt 0.280843 0.251768
vt 0.099988 0.071534
vt 0.264180 0.252217
vt 0.260128 0.251312
vt 0.093208 0.244921
vt 0.107132 0.246486
vt 0.038822 0.038726
vt 0.986528 0.842148
vt 0.987746 0.847399
vt 0.986929 0.848813
vt 0.504689 0.953706
vt 0.506039 0.954027
vt 0.506456 0.958799
vt 0.271220 0.255986
vt 0.974070 0.937608
vt 0.020607 0.637700
vt 0.990899 0.637618
vt 0.283543 0.249787
vt 0.455396 0.012468
vt 0.442373 0.012708
vt 0.452720 0.011540
vt 0.513568 0.899273
vt 0.513055 0.911301
vt 0.512582 0.904867
vt 0.000329 0.826947
vt 0.000329 0.832628
vt 0.000177 0.830433
vt 0.506185 0.949509
vt 0.974084 0.047277
vt 0.976137 0.054981
vt 0.962198 0.072143
vt 0.016856 0.645803
vt 0.986418 0.854493
vt 0.280700 0.253614
vt 0.013530 0.646952
vt 0.513537 0.895161
vt 0.513460 0.899246
vt 0.512038 0.900485
vt 0.512788 0.896684
vt 0.512056 0.913857
vt 0.511761 0.912053
vt 0.977143 0.039638
vt 0.960429 0.059733
vt 0.987561 0.857620
vt 0.987544 0.634853
vt 0.455465 0.011386
vt 0.284871 0.905075
vt 0.512950 0.902698
vt 0.256319 0.823870
vt 0.000018 0.775218
vt 0.000488 0.777885
vt 0.000264 0.785572
vt 0.274757 0.255756
vt 0.279696 0.256363
vt 0.998263 0.892335
vt 0.997178 0.891075
vt 0.997178 0.884504
vt 0.035204 0.639094
vt 0.987735 0.864539
vt 0.511545 0.930025
vt 0.510238 0.919978
vt 0.511545 0.920718
vt 0.276816 0.257129
vt 0.511881 0.906289
vt 0.462241 0.011469
vt 0.964131 0.924248
vt 0.960597 0.921621
vt 0.961601 0.919701
vt 0.156648 0.032545
vt 0.156905 0.030867
vt 0.157941 0.031460
vt 0.157881 0.032779
vt 0.719602 0.034731
vt 0.719602 0.029099
vt 0.720114 0.032035
vt 0.101724 0.241917
vt 0.461808 0.012825
vt 0.756786 0.011037
vt 0.758583 0.010432
vt 0.757445 0.012074
vt 0.274480 0.857753
vt 0.156707 0.026998
vt 0.990268 0.842869
vt 0.990223 0.850082
vt 0.989372 0.846216
vt 0.999010 0.930004
vt 0.999977 0.929833
vt 0.999232 0.944533
vt 0.768120 0.009869
vt 0.000438 0.750793
vt 0.000438 0.760099
vt 0.000068 0.762378
vt 0.506822 0.944538
vt 0.506822 0.932946
vt 0.507363 0.929829
vt 0.984777 0.484684
vt 0.984479 0.438315
vt 0.986911 0.460286
vt 0.771396 0.011163
vt 0.512876 0.930014
vt 0.512876 0.915295
vt 0.513466 0.913958
vt 0.270742 0.840506
vt 0.080350 0.064017
vt 0.511458 0.915273
vt 0.511242 0.918429
vt 0.260505 0.942936
vt 0.261262 0.949103
vt 0.260814 0.954227
vt 0.261278 0.944028
vt 0.261250 0.946576
vt 0.992708 0.561512
vt 0.995777 0.570856
vt 0.992904 0.566739
vt 0.990252 0.856254
vt 0.989170 0.853242
vt 0.677850 0.226196
vt 0.141402 0.151464
vt 0.998311 0.959146
vt 0.998311 0.961320
vt 0.997636 0.960301
vt 0.071753 0.055144
vt 0.991517 0.842712
vt 0.991614 0.830645
vt 0.992779 0.831673
vt 0.513561 0.936255
vt 0.513561 0.947737
vt 0.512781 0.944504
vt 0.987153 0.470105
vt 0.000460 0.786384
vt 0.000460 0.794670
vt 0.000047 0.791601
vt 0.474833 0.022424
vt 0.476574 0.025691
vt 0.474576 0.023947
vt 0.000025 0.763003
vt 0.000481 0.768216
vt 0.000238 0.774484
vt 0.000041 0.834785
vt 0.000383 0.833509
vt 0.000465 0.838730
vt 0.973146 0.919975
vt 0.260549 0.957470
vt 0.260536 0.954921
vt 0.261754 0.955028
vt 0.533697 0.037363
vt 0.533303 0.041866
vt 0.533173 0.032602
vt 0.988467 0.879341
vt 0.988467 0.857235
vt 0.989243 0.873283
vt 0.988013 0.570321
vt 0.990185 0.567917
vt 0.754130 0.018729
vt 0.510842 0.913947
vt 0.999763 0.789555
vt 0.999763 0.809347
vt 0.998717 0.784878
vt 0.988455 0.841669
vt 0.991749 0.563927
vt 0.992298 0.560935
vt 0.990156 0.860917
vt 0.162228 0.027099
vt 0.163000 0.028755
vt 0.162356 0.031665
vt 0.466319 0.014167
vt 0.511951 0.944817
vt 0.512621 0.952478
vt 0.511694 0.955892
vt 0.989884 0.864005
vt 0.462569 0.004629
vt 0.463564 0.004955
vt 0.997755 0.902223
vt 0.000452 0.721591
vt 0.000452 0.736362
vt 0.000054 0.734063
vt 0.992664 0.556019
vt 0.993355 0.550332
vt 0.678708 0.194272
vt 0.322849 0.047939
vt 0.313575 0.063702
vt 0.074279 0.058355
vt 0.994361 0.540677
vt 0.991936 0.828395
vt 0.991576 0.818889
vt 0.324477 0.063376
vt 0.976319 0.933496
vt 0.981115 0.435169
vt 0.978278 0.431475
vt 0.980570 0.429256
vt 0.974373 0.450761
vt 0.974270 0.452133
vt 0.973380 0.449901
vt 0.964489 0.916847
vt 0.960442 0.906890
vt 0.966708 0.913560
vt 0.534047 0.028021
vt 0.534849 0.031013
vt 0.534276 0.034289
vt 0.260605 0.959996
vt 0.993541 0.543158
vt 0.995149 0.527928
vt 0.994459 0.533605
vt 0.986887 0.657216
vt 0.969221 0.910120
vt 0.977962 0.428519
vt 0.951562 0.924406
vt 0.000049 0.824509
vt 0.000458 0.819833
vt 0.000416 0.826063
vt 0.975474 0.447908
vt 0.979129 0.260062
vt 0.965952 0.255412
vt 0.978136 0.251953
vt 0.972786 0.906892
vt 0.119518 0.229516
vt 0.990537 0.589414
vt 0.997934 0.569921
vt 0.992479 0.599451
vt 0.784461 0.026829
vt 0.642231 0.718040
vt 0.180151 0.451520
vt 0.261727 0.961492
vt 0.975579 0.441678
vt 0.976310 0.444660
vt 0.974578 0.441709
vt 0.978836 0.424908
vt 0.974029 0.919531
vt 0.987876 0.668085
vt 0.677139 0.230738
vt 0.808321 0.980211
vt 0.971876 0.901748
vt 0.988895 0.580296
vt 0.105166 0.154892
vt 0.978852 0.938974
vt 0.976232 0.424168
vt 0.974208 0.453974
vt 0.974020 0.460077
vt 0.975799 0.432601
vt 0.994780 0.605979
vt 0.976604 0.433726
vt 0.153453 0.157442
vt 0.977321 0.419430
vt 0.980051 0.415757
vt 0.976450 0.247330
vt 0.946281 0.614141
vt 0.956232 0.609610
vt 0.956034 0.618501
vt 0.088649 0.063512
vt 0.147486 0.936759
vt 0.947599 0.914213
vt 0.469004 0.001665
vt 0.040844 0.907207
vt 0.978720 0.273384
vt 0.149588 0.917740
vt 0.958851 0.074912
vt 0.084802 0.146284
vt 0.964776 0.446847
vt 0.297621 0.040474
vt 0.973348 0.419978
vt 0.400554 0.031890
vt 0.416058 0.018731
vt 0.407918 0.031953
vt 0.661922 0.783785
vt 0.672835 0.775393
vt 0.673776 0.780356
vt 0.981848 0.932941
vt 0.101750 0.063939
vt 0.737155 0.010385
vt 0.727562 0.018471
vt 0.263420 0.559046
vt 0.263570 0.871007
vt 0.932184 0.616626
vt 0.931168 0.609869
vt 0.106989 0.229317
vt 0.130894 0.153177
vt 0.995858 0.611943
vt 0.966227 0.408780
vt 0.970985 0.409350
vt 0.271197 0.901753
vt 0.278469 0.883041
vt 0.678328 0.186742
vt 0.645408 0.740835
vt 0.648455 0.732928
vt 0.655043 0.743662
vt 0.952826 0.051954
vt 0.951660 0.060942
vt 0.113291 0.152766
vt 0.157007 0.158234
vt 0.964036 0.899309
vt 0.187545 0.430955
vt 0.966279 0.395525
vt 0.426345 0.014892
vt 0.444933 0.030197
vt 0.397409 0.035695
vt 0.403034 0.034937
vt 0.253104 0.830668
vt 0.963914 0.620261
vt 0.096953 0.217613
vt 0.086740 0.222548
vt 0.964442 0.461374
vt 0.780130 0.030873
vt 0.182049 0.383797
vt 0.954902 0.277654
vt 0.258656 0.840330
vt 0.750492 0.024293
vt 0.945595 0.049350
vt 0.155695 0.909266
vt 0.656780 0.773894
vt 0.666379 0.769915
vt 0.658136 0.759603
vt 0.651019 0.750996
vt 0.661287 0.746634
vt 0.110176 0.209547
vt 0.969576 0.301303
vt 0.152733 0.164507
vt 0.151451 0.163746
vt 0.150973 0.161331
vt 0.949041 0.907259
vt 0.179118 0.366431
vt 0.266860 0.053792
vt 0.801026 0.984429
vt 0.431109 0.013820
vt 0.464394 0.016430
vt 0.145367 0.158884
vt 0.271020 0.560490
vt 0.423111 0.040515
vt 0.051927 0.915297
vt 0.039251 0.918116
vt 0.642723 0.727945
vt 0.656491 0.727763
vt 0.964201 0.395392
vt 0.136268 0.227060
vt 0.181484 0.428895
vt 0.461914 0.024018
vt 0.681550 0.784062
vt 0.240383 0.555011
vt 0.095739 0.148976
vt 0.652134 0.697457
vt 0.052602 0.921663
vt 0.976627 0.889450
vt 0.960503 0.890405
vt 0.030660 0.917257
vt 0.674896 0.798447
vt 0.687424 0.794837
vt 0.672237 0.805742
vt 0.731231 0.025647
vt 0.963250 0.419696
vt 0.682777 0.213759
vt 0.291327 0.563986
vt 0.656309 0.718817
vt 0.263489 0.853640
vt 0.261545 0.038046
vt 0.935767 0.047132
vt 0.958116 0.251467
vt 0.939071 0.912874
vt 0.655409 0.710461
vt 0.760584 0.032956
vt 0.684200 0.827254
vt 0.683634 0.816061
vt 0.717112 0.811980
vt 0.968149 0.605619
vt 0.945162 0.901648
vt 0.948628 0.068052
vt 0.172903 0.437232
vt 0.949739 0.432387
vt 0.679169 0.161601
vt 0.143936 0.161621
vt 0.179851 0.395262
vt 0.049400 0.924569
vt 0.140114 0.159722
vt 0.791173 0.040146
vt 0.782223 0.057654
vt 0.781481 0.048126
vt 0.934721 0.671794
vt 0.927337 0.689942
vt 0.919199 0.699031
vt 0.775925 0.039176
vt 0.680466 0.174931
vt 0.419867 0.044300
vt 0.436827 0.040046
vt 0.128334 0.156887
vt 0.969676 0.589787
vt 0.140662 0.922220
vt 0.121635 0.219611
vt 0.342305 0.037644
vt 0.135093 0.212621
vt 0.933227 0.057680
vt 0.754971 0.036995
vt 0.045338 0.927569
vt 0.660675 0.732389
vt 0.943634 0.073342
vt 0.267172 0.893493
vt 0.945442 0.069772
vt 0.906978 0.509288
vt 0.913227 0.519078
vt 0.903886 0.512303
vt 0.762825 0.042574
vt 0.945831 0.893407
vt 0.482024 0.027734
vt 0.952571 0.448159
vt 0.144767 0.164674
vt 0.927663 0.060930
vt 0.948737 0.270845
vt 0.727109 0.034374
vt 0.010900 0.338241
vt 0.006751 0.290813
vt 0.013513 0.280300
vt 0.932627 0.906496
vt 0.668978 0.756546
vt 0.656621 0.689921
vt 0.073357 0.152645
vt 0.982206 0.636656
vt 0.723138 0.039554
vt 0.125166 0.963020
vt 0.940040 0.897559
vt 0.951734 0.886502
vt 0.690080 0.806427
vt 0.787907 0.063442
vt 0.779453 0.064096
vt 0.781902 0.043299
vt 0.272799 0.927631
vt 0.134432 0.163978
vt 0.463671 0.034704
vt 0.942351 0.277031
vt 0.921416 0.702091
vt 0.955024 0.384624
vt 0.276158 0.567085
vt 0.665668 0.790362
vt 0.678478 0.793217
vt 0.082169 0.206337
vt 0.000090 0.235510
vt 0.000090 0.173305
vt 0.013588 0.223896
vt 0.677332 0.760972
vt 0.041169 0.931235
vt 0.941369 0.417062
vt 0.944671 0.887905
vt 0.155780 0.889882
vt 0.244548 0.832803
vt 0.236718 0.817790
vt 0.669884 0.737386
vt 0.130776 0.205472
vt 0.692071 0.159816
vt 0.393620 0.036737
vt 0.404665 0.013283
vt 0.413526 0.016107
vt 0.965721 0.872890
vt 0.169831 0.445801
vt 0.675526 0.748597
vt 0.891328 0.715709
vt 0.052184 0.933964
vt 0.878626 0.711930
vt 0.935393 0.674640
vt 0.929538 0.698078
vt 0.137914 0.206304
vt 0.147821 0.199794
vt 0.470674 0.043737
vt 0.920612 0.062458
vt 0.993831 0.441845
vt 0.998700 0.448179
vt 0.996042 0.454860
vt 0.776093 0.060840
vt 0.436620 0.065713
vt 0.938391 0.887820
vt 0.660407 0.701545
vt 0.043270 0.936244
vt 0.136736 0.362310
vt 0.115447 0.373211
vt 0.117491 0.365504
vt 0.133998 0.935134
vt 0.250405 0.856140
vt 0.776964 0.061647
vt 0.932836 0.507602
vt 0.935863 0.516626
vt 0.281042 0.573829
vt 0.993998 0.440592
vt 0.211388 0.955983
vt 0.220488 0.947556
vt 0.205157 0.966932
vt 0.930128 0.901245
vt 0.958292 0.866831
vt 0.682905 0.183663
vt 0.198590 0.986294
vt 0.207542 0.981968
vt 0.117192 0.158239
vt 0.296347 0.572631
vt 0.047942 0.937583
vt 0.247046 0.842322
vt 0.219267 0.960955
vt 0.140098 0.199112
vt 0.919023 0.522862
vt 0.914745 0.523701
vt 0.685472 0.169903
vt 0.177111 0.349097
vt 0.657418 0.048782
vt 0.664128 0.039171
vt 0.665133 0.046550
vt 0.774378 0.055479
vt 0.316019 0.575293
vt 0.993349 0.518841
vt 0.992064 0.546776
vt 0.987907 0.528266
vt 0.111272 0.975234
vt 0.973685 0.860772
vt 0.265020 0.573152
vt 0.696243 0.226691
vt 0.120654 0.206096
vt 0.683002 0.770461
vt 0.250257 0.870260
vt 0.990145 0.435237
vt 0.456660 0.056373
vt 0.738618 0.054103
vt 0.045764 0.945605
vt 0.236113 0.826472
vt 0.229730 0.815731
vt 0.687090 0.194860
vt 0.939351 0.433254
vt 0.987628 0.719686
vt 0.986383 0.709976
vt 0.990821 0.717450
vt 0.691239 0.220681
vt 0.115151 0.205338
vt 0.645854 0.046065
vt 0.652252 0.047114
vt 0.644480 0.062610
vt 0.917108 0.713613
vt 0.233977 0.943965
vt 0.771547 0.058706
vt 0.435628 0.011222
vt 0.668783 0.707749
vt 0.027536 0.632155
vt 0.042528 0.616660
vt 0.065400 0.609926
vt 0.667678 0.050486
vt 0.263492 0.909655
vt 0.096314 0.205759
vt 0.773764 0.070898
vt 0.118407 0.198038
vt 0.759702 0.058485
vt 0.783221 0.074213
vt 0.996535 0.438775
vt 0.902128 0.721465
vt 0.948963 0.867054
vt 0.415153 0.010062
vt 0.142265 0.895894
vt 0.098138 0.156736
vt 0.176090 0.409780
vt 0.699684 0.799839
vt 0.989206 0.426948
vt 0.991050 0.428342
vt 0.714607 0.821054
vt 0.166000 0.424517
vt 0.687939 0.208981
vt 0.252458 0.565110
vt 0.161557 0.086489
vt 0.157507 0.090545
vt 0.158809 0.071576
vt 0.950943 0.531698
vt 0.126001 0.169392
vt 0.137107 0.352438
vt 0.125733 0.359963
vt 0.135995 0.351237
vt 0.786781 0.423574
vt 0.771361 0.413980
vt 0.807245 0.412043
vt 0.689687 0.784117
vt 0.392639 0.000751
vt 0.696692 0.785941
vt 0.692109 0.775440
vt 0.987491 0.723618
vt 0.989398 0.722979
vt 0.634037 0.079830
vt 0.930419 0.890354
vt 0.087134 0.198368
vt 0.095424 0.192876
vt 0.104461 0.201494
vt 0.665999 0.057528
vt 0.668817 0.719082
vt 0.770684 0.056045
vt 0.772611 0.067544
vt 0.916740 0.720402
vt 0.082010 0.159869
vt 0.125213 0.197614
vt 0.686206 0.764035
vt 0.165448 0.395371
vt 0.137473 0.196998
vt 0.134085 0.193374
vt 0.173296 0.358536
vt 0.168778 0.386728
vt 0.679631 0.756066
vt 0.118075 0.957091
vt 0.988679 0.728524
vt 0.167278 0.377582
vt 0.159039 0.444075
vt 0.914626 0.907741
vt 0.924178 0.891196
vt 0.779097 0.075098
vt 0.942550 0.697816
vt 0.936935 0.878151
vt 0.219736 0.979651
vt 0.171512 0.371319
vt 0.782209 0.405283
vt 0.108008 0.195189
vt 0.089143 0.157088
vt 0.987984 0.727978
vt 0.667318 0.054394
vt 0.650396 0.947135
vt 0.648990 0.941621
vt 0.652396 0.951306
vt 0.755921 0.420132
vt 0.967917 0.839525
vt 0.124167 0.938765
vt 0.665556 0.059639
vt 0.641510 0.083066
vt 0.765698 0.057867
vt 0.987799 0.731544
vt 0.654199 0.070557
vt 0.168342 0.408440
vt 0.754429 0.414638
vt 0.174927 0.093221
vt 0.172292 0.106039
vt 0.225494 0.966308
vt 0.931938 0.713843
vt 0.770400 0.062369
vt 0.732979 0.068145
vt 0.652732 0.938216
vt 0.771830 0.052241
vt 0.257669 0.566067
vt 0.131247 0.352009
vt 0.129560 0.347745
vt 0.137282 0.346810
vt 0.984004 0.420782
vt 0.986783 0.422787
vt 0.724605 0.425196
vt 0.729600 0.419307
vt 0.738430 0.420354
vt 0.999278 0.409882
vt 0.993321 0.259840
vt 0.985834 0.258419
vt 0.990043 0.254954
vt 0.987359 0.733607
vt 0.987966 0.735247
vt 0.282278 0.579900
vt 0.243012 0.854140
vt 0.233111 0.835137
vt 0.012450 0.155071
vt 0.010107 0.180907
vt 0.006172 0.164035
vt 0.116278 0.191271
vt 0.689049 0.148648
vt 0.161251 0.452301
vt 0.923558 0.724717
vt 0.233599 0.968603
vt 0.148202 0.092623
vt 0.769073 0.072326
vt 0.665506 0.065126
vt 0.821626 0.498553
vt 0.841393 0.498413
vt 0.827166 0.504377
vt 0.758702 0.409286
vt 0.947743 0.855572
vt 0.985252 0.413608
vt 0.699640 0.429901
vt 0.715350 0.420144
vt 0.007661 0.175435
vt 0.692611 0.203042
vt 0.998762 0.671444
vt 0.996678 0.679221
vt 0.997997 0.666876
vt 0.987022 0.739266
vt 0.986461 0.738800
vt 0.987779 0.739872
vt 0.912362 0.895826
vt 0.990232 0.565252
vt 0.940893 0.858469
vt 0.990890 0.267038
vt 0.986975 0.264022
vt 0.835258 0.495628
vt 0.247468 0.893406
vt 0.109679 0.185350
vt 0.122675 0.191782
vt 0.162291 0.103730
vt 0.664610 0.950114
vt 0.657858 0.954484
vt 0.746189 0.413156
vt 0.661195 0.957527
vt 0.702366 0.792306
vt 0.262277 0.918969
vt 0.697143 0.195422
vt 0.645597 0.928773
vt 0.670297 0.922796
vt 0.665634 0.067531
vt 0.765622 0.059304
vt 0.916031 0.732455
vt 0.000190 0.874033
vt 0.000317 0.874751
vt 0.000197 0.875714
vt 0.659401 0.958048
vt 0.660533 0.959615
vt 0.926691 0.876602
vt 0.677610 0.740907
vt 0.007815 0.179959
vt 0.703419 0.209167
vt 0.230127 0.980757
vt 0.065389 0.502984
vt 0.056334 0.504418
vt 0.058537 0.484361
vt 0.645394 0.097291
vt 0.730046 0.413406
vt 0.269036 0.937572
vt 0.154101 0.098452
vt 0.663979 0.962014
vt 0.649168 0.923441
vt 0.673765 0.722552
vt 0.801980 0.502221
vt 0.814148 0.491545
vt 0.919291 0.881912
vt 0.888621 0.903139
vt 0.906756 0.893204
vt 0.107420 0.185280
vt 0.244185 0.956684
vt 0.664512 0.965044
vt 0.992095 0.269436
vt 0.664913 0.075574
vt 0.238276 0.863317
vt 0.172615 0.114956
vt 0.666992 0.697188
vt 0.131810 0.904480
vt 0.763457 0.058195
vt 0.901174 0.734390
vt 0.125390 0.350394
vt 0.629688 0.105712
vt 0.945741 0.841549
vt 0.707295 0.416890
vt 0.063868 0.487662
vt 0.763852 0.403248
vt 0.998362 0.675953
vt 0.756772 0.082244
vt 0.766329 0.094820
vt 0.120398 0.173720
vt 0.087374 0.172598
vt 0.009027 0.189171
vt 0.271058 0.580395
vt 0.126939 0.919695
vt 0.097914 0.177915
vt 0.077565 0.216340
vt 0.084964 0.240136
vt 0.071217 0.223568
vt 0.081586 0.223360
vt 0.666020 0.962981
vt 0.940581 0.719128
vt 0.998276 0.685244
vt 0.702499 0.168721
vt 0.242399 0.877072
vt 0.113101 0.082924
vt 0.155188 0.417258
vt 0.150585 0.408486
vt 0.759632 0.060941
vt 0.163012 0.434595
vt 0.743374 0.403109
vt 0.069541 0.496356
vt 0.676872 0.730685
vt 0.775391 0.094542
vt 0.960071 0.538497
vt 0.056996 0.470054
vt 0.975546 0.530057
vt 0.663176 0.678347
vt 0.010181 0.198172
vt 0.107539 0.177853
vt 0.223477 0.896515
vt 0.229537 0.913387
vt 0.219756 0.902454
vt 0.646746 0.918389
vt 0.647633 0.912531
vt 0.660965 0.902435
vt 0.925977 0.863324
vt 0.700122 0.182136
vt 0.097581 0.173593
vt 0.797776 0.483842
vt 0.668808 0.966214
vt 0.073981 0.498715
vt 0.792089 0.116389
vt 0.161210 0.365994
vt 0.908662 0.885927
vt 0.654898 0.906054
vt 0.159188 0.110731
vt 0.000463 0.704313
vt 0.000463 0.720712
vt 0.000044 0.717638
vt 0.168935 0.117148
vt 0.727176 0.408060
vt 0.673724 0.967033
vt 0.998326 0.694319
vt 0.671893 0.967911
vt 0.111514 0.952679
vt 0.104011 0.980664
vt 0.097852 0.969218
vt 0.794027 0.497448
vt 0.992474 0.273764
vt 0.988896 0.284274
vt 0.663344 0.909219
vt 0.249239 0.963189
vt 0.076312 0.249144
vt 0.794151 0.098210
vt 0.061544 0.474343
vt 0.245113 0.939082
vt 0.252359 0.921344
vt 0.675439 0.914506
vt 0.679816 0.988165
vt 0.678177 0.981964
vt 0.172758 0.338624
vt 0.161670 0.360537
vt 0.251013 0.582144
vt 0.710484 0.154280
vt 0.013078 0.217776
vt 0.704873 0.173292
vt 0.115935 0.933548
vt 0.929572 0.736027
vt 0.673193 0.930385
vt 0.680009 0.934234
vt 0.133180 0.343905
vt 0.125023 0.343673
vt 0.130092 0.339232
vt 0.692388 0.754812
vt 0.756533 0.396194
vt 0.646832 0.898359
vt 0.659716 0.900301
vt 0.206947 0.902894
vt 0.218641 0.850189
vt 0.699504 0.777557
vt 0.677275 0.971706
vt 0.248288 0.976140
vt 0.178186 0.132071
vt 0.935675 0.848018
vt 0.767438 0.398818
vt 0.982545 0.889949
vt 0.983135 0.857512
vt 0.983683 0.874890
vt 0.778614 0.502750
vt 0.780787 0.491064
vt 0.672204 0.685877
vt 0.988109 0.397899
vt 0.987865 0.391309
vt 0.990827 0.409294
vt 0.060972 0.230576
vt 0.070959 0.241545
vt 0.091179 0.960490
vt 0.230772 0.925265
vt 0.228955 0.932913
vt 0.984627 0.867240
vt 0.070415 0.485624
vt 0.240321 0.571047
vt 0.245408 0.576921
vt 0.157708 0.427586
vt 0.255423 0.040645
vt 0.261643 0.046602
vt 0.253179 0.047187
vt 0.078625 0.169696
vt 0.917049 0.865386
vt 0.658927 0.902296
vt 0.220128 0.921976
vt 0.916554 0.739812
vt 0.212201 0.794516
vt 0.217744 0.781202
vt 0.227727 0.783877
vt 0.832289 0.488178
vt 0.840803 0.478904
vt 0.246013 0.915804
vt 0.690148 0.947340
vt 0.214048 0.912335
vt 0.691431 0.985452
vt 0.689346 0.977280
vt 0.757028 0.087968
vt 0.721153 0.393915
vt 0.236639 0.894700
vt 0.164684 0.119258
vt 0.900975 0.742600
vt 0.710015 0.403403
vt 0.692120 0.414228
vt 0.156816 0.446921
vt 0.511407 0.957379
vt 0.512187 0.956543
vt 0.512492 0.958861
vt 0.263631 0.048073
vt 0.258900 0.056311
vt 0.247946 0.040003
vt 0.237211 0.044466
vt 0.684074 0.972780
vt 0.687604 0.972621
vt 0.682870 0.925287
vt 0.908767 0.870053
vt 0.825038 0.479461
vt 0.764106 0.498834
vt 0.047051 0.961551
vt 0.056176 0.972358
vt 0.043354 0.964979
vt 0.987677 0.285746
vt 0.705362 0.191990
vt 0.689507 0.727771
vt 0.663218 0.901661
vt 0.510305 0.960480
vt 0.814514 0.483083
vt 0.147774 0.452227
vt 0.149664 0.442349
vt 0.701692 0.231345
vt 0.996320 0.502057
vt 0.987023 0.477987
vt 0.996905 0.482735
vt 0.238136 0.055840
vt 0.689822 0.974622
vt 0.093294 0.977600
vt 0.051468 0.979770
vt 0.048630 0.980481
vt 0.707694 0.785531
vt 0.989603 0.505498
vt 0.511093 0.962910
vt 0.984124 0.852189
vt 0.221766 0.935245
vt 0.251416 0.053652
vt 0.697756 0.766800
vt 0.061612 0.464364
vt 0.070928 0.463829
vt 0.265014 0.061941
vt 0.259261 0.065928
vt 0.999904 0.408912
vt 0.094856 0.178327
vt 0.085780 0.503085
vt 0.085716 0.521600
vt 0.764936 0.097073
vt 0.262505 0.960313
vt 0.262505 0.950528
vt 0.269410 0.952545
vt 0.748888 0.084383
vt 0.929826 0.744474
vt 0.153953 0.386730
vt 0.920482 0.856568
vt 0.699464 0.747089
vt 0.688064 0.734676
vt 0.735337 0.390566
vt 0.925061 0.839688
vt 0.933179 0.841600
vt 0.206492 0.785858
vt 0.691496 0.405944
vt 0.259363 0.961364
vt 0.040228 0.980568
vt 0.988841 0.379076
vt 0.999977 0.365276
vt 0.689065 0.714842
vt 0.686437 0.722797
vt 0.046242 0.240560
vt 0.045184 0.237557
vt 0.048257 0.241245
vt 0.694279 0.975130
vt 0.696835 0.978576
vt 0.243492 0.063373
vt 0.148020 0.398520
vt 0.919183 0.748769
vt 0.989404 0.288409
vt 0.839539 0.471909
vt 0.694044 0.737574
vt 0.695220 0.743385
vt 0.153041 0.352309
vt 0.164798 0.338488
vt 0.674809 0.233275
vt 0.682458 0.250955
vt 0.673555 0.243896
vt 0.685614 0.696136
vt 0.216287 0.928270
vt 0.199249 0.942658
vt 0.115536 0.354749
vt 0.739790 0.081022
vt 0.194251 0.915357
vt 0.100233 0.930913
vt 0.255916 0.986632
vt 0.987508 0.289458
vt 0.982445 0.839417
vt 0.695942 0.974589
vt 0.049938 0.235485
vt 0.051743 0.260174
vt 0.914270 0.751758
vt 0.259323 0.068355
vt 0.256607 0.068620
vt 0.262422 0.065284
vt 0.262624 0.066285
vt 0.743368 0.066069
vt 0.699374 0.151710
vt 0.047193 0.245138
vt 0.144219 0.427327
vt 0.870621 0.729008
vt 0.865881 0.724977
vt 0.862494 0.715826
vt 0.121104 0.909467
vt 0.709937 0.224351
vt 0.713644 0.769472
vt 0.789080 0.481657
vt 0.241624 0.923762
vt 0.251990 0.071552
vt 0.985403 0.294168
vt 0.109956 0.919531
vt 0.125174 0.340079
vt 0.996227 0.716353
vt 0.997057 0.722230
vt 0.996117 0.724813
vt 0.237830 0.915370
vt 0.984142 0.843584
vt 0.678426 0.919719
vt 0.717203 0.387082
vt 0.690711 0.249303
vt 0.866178 0.730215
vt 0.226465 0.040617
vt 0.713003 0.116846
vt 0.713003 0.073159
vt 0.724296 0.138594
vt 0.819836 0.471145
vt 0.030743 0.455609
vt 0.050575 0.498138
vt 0.027946 0.550977
vt 0.254695 0.072141
vt 0.218570 0.052333
vt 0.259673 0.957971
vt 0.082888 0.489815
vt 0.707005 0.959546
vt 0.704354 0.204928
vt 0.714895 0.195060
vt 0.148674 0.417321
vt 0.044033 0.608117
vt 0.745710 0.496420
vt 0.756418 0.487620
vt 0.223666 0.773373
vt 0.148911 0.367490
vt 0.685995 0.917831
vt 0.046350 0.250696
vt 0.902472 0.780081
vt 0.913905 0.756106
vt 0.921845 0.759255
vt 0.935230 0.754859
vt 0.231085 0.928285
vt 0.090919 0.518197
vt 0.123279 0.887058
vt 0.217387 0.037900
vt 0.203964 0.045346
vt 0.199646 0.037674
vt 0.830713 0.467427
vt 0.044407 0.958343
vt 0.983975 0.836323
vt 0.996144 0.516966
vt 0.999804 0.520625
vt 0.997405 0.560542
vt 0.207920 0.774339
vt 0.197269 0.977572
vt 0.716206 0.210986
vt 0.993495 0.473979
vt 0.097278 0.943838
vt 0.986163 0.294692
vt 0.237533 0.937891
vt 0.116432 0.866465
vt 0.109929 0.861478
vt 0.108746 0.853832
vt 0.814949 0.476296
vt 0.244487 0.075859
vt 0.189892 0.928196
vt 0.231205 0.065785
vt 0.767677 0.482095
vt 0.706672 0.757450
vt 0.073411 0.249313
vt 0.713655 0.780394
vt 0.724415 0.789177
vt 0.035547 0.958083
vt 0.138960 0.883855
vt 0.083861 0.472632
vt 0.982833 0.833852
vt 0.066559 0.252326
vt 0.701293 0.940907
vt 0.106740 0.366256
vt 0.658495 0.244590
vt 0.668282 0.244913
vt 0.665808 0.258641
vt 0.117923 0.347491
vt 0.061107 0.248646
vt 0.191282 0.921879
vt 0.189587 0.926588
vt 0.901291 0.345367
vt 0.908162 0.350540
vt 0.898407 0.361001
vt 0.997443 0.727887
vt 0.248142 0.077493
vt 0.984099 0.831112
vt 0.796089 0.474191
vt 0.711039 0.957686
vt 0.730123 0.385765
vt 0.251183 0.795825
vt 0.240708 0.783148
vt 0.247315 0.784850
vt 0.027413 0.598475
vt 0.043005 0.587026
vt 0.054350 0.592166
vt 0.862442 0.731215
vt 0.688670 0.398966
vt 0.146705 0.380286
vt 0.996282 0.726687
vt 0.118785 0.899701
vt 0.982729 0.829909
vt 0.679792 0.261307
vt 0.147406 0.405626
vt 0.858490 0.729998
vt 0.857645 0.063321
vt 0.848040 0.063477
vt 0.816129 0.043096
vt 0.146589 0.409937
vt 0.724687 0.109664
vt 0.641352 0.247124
vt 0.651782 0.258679
vt 0.643945 0.253057
vt 0.622715 0.251950
vt 0.638001 0.261025
vt 0.628195 0.259542
vt 0.626661 0.262888
vt 0.625077 0.258878
vt 0.925345 0.757621
vt 0.063250 0.447780
vt 0.133984 0.441138
vt 0.267459 0.096708
vt 0.250841 0.099362
vt 0.261512 0.091303
vt 0.747788 0.090614
vt 0.186001 0.928076
vt 0.746113 0.485027
vt 0.090799 0.498353
vt 0.712794 0.229169
vt 0.826720 0.229169
vt 0.782692 0.261712
vt 0.239930 0.079610
vt 0.264738 0.103759
vt 0.038598 0.980620
vt 0.041631 0.582529
vt 0.711679 0.163426
vt 0.032830 0.971456
vt 0.687203 0.262223
vt 0.067754 0.444511
vt 0.244078 0.083406
vt 0.859375 0.731425
vt 0.853474 0.732770
vt 0.833084 0.462991
vt 0.260475 0.938021
vt 0.260475 0.930698
vt 0.261308 0.942126
vt 0.235662 0.775706
vt 0.234450 0.793992
vt 0.189403 0.951839
vt 0.686690 0.682746
vt 0.138834 0.451369
vt 0.230679 0.082454
vt 0.212361 0.767972
vt 0.106486 0.839440
vt 0.119024 0.860302
vt 0.101323 0.838577
vt 0.872470 0.704834
vt 0.909575 0.700382
vt 0.693400 0.255842
vt 0.627356 0.272067
vt 0.624836 0.271676
vt 0.893159 0.698677
vt 0.183590 0.928460
vt 0.032279 0.964219
vt 0.081322 0.186787
vt 0.193404 0.054048
vt 0.185640 0.939640
vt 0.817370 0.466051
vt 0.239597 0.082817
vt 0.997804 0.734885
vt 0.996816 0.733374
vt 0.186817 0.072234
vt 0.682278 0.675128
vt 0.659402 0.272149
vt 0.045979 0.256773
vt 0.080186 0.251159
vt 0.837254 0.070379
vt 0.438943 0.111319
vt 0.454456 0.109649
vt 0.449923 0.110289
vt 0.260844 0.927175
vt 0.996912 0.472661
vt 0.095717 0.485415
vt 0.233316 0.084130
vt 0.711502 0.762533
vt 0.460266 0.109234
vt 0.887048 0.696526
vt 0.138558 0.352258
vt 0.148016 0.338479
vt 0.147631 0.386607
vt 0.098579 0.844328
vt 0.446061 0.110914
vt 0.722775 0.182774
vt 0.094139 0.860254
vt 0.028585 0.575983
vt 0.030799 0.569837
vt 0.786279 0.474963
vt 0.996528 0.736761
vt 0.646193 0.268684
vt 0.737639 0.494276
vt 0.100210 0.505081
vt 0.113733 0.511897
vt 0.079551 0.459186
vt 0.696077 0.375064
vt 0.681610 0.396806
vt 0.229865 0.084284
vt 0.030736 0.977669
vt 0.909088 0.543347
vt 0.899774 0.549478
vt 0.896810 0.541334
vt 0.459542 0.108992
vt 0.256608 0.794169
vt 0.260600 0.777988
vt 0.106199 0.359213
vt 0.458348 0.107974
vt 0.108586 0.525656
vt 0.066649 0.434625
vt 0.081227 0.450655
vt 0.185234 0.945648
vt 0.652625 0.267572
vt 0.270418 0.776922
vt 0.623259 0.272349
vt 0.228387 0.087166
vt 0.000320 0.862963
vt 0.000320 0.865507
vt 0.000187 0.864554
vt 0.682696 0.277039
vt 0.094997 0.849792
vt 0.265836 0.107853
vt 0.642571 0.277844
vt 0.860675 0.696321
vt 0.672765 0.277726
vt 0.887245 0.354901
vt 0.703537 0.738889
vt 0.021060 0.968865
vt 0.692993 0.705017
vt 0.080148 0.963542
vt 0.795445 0.462867
vt 0.144474 0.395362
vt 0.890894 0.691204
vt 0.872061 0.689869
vt 0.799278 0.453199
vt 0.186264 0.955667
vt 0.709685 0.751216
vt 0.475346 0.107736
vt 0.716964 0.203767
vt 0.844533 0.708436
vt 0.061964 0.271243
vt 0.711367 0.375201
vt 0.138109 0.360932
vt 0.620928 0.278098
vt 0.026082 0.977404
vt 0.219476 0.090697
vt 0.086401 0.952806
vt 0.018837 0.963328
vt 0.222851 0.087500
vt 0.106508 0.810424
vt 0.112958 0.822592
vt 0.463506 0.106307
vt 0.223395 0.090553
vt 0.886062 0.344876
vt 0.878724 0.348013
vt 0.905114 0.152872
vt 0.875938 0.132750
vt 0.907748 0.142785
vt 0.746219 0.480618
vt 0.134737 0.391042
vt 0.759525 0.475596
vt 0.999924 0.923939
vt 0.999046 0.923273
vt 0.999941 0.913046
vt 0.217803 0.088540
vt 0.134390 0.416137
vt 0.997771 0.742613
vt 0.477694 0.105849
vt 0.986330 0.961336
vt 0.986330 0.950011
vt 0.992394 0.957545
vt 0.595247 0.026676
vt 0.595247 0.004225
vt 0.617519 0.020101
vt 0.719207 0.223230
vt 0.245288 0.776345
vt 0.699356 0.719749
vt 0.089161 0.468243
vt 0.094253 0.868141
vt 0.930365 0.778001
vt 0.114417 0.350716
vt 0.076047 0.436796
vt 0.701400 0.726990
vt 0.204068 0.090992
vt 0.905779 0.531258
vt 0.893801 0.537462
vt 0.698672 0.693789
vt 0.830761 0.729865
vt 0.026123 0.978079
vt 0.996808 0.742230
vt 0.059571 0.598801
vt 0.250440 0.105009
vt 0.842179 0.423181
vt 0.828659 0.436937
vt 0.828972 0.428999
vt 0.880641 0.683893
vt 0.690184 0.272422
vt 0.043087 0.263004
vt 0.185771 0.962219
vt 0.047836 0.573087
vt 0.023742 0.976991
vt 0.282174 0.787814
vt 0.290447 0.785895
vt 0.721538 0.501244
vt 0.999624 0.928899
vt 0.085807 0.933023
vt 0.615593 0.282344
vt 0.837431 0.714312
vt 0.133928 0.374562
vt 0.130249 0.402941
vt 0.110443 0.801689
vt 0.712735 0.743345
vt 0.722463 0.774960
vt 0.997779 0.458028
vt 0.073813 0.268147
vt 0.720211 0.209483
vt 0.100085 0.479277
vt 0.211871 0.092663
vt 0.785609 0.469089
vt 0.209291 0.095435
vt 0.485813 0.105546
vt 0.097776 0.922368
vt 0.843811 0.455158
vt 0.807984 0.440240
vt 0.718508 0.765363
vt 0.000123 0.868941
vt 0.000383 0.869656
vt 0.000188 0.870673
vt 0.110706 0.891888
vt 0.795065 0.459106
vt 0.896158 0.559414
vt 0.892349 0.552025
vt 0.239960 0.101797
vt 0.493498 0.106142
vt 0.084297 0.444961
vt 0.628566 0.290841
vt 0.209666 0.752320
vt 0.208095 0.093714
vt 0.707069 0.980536
vt 0.698179 0.974077
vt 0.707596 0.961206
vt 0.682735 0.385622
vt 0.515233 0.090832
vt 0.496895 0.103643
vt 0.116368 0.343794
vt 0.228863 0.765136
vt 0.096433 0.813292
vt 0.495964 0.033714
vt 0.495637 0.033021
vt 0.497476 0.032345
vt 0.656930 0.293330
vt 0.695919 0.680484
vt 0.102361 0.808969
vt 0.104911 0.910202
vt 0.086789 0.433462
vt 0.073965 0.426915
vt 0.064562 0.410447
vt 0.115452 0.340685
vt 0.077444 0.263611
vt 0.025341 0.508554
vt 0.018943 0.509087
vt 0.014939 0.502600
vt 0.284687 0.771677
vt 0.194072 0.097873
vt 0.108200 0.494308
vt 0.253154 0.769123
vt 0.114545 0.874183
vt 0.082597 0.857621
vt 0.885768 0.362861
vt 0.892776 0.130971
vt 0.841674 0.700279
vt 0.202493 0.099532
vt 0.772044 0.460977
vt 0.824200 0.718450
vt 0.097817 0.463352
vt 0.993404 0.823498
vt 0.990499 0.807023
vt 0.993796 0.798082
vt 0.123989 0.877737
vt 0.507919 0.102719
vt 0.500183 0.029759
vt 0.201215 0.097834
vt 0.013277 0.509613
vt 0.013447 0.490680
vt 0.708999 0.732143
vt 0.825963 0.070249
vt 0.816341 0.068464
vt 0.756802 0.470074
vt 0.297037 0.782951
vt 0.622619 0.290031
vt 0.220800 0.752221
vt 0.898608 0.521909
vt 0.897290 0.526971
vt 0.011298 0.977916
vt 0.507220 0.024608
vt 0.084247 0.299378
vt 0.096680 0.294092
vt 0.080093 0.304417
vt 0.872339 0.337343
vt 0.867493 0.355551
vt 0.096550 0.913103
vt 0.090959 0.368552
vt 0.819351 0.733027
vt 0.716784 0.752934
vt 0.899553 0.372706
vt 0.667785 0.297735
vt 0.858016 0.691671
vt 0.196237 0.099817
vt 0.217501 0.108051
vt 0.212750 0.103685
vt 0.820314 0.714393
vt 0.100332 0.898044
vt 0.027365 0.518845
vt 0.017350 0.537806
vt 0.022782 0.517391
vt 0.197915 0.100405
vt 0.515557 0.107733
vt 0.111728 0.783337
vt 0.115385 0.790181
vt 0.028857 0.485799
vt 0.022557 0.491441
vt 0.075679 0.411049
vt 0.083890 0.421801
vt 0.875614 0.358999
vt 0.909110 0.495115
vt 0.890005 0.499864
vt 0.898994 0.490602
vt 0.983526 0.947224
vt 0.983360 0.937941
vt 0.985601 0.936751
vt 0.030735 0.557125
vt 0.034582 0.555676
vt 0.040568 0.560089
vt 0.084964 0.304567
vt 0.270296 0.763719
vt 0.882721 0.549378
vt 0.503561 0.026153
vt 0.249434 0.764383
vt 0.098555 0.444866
vt 0.861818 0.346248
vt 0.097272 0.290999
vt 0.085183 0.294253
vt 0.987373 0.797274
vt 0.987373 0.771115
vt 0.998949 0.775633
vt 0.704184 0.709010
vt 0.065089 0.275746
vt 0.084675 0.400722
vt 0.088329 0.401064
vt 0.083881 0.402377
vt 0.102637 0.795576
vt 0.821847 0.705958
vt 0.792399 0.440372
vt 0.289390 0.773995
vt 0.902220 0.479795
vt 0.892265 0.481955
vt 0.693424 0.298008
vt 0.085538 0.398970
vt 0.194615 0.103271
vt 0.088722 0.405828
vt 0.106335 0.788222
vt 0.528129 0.116868
vt 0.056003 0.274205
vt 0.899810 0.502349
vt 0.054583 0.580120
vt 0.094010 0.289390
vt 0.095592 0.453717
vt 0.708654 0.717358
vt 0.983175 0.929668
vt 0.628521 0.298190
vt 0.111777 0.769080
vt 0.060926 0.583307
vt 0.029549 0.551055
vt 0.032247 0.544292
vt 0.038464 0.549631
vt 0.105988 0.877803
vt 0.241911 0.752358
vt 0.017854 0.489087
vt 0.089792 0.401781
vt 0.089234 0.032235
vt 0.089234 0.028048
vt 0.090097 0.029026
vt 0.256353 0.761389
vt 0.306443 0.775664
vt 0.294839 0.765210
vt 0.798560 0.730642
vt 0.090790 0.404507
vt 0.852460 0.686388
vt 0.089239 0.284525
vt 0.102370 0.297014
vt 0.093488 0.410936
vt 0.723572 0.466651
vt 0.024904 0.715772
vt 0.055735 0.694162
vt 0.049049 0.703562
vt 0.084245 0.394810
vt 0.037125 0.270352
vt 0.009786 0.965252
vt 0.110295 0.348599
vt 0.107307 0.470480
vt 0.109181 0.345599
vt 0.736761 0.461260
vt 0.038340 0.563846
vt 0.047791 0.563981
vt 0.722656 0.743137
vt 0.902406 0.472975
vt 0.000150 0.846739
vt 0.000357 0.845568
vt 0.000346 0.849974
vt 0.506867 0.022817
vt 0.048938 0.281970
vt 0.683213 0.299131
vt 0.024482 0.547792
vt 0.876427 0.121872
vt 0.908784 0.129924
vt 0.890466 0.524060
vt 0.811774 0.433224
vt 0.887964 0.371000
vt 0.839206 0.692591
vt 0.094453 0.407577
vt 0.092890 0.306643
vt 0.866321 0.136725
vt 0.082583 0.281226
vt 0.111574 0.482038
vt 0.895823 0.511587
vt 0.887223 0.512856
vt 0.094331 0.406488
vt 0.001068 0.969821
vt 0.097228 0.800963
vt 0.076964 0.282079
vt 0.281291 0.757855
vt 0.084427 0.877830
vt 0.762341 0.442343
vt 0.005254 0.960313
vt 0.100108 0.354142
vt 0.894862 0.466596
vt 0.054735 0.572203
vt 0.756338 0.444056
vt 0.715865 0.716889
vt 0.033696 0.273439
vt 0.031349 0.278126
vt 0.233700 0.752708
vt 0.105578 0.441871
vt 0.043413 0.696101
vt 0.711478 0.684240
vt 0.859384 0.354588
vt 0.785366 0.435686
vt 0.018664 0.471031
vt 0.226885 0.745166
vt 0.510106 0.020660
vt 0.122180 0.293622
vt 0.985514 0.920506
vt 0.045891 0.554438
vt 0.028327 0.474981
vt 0.098376 0.408151
vt 0.719223 0.724950
vt 0.086210 0.600489
vt 0.885060 0.532660
vt 0.098121 0.410661
vt 0.829655 0.035693
vt 0.829406 0.041440
vt 0.828444 0.039497
vt 0.106483 0.465001
vt 0.080355 0.919443
vt 0.721336 0.738983
vt 0.121341 0.499244
vt 0.748334 0.456042
vt 0.891156 0.381151
vt 0.106593 0.776241
vt 0.883647 0.558639
vt 0.056387 0.280169
vt 0.036251 0.539113
vt 0.040447 0.542858
vt 0.106562 0.455268
vt 0.828858 0.697550
vt 0.096914 0.359290
vt 0.849326 0.349522
vt 0.087556 0.897288
vt 0.636245 0.310099
vt 0.983115 0.919752
vt 0.723047 0.037249
vt 0.723047 0.028607
vt 0.726801 0.029180
vt 0.092683 0.803469
vt 0.081921 0.908317
vt 0.069277 0.278444
vt 0.518988 0.022967
vt 0.776731 0.441197
vt 0.782679 0.069111
vt 0.061019 0.284688
vt 0.030538 0.286917
vt 0.890567 0.516904
vt 0.037031 0.696202
vt 0.039573 0.684317
vt 0.050567 0.678059
vt 0.217741 0.738750
vt 0.827877 0.044179
vt 0.186442 0.116835
vt 0.280966 0.616615
vt 0.284159 0.625386
vt 0.273839 0.620027
vt 0.072737 0.587882
vt 0.113554 0.462215
vt 0.886127 0.490480
vt 0.108326 0.340782
vt 0.884231 0.539390
vt 0.101122 0.783456
vt 0.512325 0.015602
vt 0.108727 0.426855
vt 0.101206 0.413602
vt 0.104872 0.350030
vt 0.694326 0.361599
vt 0.671705 0.364570
vt 0.678171 0.352272
vt 0.829455 0.044845
vt 0.133470 0.284927
vt 0.030698 0.282392
vt 0.798449 0.070243
vt 0.823191 0.690476
vt 0.008556 0.534817
vt 0.013201 0.550652
vt 0.088109 0.362457
vt 0.102720 0.418686
vt 0.376278 0.645741
vt 0.371410 0.649409
vt 0.367663 0.622998
vt 0.255267 0.588736
vt 0.252182 0.586898
vt 0.259800 0.589896
vt 0.126621 0.475059
vt 0.089908 0.789820
vt 0.260904 0.592437
vt 0.248708 0.587503
vt 0.893043 0.457122
vt 0.887192 0.469175
vt 0.103253 0.416071
vt 0.700651 0.673253
vt 0.679769 0.331839
vt 0.047050 0.548914
vt 0.212175 0.737153
vt 0.840960 0.347768
vt 0.853689 0.334565
vt 0.252896 0.743753
vt 0.099251 0.309422
vt 0.031260 0.561354
vt 0.018301 0.560414
vt 0.095730 0.782768
vt 0.985546 0.906222
vt 0.829671 0.048400
vt 0.712175 0.957088
vt 0.712175 0.961858
vt 0.711331 0.960104
vt 0.826680 0.685024
vt 0.898303 0.384244
vt 0.512527 0.013489
vt 0.513523 0.012394
vt 0.055304 0.295626
vt 0.044906 0.299726
vt 0.794579 0.692859
vt 0.280941 0.610098
vt 0.982459 0.910920
vt 0.025607 0.576834
vt 0.000655 0.556031
vt 0.896606 0.032384
vt 0.873275 0.029359
vt 0.875374 0.019397
vt 0.074083 0.713410
vt 0.260096 0.604909
vt 0.285005 0.633904
vt 0.270689 0.624640
vt 0.860735 0.148397
vt 0.516165 0.008808
vt 0.241580 0.578794
vt 0.251458 0.583926
vt 0.242655 0.584520
vt 0.527772 0.005452
vt 0.531718 0.022194
vt 0.880326 0.544501
vt 0.154417 0.031214
vt 0.152537 0.030711
vt 0.154454 0.029236
vt 0.661610 0.325150
vt 0.714185 0.699244
vt 0.680529 0.370704
vt 0.684657 0.381395
vt 0.675295 0.376116
vt 0.363488 0.644787
vt 0.261368 0.754016
vt 0.152564 0.027043
vt 0.825942 0.168057
vt 0.811938 0.149322
vt 0.857786 0.365924
vt 0.764547 0.435647
vt 0.513884 0.009257
vt 0.029797 0.462620
vt 0.872728 0.370451
vt 0.072796 0.289386
vt 0.116392 0.467111
vt 0.138224 0.291406
vt 0.132566 0.488123
vt 0.084541 0.286908
vt 0.089079 0.883093
vt 0.114193 0.311923
vt 0.098841 0.617662
vt 0.847929 0.120330
vt 0.357830 0.638758
vt 0.358004 0.621382
vt 0.640513 0.344182
vt 0.635240 0.320504
vt 0.272424 0.755015
vt 0.274315 0.754580
vt 0.887345 0.460657
vt 0.878186 0.375704
vt 0.672148 0.330858
vt 0.010730 0.468273
vt 0.069687 0.293885
vt 0.009982 0.563090
vt 0.122111 0.442221
vt 0.274067 0.632358
vt 0.878919 0.508732
vt 0.054677 0.566233
vt 0.514911 0.006312
vt 0.723927 0.711800
vt 0.367674 0.660016
vt 0.152465 0.284006
vt 0.880901 0.487695
vt 0.881924 0.522650
vt 0.890197 0.385846
vt 0.286062 0.749058
vt 0.305401 0.742869
vt 0.089084 0.770206
vt 0.254996 0.608628
vt 0.231764 0.590444
vt 0.984370 0.897369
vt 0.244107 0.745941
vt 0.095390 0.868891
vt 0.514877 0.002760
vt 0.142182 0.297614
vt 0.838131 0.135581
vt 0.044463 0.534005
vt 0.872608 0.548430
vt 0.059517 0.558592
vt 0.262297 0.740814
vt 0.238159 0.583896
vt 0.031360 0.291041
vt 0.273926 0.750843
vt 0.275683 0.742664
vt 0.097093 0.357369
vt 0.221035 0.569938
vt 0.231919 0.576602
vt 0.575926 0.015581
vt 0.579394 0.005619
vt 0.579962 0.018602
vt 0.061507 0.303923
vt 0.855415 0.068401
vt 0.861601 0.059327
vt 0.863904 0.066982
vt 0.262354 0.617080
vt 0.158976 0.034394
vt 0.160027 0.030471
vt 0.158615 0.037451
vt 0.730400 0.451897
vt 0.018979 0.454419
vt 0.713593 0.674838
vt 0.685630 0.404734
vt 0.687763 0.424580
vt 0.671053 0.410617
vt 0.845882 0.114387
vt 0.013624 0.571902
vt 0.633776 0.340035
vt 0.081847 0.299325
vt 0.160019 0.038425
vt 0.067861 0.577155
vt 0.102446 0.344352
vt 0.883526 0.475174
vt 0.878869 0.525836
vt 0.831401 0.341831
vt 0.833096 0.349427
vt 0.055156 0.544309
vt 0.004451 0.568215
vt 0.981928 0.891213
vt 0.750717 0.442162
vt 0.676489 0.346927
vt 0.662131 0.357606
vt 0.754691 0.437448
vt 0.353390 0.618237
vt 0.349779 0.629276
vt 0.354565 0.636898
vt 0.258053 0.625547
vt 0.229909 0.581420
vt 0.592235 0.022762
vt 0.592317 0.023905
vt 0.590902 0.023445
vt 0.586645 0.024462
vt 0.880104 0.532737
vt 0.056452 0.646437
vt 0.594006 0.017450
vt 0.733793 0.446792
vt 0.587236 0.025986
vt 0.874512 0.540225
vt 0.673778 0.387373
vt 0.238656 0.736972
vt 0.871167 0.067613
vt 0.985651 0.886110
vt 0.843862 0.362513
vt 0.079452 0.713843
vt 0.894052 0.396160
vt 0.821391 0.346745
vt 0.819026 0.339504
vt 0.071082 0.300108
vt 0.232001 0.582862
vt 0.876181 0.468239
vt 0.884871 0.458360
vt 0.802968 0.159105
vt 0.225289 0.574005
vt 0.229695 0.737250
vt 0.131646 0.453339
vt 0.877069 0.493125
vt 0.869836 0.107681
vt 0.847201 0.102789
vt 0.809308 0.344604
vt 0.806796 0.333562
vt 0.153594 0.289807
vt 0.661102 0.376660
vt 0.048759 0.538050
vt 0.276304 0.010301
vt 0.275511 0.030677
vt 0.255867 0.039777
vt 0.184769 0.949393
vt 0.184769 0.969047
vt 0.175920 0.961070
vt 0.354905 0.649902
vt 0.287576 0.642993
vt 0.261867 0.641031
vt 0.983346 0.890633
vt 0.152452 0.295981
vt 0.852423 0.366599
vt 0.822636 0.131339
vt 0.075548 0.580684
vt 0.875878 0.478515
vt 0.214914 0.727136
vt 0.120639 0.319661
vt 0.870175 0.535800
vt 0.277817 0.033890
vt 0.289785 0.025169
vt 0.293243 0.038948
vt 0.587840 0.033823
vt 0.586423 0.033289
vt 0.583585 0.031756
vt 0.671967 0.346765
vt 0.874328 0.529433
vt 0.867237 0.389070
vt 0.362084 0.662380
vt 0.875834 0.482622
vt 0.851262 0.048272
vt 0.869079 0.049200
vt 0.056653 0.551583
vt 0.243305 0.606417
vt 0.091057 0.591789
vt 0.878879 0.515118
vt 0.097576 0.349720
vt 0.098527 0.346870
vt 0.263957 0.632564
vt 0.000078 0.795513
vt 0.000428 0.799514
vt 0.000240 0.803271
vt 0.762747 0.432840
vt 0.238045 0.563596
vt 0.207001 0.562861
vt 0.349791 0.642557
vt 0.494061 0.903762
vt 0.489267 0.905716
vt 0.495620 0.896593
vt 0.585736 0.031950
vt 0.583025 0.031741
vt 0.664273 0.404495
vt 0.243220 0.729484
vt 0.250604 0.731403
vt 0.344238 0.634709
vt 0.345337 0.626362
vt 0.135346 0.469362
vt 0.314113 0.597964
vt 0.310390 0.604902
vt 0.308700 0.592724
vt 0.144864 0.311052
vt 0.227690 0.723988
vt 0.202676 0.723861
vt 0.987075 0.918492
vt 0.993376 0.921430
vt 0.986867 0.936118
vt 0.582312 0.030012
vt 0.878669 0.061498
vt 0.863557 0.378507
vt 0.661365 0.384290
vt 0.684002 0.436757
vt 0.672665 0.424713
vt 0.484565 0.895274
vt 0.481038 0.908745
vt 0.068336 0.567576
vt 0.995001 0.718160
vt 0.987045 0.708679
vt 0.995224 0.686602
vt 0.222463 0.580252
vt 0.089331 0.353617
vt 0.876543 0.394951
vt 0.753296 0.432490
vt 0.737171 0.428720
vt 0.345734 0.614355
vt 0.235415 0.720795
vt 0.317699 0.594317
vt 0.313787 0.601991
vt 0.315323 0.596338
vt 0.871537 0.514974
vt 0.876717 0.069497
vt 0.332747 0.610048
vt 0.329109 0.607281
vt 0.335408 0.598261
vt 0.330737 0.592184
vt 0.317979 0.613180
vt 0.339768 0.601562
vt 0.339565 0.610647
vt 0.332652 0.617729
vt 0.065318 0.563169
vt 0.320560 0.598434
vt 0.318533 0.594300
vt 0.579280 0.034080
vt 0.578234 0.033778
vt 0.339311 0.621974
vt 0.647313 0.364019
vt 0.154130 0.284929
vt 0.166207 0.285773
vt 0.576283 0.034755
vt 0.356487 0.661847
vt 0.165791 0.280737
vt 0.245009 0.616536
vt 0.872007 0.466672
vt 0.698554 0.128586
vt 0.630673 0.146775
vt 0.597798 0.124248
vt 0.144274 0.475622
vt 0.140013 0.462759
vt 0.832530 0.358329
vt 0.210966 0.570212
vt 0.559296 0.022037
vt 0.197951 0.558523
vt 0.223497 0.548378
vt 0.825624 0.112691
vt 0.576470 0.036820
vt 0.868081 0.545840
vt 0.506201 0.907809
vt 0.494986 0.917431
vt 0.672801 0.448024
vt 0.664118 0.416981
vt 0.246562 0.628733
vt 0.885953 0.070269
vt 0.303911 0.037232
vt 0.334490 0.630961
vt 0.263753 0.730928
vt 0.893838 0.057839
vt 0.489174 0.915458
vt 0.902461 0.403223
vt 0.889409 0.408667
vt 0.500119 0.920538
vt 0.249392 0.633323
vt 0.645237 0.374641
vt 0.818230 0.353502
vt 0.292235 0.003790
vt 0.553433 0.015425
vt 0.364386 0.682757
vt 0.094645 0.584587
vt 0.872409 0.455155
vt 0.284572 0.728264
vt 0.205965 0.578253
vt 0.572959 0.037345
vt 0.278321 0.660434
vt 0.260826 0.664838
vt 0.265273 0.653991
vt 0.657023 0.349740
vt 0.873410 0.498447
vt 0.882888 0.404065
vt 0.860842 0.548630
vt 0.569882 0.041493
vt 0.820185 0.118781
vt 0.273852 0.723058
vt 0.894507 0.067709
vt 0.637560 0.358532
vt 0.209652 0.715760
vt 0.879883 0.036181
vt 0.871063 0.033197
vt 0.229675 0.603361
vt 0.202253 0.566427
vt 0.162280 0.300796
vt 0.355271 0.673717
vt 0.240007 0.721452
vt 0.849471 0.382364
vt 0.645367 0.344535
vt 0.066099 0.552557
vt 0.325188 0.617300
vt 0.829998 0.108495
vt 0.849037 0.087769
vt 0.836885 0.093132
vt 0.869543 0.493514
vt 0.300027 0.584296
vt 0.303464 0.596226
vt 0.133266 0.746209
vt 0.122726 0.688239
vt 0.170584 0.739489
vt 0.075076 0.556323
vt 0.863324 0.543741
vt 0.569083 0.039228
vt 0.279323 0.649109
vt 0.250312 0.648606
vt 0.162150 0.689474
vt 0.185609 0.737991
vt 0.647256 0.381956
vt 0.650211 0.416164
vt 0.869116 0.507061
vt 0.350330 0.663934
vt 0.807163 0.354264
vt 0.063565 0.546045
vt 0.868506 0.502137
vt 0.860771 0.389306
vt 0.897988 0.410287
vt 0.896896 0.416668
vt 0.654651 0.430661
vt 0.152639 0.324126
vt 0.096110 0.343318
vt 0.098453 0.341306
vt 0.557925 0.032278
vt 0.841191 0.373517
vt 0.244006 0.621625
vt 0.837083 0.367720
vt 0.089816 0.348809
vt 0.201509 0.755288
vt 0.188516 0.719982
vt 0.866753 0.529231
vt 0.893506 0.418847
vt 0.255173 0.643713
vt 0.858880 0.559719
vt 0.330017 0.628881
vt 0.163246 0.312647
vt 0.219629 0.714828
vt 0.203307 0.572685
vt 0.508539 0.922872
vt 0.087762 0.351219
vt 0.177033 0.287279
vt 0.540762 0.032702
vt 0.233504 0.619113
vt 0.478598 0.924724
vt 0.648210 0.403826
vt 0.570372 0.045715
vt 0.087377 0.345873
vt 0.193440 0.561258
vt 0.246680 0.711027
vt 0.866890 0.535608
vt 0.865644 0.458746
vt 0.875945 0.443827
vt 0.081929 0.564264
vt 0.863754 0.514133
vt 0.494503 0.928412
vt 0.102919 0.602782
vt 0.923814 0.050244
vt 0.565922 0.044097
vt 0.244597 0.640025
vt 0.235688 0.631554
vt 0.570259 0.047573
vt 0.079174 0.559857
vt 0.336075 0.641233
vt 0.953993 0.776258
vt 0.968397 0.792459
vt 0.969180 0.821513
vt 0.896691 0.065959
vt 0.858847 0.556425
vt 0.338957 0.665421
vt 0.620007 0.971063
vt 0.619376 0.972093
vt 0.608092 0.977279
vt 0.307280 0.609908
vt 0.227515 0.609974
vt 0.202813 0.742188
vt 0.281421 0.719654
vt 0.289100 0.726950
vt 0.319633 0.631179
vt 0.818280 0.369396
vt 0.824190 0.097147
vt 0.347660 0.683315
vt 0.566965 0.864298
vt 0.563536 0.858358
vt 0.574261 0.860442
vt 0.829491 0.375829
vt 0.296876 0.601625
vt 0.226915 0.711893
vt 0.335911 0.647556
vt 0.538719 0.020055
vt 0.485284 0.933557
vt 0.887812 0.416715
vt 0.085807 0.569058
vt 0.966242 0.783364
vt 0.357917 0.690595
vt 0.863785 0.463824
vt 0.792245 0.349048
vt 0.865344 0.402407
vt 0.906703 0.748177
vt 0.889831 0.752767
vt 0.889389 0.744376
vt 0.629340 0.966685
vt 0.630330 0.965610
vt 0.627063 0.971891
vt 0.342441 0.674221
vt 0.193561 0.572314
vt 0.874145 0.407245
vt 0.812061 0.366449
vt 0.294889 0.614479
vt 0.860351 0.501180
vt 0.324604 0.636437
vt 0.188230 0.572877
vt 0.308726 0.622160
vt 0.085915 0.574954
vt 0.243522 0.655168
vt 0.255924 0.715708
vt 0.070639 0.541066
vt 0.874750 0.411538
vt 0.172562 0.700920
vt 0.088306 0.340263
vt 0.862678 0.451892
vt 0.637700 0.396582
vt 0.201705 0.731379
vt 0.206469 0.741426
vt 0.857036 0.520378
vt 0.627037 0.973967
vt 0.581421 0.852502
vt 0.303844 0.622855
vt 0.186240 0.285526
vt 0.105060 0.589269
vt 0.889976 0.765929
vt 0.886731 0.761176
vt 0.860679 0.470477
vt 0.584195 0.863576
vt 0.564965 0.868508
vt 0.621993 0.348558
vt 0.866206 0.016442
vt 0.630510 0.984238
vt 0.628406 0.972984
vt 0.212778 0.604925
vt 0.329743 0.648804
vt 0.331542 0.640415
vt 0.538842 0.034843
vt 0.858265 0.400428
vt 0.173325 0.302823
vt 0.177417 0.298097
vt 0.628958 0.371746
vt 0.869068 0.043817
vt 0.864074 0.030734
vt 0.231953 0.710638
vt 0.502699 0.940545
vt 0.860121 0.459347
vt 0.174337 0.320631
vt 0.264608 0.711906
vt 0.300977 0.647794
vt 0.849317 0.393041
vt 0.206996 0.691881
vt 0.213267 0.695512
vt 0.884697 0.420614
vt 0.860059 0.482384
vt 0.084550 0.347932
vt 0.855364 0.527512
vt 0.355868 0.702028
vt 0.349431 0.695024
vt 0.850017 0.542664
vt 0.981312 0.794884
vt 0.848415 0.553234
vt 0.240702 0.710336
vt 0.248189 0.665401
vt 0.585886 0.854848
vt 0.851936 0.533373
vt 0.297391 0.629206
vt 0.858671 0.490386
vt 0.567692 0.877932
vt 0.580468 0.872504
vt 0.087840 0.342447
vt 0.871432 0.416334
vt 0.237633 0.646624
vt 0.079049 0.551072
vt 0.219374 0.618319
vt 0.226942 0.631523
vt 0.908639 0.061389
vt 0.878136 0.767244
vt 0.891305 0.776895
vt 0.887440 0.768119
vt 0.891504 0.778236
vt 0.882538 0.778651
vt 0.574436 0.881096
vt 0.560463 0.882634
vt 0.073980 0.546993
vt 0.854251 0.510692
vt 0.621609 0.378853
vt 0.877849 0.777157
vt 0.573323 0.886602
vt 0.278129 0.707751
vt 0.289093 0.711337
vt 0.638180 0.410640
vt 0.100283 0.577518
vt 0.224458 0.702366
vt 0.873779 0.759052
vt 0.888149 0.780032
vt 0.878928 0.779466
vt 0.851015 0.494942
vt 0.594876 0.847812
vt 0.593737 0.853412
vt 0.184336 0.299930
vt 0.894227 0.426879
vt 0.890383 0.427594
vt 0.857203 0.455186
vt 0.333664 0.675544
vt 0.877180 0.753013
vt 0.326726 0.667531
vt 0.861308 0.465387
vt 0.882052 0.425083
vt 0.206977 0.608056
vt 0.638518 0.427622
vt 0.357168 0.710276
vt 0.360680 0.720476
vt 0.342901 0.717971
vt 0.614492 0.361596
vt 0.860004 0.755067
vt 0.626994 0.391482
vt 0.658900 0.452684
vt 0.639699 0.445333
vt 0.851350 0.520272
vt 0.320002 0.650299
vt 0.259815 0.702138
vt 0.232684 0.698542
vt 0.858433 0.465538
vt 0.862107 0.424839
vt 0.338946 0.687342
vt 0.489542 0.950110
vt 0.191184 0.586966
vt 0.102258 0.571776
vt 0.874817 0.741940
vt 0.837685 0.390380
vt 0.469609 0.942345
vt 0.884011 0.788127
vt 0.089888 0.554480
vt 0.861025 0.038917
vt 0.859561 0.018169
vt 0.811249 0.374197
vt 0.982177 0.819589
vt 0.875964 0.781360
vt 0.186877 0.310894
vt 0.177712 0.312788
vt 0.206845 0.629522
vt 0.876844 0.430515
vt 0.211114 0.737342
vt 0.252752 0.689412
vt 0.795821 0.364352
vt 0.802165 0.371033
vt 0.595073 0.867330
vt 0.225553 0.637548
vt 0.622749 0.406126
vt 0.632256 0.438001
vt 0.096952 0.559192
vt 0.818965 0.384322
vt 0.753324 0.096880
vt 0.756191 0.113332
vt 0.741661 0.097391
vt 0.853694 0.474087
vt 0.269412 0.705145
vt 0.356472 0.731494
vt 0.472984 0.956835
vt 0.871980 0.779466
vt 0.862851 0.769802
vt 0.841091 0.398915
vt 0.850857 0.508462
vt 0.345248 0.703567
vt 0.298299 0.631986
vt 0.266900 0.963836
vt 0.263660 0.961482
vt 0.269775 0.954097
vt 0.844714 0.532488
vt 0.874849 0.784655
vt 0.097763 0.565781
vt 0.844878 0.530110
vt 0.854971 0.484285
vt 0.872048 0.782026
vt 0.300753 0.660454
vt 0.591519 0.883297
vt 0.627146 0.145988
vt 0.525843 0.146304
vt 0.530904 0.129018
vt 0.236130 0.660252
vt 0.630854 0.418444
vt 0.586779 0.879281
vt 0.225264 0.643082
vt 0.889434 0.437461
vt 0.851250 0.522169
vt 0.202467 0.617589
vt 0.860217 0.783060
vt 0.501984 0.954859
vt 0.325812 0.676977
vt 0.185553 0.586233
vt 0.736944 0.109504
vt 0.726403 0.094276
vt 0.734163 0.093744
vt 0.853995 0.463230
vt 0.301039 0.637189
vt 0.318065 0.647783
vt 0.844017 0.559710
vt 0.840137 0.551251
vt 0.850253 0.403547
vt 0.079496 0.543156
vt 0.226425 0.653441
vt 0.858270 0.047436
vt 0.854593 0.046310
vt 0.856411 0.040248
vt 0.603591 0.845457
vt 0.292681 0.622669
vt 0.585899 0.889605
vt 0.862088 0.739318
vt 0.368593 0.717158
vt 0.372712 0.728690
vt 0.850159 0.493420
vt 0.218141 0.681324
vt 0.183732 0.697455
vt 0.390409 0.733248
vt 0.378603 0.731339
vt 0.193492 0.605580
vt 0.315416 0.663821
vt 0.374498 0.655742
vt 0.364477 0.671539
vt 0.366884 0.662616
vt 0.827582 0.397358
vt 0.481068 0.962266
vt 0.193711 0.612272
vt 0.374435 0.737170
vt 0.227785 0.685978
vt 0.748962 0.120847
vt 0.504486 0.941086
vt 0.504486 0.951805
vt 0.503619 0.940292
vt 0.843093 0.546556
vt 0.846348 0.539099
vt 0.328378 0.721410
vt 0.840610 0.539281
vt 0.336066 0.702118
vt 0.602897 0.368507
vt 0.868685 0.429006
vt 0.621798 0.445455
vt 0.569975 0.120160
vt 0.864115 0.786360
vt 0.847045 0.525657
vt 0.288487 0.699377
vt 0.349250 0.737647
vt 0.238456 0.679847
vt 0.297516 0.654236
vt 0.849190 0.499903
vt 0.608822 0.859011
vt 0.289536 0.652886
vt 0.628632 0.910788
vt 0.623929 0.917504
vt 0.616729 0.904433
vt 0.768982 0.119484
vt 0.341982 0.734709
vt 0.593869 0.874125
vt 0.275476 0.698479
vt 0.209080 0.648750
vt 0.326410 0.708114
vt 0.776742 0.099000
vt 0.610322 0.386267
vt 0.599488 0.355408
vt 0.608223 0.347203
vt 0.840149 0.484446
vt 0.845767 0.525819
vt 0.385120 0.657908
vt 0.339613 0.716970
vt 0.801082 0.383385
vt 0.636605 0.923200
vt 0.333706 0.687038
vt 0.837292 0.526552
vt 0.333249 0.694689
vt 0.618647 0.850745
vt 0.461572 0.964412
vt 0.358420 0.733700
vt 0.805637 0.389033
vt 0.392653 0.747024
vt 0.844862 0.750399
vt 0.845263 0.500607
vt 0.400350 0.758184
vt 0.208170 0.673273
vt 0.616245 0.421186
vt 0.733361 0.115459
vt 0.856346 0.027711
vt 0.260817 0.689747
vt 0.193132 0.625338
vt 0.392091 0.639852
vt 0.394292 0.666786
vt 0.851064 0.040317
vt 0.524721 0.747962
vt 0.530285 0.773822
vt 0.518773 0.764306
vt 0.265387 0.694875
vt 0.532055 0.752279
vt 0.538123 0.772392
vt 0.842870 0.519839
vt 0.214374 0.642366
vt 0.726144 0.110502
vt 0.231765 0.684767
vt 0.096780 0.546728
vt 0.762701 0.127596
vt 0.790016 0.375923
vt 0.609171 0.410321
vt 0.603339 0.402324
vt 0.846932 0.413930
vt 0.209252 0.664436
vt 0.851063 0.046367
vt 0.812749 0.393392
vt 0.320720 0.678768
vt 0.082069 0.336911
vt 0.815465 0.009186
vt 0.815785 0.039891
vt 0.809542 0.023955
vt 0.404482 0.663518
vt 0.838928 0.409843
vt 0.841073 0.515059
vt 0.833330 0.739552
vt 0.615863 0.867996
vt 0.857945 0.786381
vt 0.326741 0.687930
vt 0.853411 0.036728
vt 0.600567 0.887419
vt 0.824373 0.016456
vt 0.607081 0.837750
vt 0.631442 0.838013
vt 0.627636 0.926095
vt 0.166320 0.665295
vt 0.834200 0.508419
vt 0.608715 0.903999
vt 0.105819 0.561888
vt 0.180003 0.607812
vt 0.860315 0.009190
vt 0.324872 0.746543
vt 0.349008 0.743819
vt 0.195464 0.643329
vt 0.848655 0.049619
vt 0.848147 0.044783
vt 0.097378 0.543055
vt 0.288806 0.643533
vt 0.059297 0.385335
vt 0.035220 0.399127
vt 0.046482 0.384312
vt 0.837281 0.754498
vt 0.276650 0.677005
vt 0.102096 0.549945
vt 0.369523 0.741939
vt 0.834628 0.534342
vt 0.605744 0.908868
vt 0.601934 0.900720
vt 0.835545 0.548541
vt 0.381052 0.692798
vt 0.057535 0.370799
vt 0.366552 0.680726
vt 0.369510 0.681869
vt 0.608926 0.431940
vt 0.384203 0.753871
vt 0.830651 0.542433
vt 0.363921 0.743552
vt 0.351685 0.749059
vt 0.624797 0.836300
vt 0.837912 0.559245
vt 0.790277 0.116857
vt 0.787054 0.137606
vt 0.077465 0.377964
vt 0.199653 0.648497
vt 0.741587 0.120757
vt 0.824589 0.553209
vt 0.618436 0.916718
vt 0.587544 0.361844
vt 0.707844 0.149136
vt 0.727710 0.159893
vt 0.731851 0.179804
vt 0.284247 0.657533
vt 0.848096 0.788578
vt 0.260119 0.677412
vt 0.614479 0.878929
vt 0.407904 0.768978
vt 0.427869 0.755394
vt 0.582222 0.348130
vt 0.342611 0.754209
vt 0.322781 0.699194
vt 0.617540 0.860484
vt 0.507651 0.758790
vt 0.510215 0.782724
vt 0.372826 0.693364
vt 0.792535 0.385392
vt 0.826636 0.745558
vt 0.072064 0.366772
vt 0.504053 0.760527
vt 0.816420 0.780179
vt 0.609973 0.893936
vt 0.320110 0.701278
vt 0.584232 0.376888
vt 0.596498 0.904172
vt 0.844247 0.051478
vt 0.839318 0.050872
vt 0.844100 0.043829
vt 0.826417 0.412649
vt 0.467153 0.987198
vt 0.318328 0.684888
vt 0.821868 0.404974
vt 0.287435 0.666071
vt 0.826592 0.046215
vt 0.312451 0.676224
vt 0.389426 0.767447
vt 0.729052 0.122903
vt 0.834484 0.790280
vt 0.247722 0.684484
vt 0.829208 0.532997
vt 0.597347 0.415102
vt 0.853622 0.019202
vt 0.293593 0.660956
vt 0.538359 0.790283
vt 0.368977 0.693163
vt 0.496572 0.766591
vt 0.612374 0.925678
vt 0.494758 0.783148
vt 0.486237 0.761885
vt 0.850411 0.035794
vt 0.404745 0.652096
vt 0.423908 0.675958
vt 0.759273 0.132404
vt 0.828085 0.529866
vt 0.784017 0.898669
vt 0.785509 0.875171
vt 0.789602 0.883324
vt 0.856127 0.427827
vt 0.851410 0.030011
vt 0.520663 0.784116
vt 0.370521 0.762998
vt 0.180385 0.633510
vt 0.775069 0.890638
vt 0.103368 0.545448
vt 0.584717 0.370767
vt 0.298318 0.679456
vt 0.611174 0.454350
vt 0.845530 0.430062
vt 0.591033 0.394893
vt 0.823413 0.545173
vt 0.591791 0.386106
vt 0.604751 0.927874
vt 0.597412 0.910388
vt 0.752547 0.888102
vt 0.759477 0.881931
vt 0.586522 0.907334
vt 0.586310 0.891683
vt 0.815219 0.766118
vt 0.734740 0.900483
vt 0.739942 0.878993
vt 0.748756 0.892137
vt 0.845486 0.038324
vt 0.745770 0.135189
vt 0.568086 0.355728
vt 0.391458 0.694326
vt 0.313529 0.750938
vt 0.331565 0.766264
vt 0.857535 0.008496
vt 0.314212 0.695898
vt 0.809475 0.410424
vt 0.814011 0.735641
vt 0.305579 0.689940
vt 0.624841 0.852549
vt 0.292020 0.671526
vt 0.629754 0.942932
vt 0.622596 0.937901
vt 0.186047 0.678190
vt 0.524986 0.791824
vt 0.741313 0.179592
vt 0.342808 0.766476
vt 0.403990 0.716985
vt 0.725784 0.890755
vt 0.809529 0.895090
vt 0.814921 0.871253
vt 0.833506 0.425869
vt 0.773864 0.871574
vt 0.187548 0.661523
vt 0.351616 0.760095
vt 0.449636 0.669121
vt 0.449812 0.675416
vt 0.434031 0.679791
vt 0.378400 0.701426
vt 0.374825 0.705287
vt 0.800054 0.053631
vt 0.416092 0.684491
vt 0.181334 0.655202
vt 0.735685 0.213996
vt 0.612589 0.892035
vt 0.795871 0.403343
vt 0.583299 0.403104
vt 0.443056 0.653870
vt 0.045365 0.374128
vt 0.750199 0.208972
vt 0.852464 0.007131
vt 0.571843 0.363657
vt 0.502704 0.793527
vt 0.583678 0.441307
vt 0.481789 0.792676
vt 0.538329 0.806612
vt 0.573347 0.346547
vt 0.630184 0.859908
vt 0.609625 0.933022
vt 0.848695 0.027677
vt 0.842489 0.042042
vt 0.446479 0.683377
vt 0.472293 0.770793
vt 0.733526 0.157681
vt 0.639680 0.831431
vt 0.640400 0.836512
vt 0.792465 0.870617
vt 0.574789 0.904567
vt 0.578105 0.888562
vt 0.368503 0.781793
vt 0.752759 0.136601
vt 0.802109 0.670661
vt 0.815106 0.669524
vt 0.801956 0.676467
vt 0.566400 0.892729
vt 0.563929 0.900527
vt 0.469124 0.780142
vt 0.453261 0.772426
vt 0.293970 0.688730
vt 0.785894 0.401719
vt 0.776742 0.398152
vt 0.778822 0.141893
vt 0.611622 0.941223
vt 0.728010 0.885462
vt 0.849137 0.020734
vt 0.586935 0.926630
vt 0.519691 0.794098
vt 0.283987 0.676219
vt 0.838133 0.043451
vt 0.378041 0.783783
vt 0.655342 0.837194
vt 0.800031 0.862800
vt 0.451839 0.677642
vt 0.817390 0.415273
vt 0.747153 0.866391
vt 0.401580 0.793232
vt 0.425260 0.687230
vt 0.734890 0.133360
vt 0.630915 0.956689
vt 0.624923 0.956348
vt 0.357286 0.776020
vt 0.584371 0.428647
vt 0.787104 0.142743
vt 0.713807 0.897690
vt 0.711422 0.880667
vt 0.295501 0.703086
vt 0.844783 0.030824
vt 0.312759 0.717629
vt 0.305028 0.755870
vt 0.319281 0.773530
vt 0.574746 0.384369
vt 0.582380 0.413355
vt 0.463160 0.792581
vt 0.456220 0.790810
vt 0.283465 0.664789
vt 0.805585 0.662460
vt 0.388648 0.706704
vt 0.632131 0.869362
vt 0.631368 0.881854
vt 0.356735 0.782542
vt 0.594832 0.923910
vt 0.571821 0.373249
vt 0.491825 0.800704
vt 0.789346 0.759605
vt 0.558014 0.896348
vt 0.614033 0.947298
vt 0.619639 0.884294
vt 0.334655 0.771827
vt 0.475617 0.792172
vt 0.841349 0.032145
vt 0.412959 0.785123
vt 0.822548 0.673064
vt 0.304062 0.710359
vt 0.296758 0.694911
vt 0.173138 0.647448
vt 0.646375 0.827495
vt 0.572135 0.395742
vt 0.797896 0.762547
vt 0.619607 0.897907
vt 0.838531 0.034391
vt 0.760181 0.870181
vt 0.578600 0.422932
vt 0.056770 0.359967
vt 0.776197 0.149818
vt 0.571904 0.914439
vt 0.634295 0.863869
vt 0.597058 0.935017
vt 0.428733 0.701286
vt 0.188421 0.672812
vt 0.507370 0.798345
vt 0.820624 0.659791
vt 0.775988 0.853421
vt 0.279897 0.655270
vt 0.384892 0.717162
vt 0.801703 0.655501
vt 0.743187 0.157598
vt 0.536343 0.888700
vt 0.550486 0.893419
vt 0.542342 0.900283
vt 0.566041 0.909277
vt 0.579230 0.921681
vt 0.797954 0.637185
vt 0.799836 0.626757
vt 0.804623 0.636184
vt 0.520259 0.809864
vt 0.480051 0.905632
vt 0.461597 0.912484
vt 0.450408 0.907735
vt 0.069118 0.354687
vt 0.478998 0.803276
vt 0.723224 0.863974
vt 0.801131 0.647083
vt 0.638541 0.898420
vt 0.994526 0.800541
vt 0.995342 0.809866
vt 0.994631 0.824079
vt 0.748365 0.143076
vt 0.742376 0.870487
vt 0.610007 0.974657
vt 0.552464 0.904592
vt 0.849210 0.012325
vt 0.808420 0.789380
vt 0.635928 0.961479
vt 0.539512 0.818173
vt 0.439838 0.699040
vt 0.844866 0.018121
vt 0.651713 0.855936
vt 0.632946 0.883593
vt 0.627694 0.889062
vt 0.802760 0.848924
vt 0.526570 0.888696
vt 0.525673 0.807333
vt 0.789716 0.620715
vt 0.810051 0.618660
vt 0.812491 0.649453
vt 0.288106 0.697180
vt 0.790018 0.158554
vt 0.346602 0.783845
vt 0.385357 0.730781
vt 0.570898 0.411224
vt 0.328589 0.781929
vt 0.655273 0.819325
vt 0.581386 0.937134
vt 0.789050 0.585893
vt 0.801787 0.586303
vt 0.793804 0.602543
vt 0.478020 0.920107
vt 0.456521 0.923328
vt 0.466993 0.915168
vt 0.603513 0.957608
vt 0.343066 0.794085
vt 0.358505 0.799961
vt 0.452561 0.710426
vt 0.315952 0.783654
vt 0.306952 0.781534
vt 0.834493 0.666509
vt 0.781195 0.843129
vt 0.642208 0.871670
vt 0.768600 0.149869
vt 0.760577 0.206480
vt 0.758318 0.148367
vt 0.456818 0.819274
vt 0.446856 0.808211
vt 0.393050 0.727826
vt 0.597635 0.950744
vt 0.753740 0.181423
vt 0.843993 0.670761
vt 0.842426 0.677725
vt 0.788375 0.573317
vt 0.540426 0.909839
vt 0.800850 0.613150
vt 0.398996 0.721857
vt 0.741976 0.148454
vt 0.753808 0.157905
vt 0.043101 0.366565
vt 0.085501 0.353789
vt 0.076388 0.350694
vt 0.806117 0.573984
vt 0.735403 0.844951
vt 0.379583 0.798087
vt 0.503182 0.813878
vt 0.817487 0.637993
vt 0.798338 0.793234
vt 0.798679 0.161102
vt 0.739192 0.140859
vt 0.817520 0.624745
vt 0.813161 0.602539
vt 0.415618 0.714463
vt 0.522705 0.901694
vt 0.568325 0.925957
vt 0.491483 0.812177
vt 0.322925 0.795184
vt 0.529286 0.825115
vt 0.296548 0.788380
vt 0.312706 0.802956
vt 0.753515 0.839789
vt 0.475814 0.822980
vt 0.639841 0.897348
vt 0.053768 0.353543
vt 0.438848 0.717602
vt 0.845722 0.013193
vt 0.558285 0.917724
vt 0.762840 0.153777
vt 0.651138 0.884490
vt 0.277217 0.686869
vt 0.752820 0.153418
vt 0.840160 0.018100
vt 0.514282 0.819516
vt 0.746652 0.149125
vt 0.523985 0.835156
vt 0.845771 0.005767
vt 0.428420 0.719726
vt 0.529147 0.910386
vt 0.821821 0.589523
vt 0.663155 0.834954
vt 0.758814 0.175748
vt 0.365928 0.803582
vt 0.829824 0.649827
vt 0.834029 0.656370
vt 0.394075 0.808819
vt 0.824912 0.641681
vt 0.797248 0.832383
vt 0.506238 0.835104
vt 0.319686 0.800718
vt 0.787079 0.162981
vt 0.836371 0.026799
vt 0.657513 0.858888
vt 0.398758 0.734487
vt 0.822708 0.626731
vt 0.668622 0.817867
vt 0.651307 0.878394
vt 0.345361 0.801272
vt 0.334240 0.801147
vt 0.842910 0.014137
vt 0.589242 0.944344
vt 0.760001 0.842410
vt 0.548451 0.924875
vt 0.546384 0.834209
vt 0.533892 0.831887
vt 0.835676 0.033692
vt 0.519810 0.840513
vt 0.770317 0.162091
vt 0.463833 0.931300
vt 0.458569 0.935219
vt 0.446514 0.927875
vt 0.818798 0.610221
vt 0.823853 0.580857
vt 0.714877 0.850375
vt 0.777335 0.161369
vt 0.165838 0.027814
vt 0.165172 0.011888
vt 0.170033 0.027402
vt 0.827377 0.635224
vt 0.571887 0.936253
vt 0.454995 0.928148
vt 0.463996 0.926437
vt 0.493564 0.832308
vt 0.450761 0.911104
vt 0.849024 0.665633
vt 0.556585 0.927906
vt 0.371183 0.818269
vt 0.769185 0.202088
vt 0.327697 0.811450
vt 0.774380 0.827741
vt 0.727713 0.829903
vt 0.066790 0.349897
vt 0.594768 0.954225
vt 0.785722 0.828272
vt 0.083063 0.346686
vt 0.076078 0.346229
vt 0.439509 0.736663
vt 0.838250 0.019173
vt 0.538076 0.917060
vt 0.464996 0.951768
vt 0.854176 0.659338
vt 0.514573 0.913518
vt 0.445773 0.918419
vt 0.598992 0.962535
vt 0.352393 0.816808
vt 0.318187 0.813419
vt 0.579313 0.945660
vt 0.172592 0.016735
vt 0.127585 0.781649
vt 0.149544 0.786114
vt 0.139204 0.789195
vt 0.134587 0.768744
vt 0.153524 0.783279
vt 0.671306 0.842490
vt 0.842335 0.009042
vt 0.082914 0.342914
vt 0.541746 0.850623
vt 0.855607 0.648633
vt 0.765869 0.173466
vt 0.447577 0.743466
vt 0.455559 0.738048
vt 0.682611 0.820027
vt 0.307489 0.816301
vt 0.670259 0.897152
vt 0.038358 0.361675
vt 0.765219 0.185408
vt 0.759096 0.157129
vt 0.459122 0.838271
vt 0.471389 0.750219
vt 0.381286 0.819177
vt 0.829251 0.617544
vt 0.485307 0.842397
vt 0.478770 0.018682
vt 0.484577 0.006994
vt 0.493668 0.007085
vt 0.528874 0.918848
vt 0.867039 0.666492
vt 0.860324 0.676288
vt 0.841110 0.638251
vt 0.796166 0.814200
vt 0.833764 0.603243
vt 0.485418 0.029021
vt 0.483718 0.036400
vt 0.495083 0.031531
vt 0.589086 0.964635
vt 0.761328 0.824951
vt 0.453140 0.946709
vt 0.337544 0.813551
vt 0.672322 0.864043
vt 0.786074 0.170550
vt 0.063440 0.346280
vt 0.382353 0.822487
vt 0.363302 0.828585
vt 0.074501 0.342298
vt 0.044455 0.350684
vt 0.799275 0.815851
vt 0.443886 0.899236
vt 0.450982 0.889163
vt 0.532274 0.849316
vt 0.375092 0.821551
vt 0.600703 0.969326
vt 0.837204 0.627764
vt 0.866969 0.661089
vt 0.494477 0.015801
vt 0.784927 0.814673
vt 0.774186 0.815805
vt 0.833030 0.023673
vt 0.179461 0.013475
vt 0.179347 0.029932
vt 0.681088 0.887738
vt 0.169657 0.010103
vt 0.831816 0.593135
vt 0.052345 0.346802
vt 0.564254 0.947556
vt 0.447964 0.841002
vt 0.500360 0.019074
vt 0.832246 0.572791
vt 0.772770 0.168602
vt 0.080590 0.337574
vt 0.503350 0.840730
vt 0.474221 0.841117
vt 0.835107 0.018140
vt 0.837462 0.009060
vt 0.676388 0.844358
vt 0.835679 0.013854
vt 0.770304 0.180381
vt 0.826613 0.560877
vt 0.845473 0.621280
vt 0.550960 0.935297
vt 0.578289 0.958232
vt 0.769412 0.166683
vt 0.861577 0.652729
vt 0.447136 0.950398
vt 0.439383 0.938564
vt 0.779783 0.173226
vt 0.175148 0.038811
vt 0.346686 0.825586
vt 0.438657 0.917665
vt 0.438021 0.904694
vt 0.494034 0.846672
vt 0.434596 0.890426
vt 0.776275 0.200752
vt 0.772228 0.216288
vt 0.805120 0.796653
vt 0.069970 0.339220
vt 0.123849 0.808445
vt 0.158523 0.776555
vt 0.165227 0.786595
vt 0.715876 0.831184
vt 0.728502 0.814217
vt 0.797049 0.794106
vt 0.556452 0.942319
vt 0.851461 0.638780
vt 0.573247 0.952777
vt 0.858043 0.628831
vt 0.740376 0.809557
vt 0.338019 0.826449
vt 0.519196 0.921123
vt 0.516391 0.929009
vt 0.875984 0.667974
vt 0.878853 0.673726
vt 0.767186 0.804552
vt 0.331907 0.829494
vt 0.539077 0.936021
vt 0.544592 0.938248
vt 0.367122 0.836025
vt 0.436379 0.913112
vt 0.517662 0.857606
vt 0.031839 0.342842
vt 0.782506 0.797846
vt 0.475911 0.860670
vt 0.844589 0.606754
vt 0.855191 0.615949
vt 0.775330 0.174729
vt 0.183172 0.026427
vt 0.184180 0.006364
vt 0.189758 0.014970
vt 0.319322 0.828541
vt 0.145681 0.808380
vt 0.686569 0.848277
vt 0.161053 0.796199
vt 0.870102 0.653133
vt 0.462317 0.856120
vt 0.450074 0.856873
vt 0.181440 0.046854
vt 0.777555 0.182773
vt 0.844901 0.587704
vt 0.423661 0.892715
vt 0.862094 0.641912
vt 0.502291 0.025354
vt 0.544073 0.861939
vt 0.852566 0.599213
vt 0.089238 0.329998
vt 0.083491 0.333376
vt 0.083813 0.329310
vt 0.680060 0.864260
vt 0.447040 0.961445
vt 0.429376 0.957230
vt 0.042258 0.342555
vt 0.051161 0.342544
vt 0.465938 0.860633
vt 0.071237 0.333653
vt 0.525846 0.937927
vt 0.830345 0.011821
vt 0.195446 0.006333
vt 0.187186 0.043592
vt 0.556676 0.951516
vt 0.526830 0.859758
vt 0.843331 0.574310
vt 0.686898 0.856795
vt 0.578905 0.969876
vt 0.502944 0.863927
vt 0.486813 0.862420
vt 0.134606 0.814391
vt 0.361596 0.846117
vt 0.174335 0.782353
vt 0.890529 0.664278
vt 0.899220 0.671538
vt 0.867544 0.647636
vt 0.688842 0.844521
vt 0.430393 0.909713
vt 0.055759 0.337649
vt 0.349696 0.848501
vt 0.504196 0.004633
vt 0.439343 0.967861
vt 0.509579 0.018433
vt 0.793747 0.782939
vt 0.044931 0.337830
vt 0.781277 0.781952
vt 0.537535 0.946627
vt 0.193521 0.031163
vt 0.782917 0.188811
vt 0.558726 0.958404
vt 0.185647 0.793965
vt 0.130912 0.816587
vt 0.141967 0.821096
vt 0.527368 0.870757
vt 0.432833 0.945368
vt 0.086609 0.325390
vt 0.868873 0.622364
vt 0.037891 0.336004
vt 0.425315 0.926679
vt 0.544244 0.876577
vt 0.788480 0.208624
vt 0.337498 0.848994
vt 0.423658 0.918398
vt 0.415657 0.908031
vt 0.424826 0.941757
vt 0.464011 0.872120
vt 0.573680 0.970137
vt 0.163660 0.804724
vt 0.889543 0.650328
vt 0.876843 0.640781
vt 0.692052 0.875432
vt 0.859645 0.561797
vt 0.857344 0.574519
vt 0.762613 0.791624
vt 0.761762 0.792646
vt 0.545626 0.951560
vt 0.073284 0.325857
vt 0.779150 0.774851
vt 0.196835 0.017626
vt 0.569997 0.963217
vt 0.784491 0.175544
vt 0.870550 0.628043
vt 0.860764 0.609966
vt 0.799950 0.772338
vt 0.084351 0.321650
vt 0.094198 0.318828
vt 0.069127 0.331879
vt 0.698751 0.847677
vt 0.056938 0.333806
vt 0.160984 0.818520
vt 0.136161 0.832798
vt 0.127728 0.824488
vt 0.791798 0.198105
vt 0.740286 0.785277
vt 0.690366 0.900471
vt 0.494538 0.876033
vt 0.193897 0.051022
vt 0.698225 0.861038
vt 0.532461 0.883124
vt 0.510433 0.872433
vt 0.422665 0.963574
vt 0.790583 0.187266
vt 0.418548 0.891343
vt 0.193903 0.789017
vt 0.185048 0.803046
vt 0.896100 0.658235
vt 0.198863 0.000650
vt 0.201303 0.012462
vt 0.195714 0.041396
vt 0.792937 0.172294
vt 0.743031 0.777290
vt 0.717441 0.796045
vt 0.081532 0.318207
vt 0.539498 0.951614
vt 0.478101 0.876285
vt 0.698608 0.889285
vt 0.518949 0.948645
vt 0.868787 0.597440
vt 0.504502 0.874279
vt 0.873397 0.612796
vt 0.065488 0.323600
vt 0.176195 0.807883
vt 0.044354 0.332293
vt 0.524998 0.883454
vt 0.516285 0.935997
vt 0.125051 0.843127
vt 0.137193 0.846188
vt 0.909918 0.667732
vt 0.880964 0.576482
vt 0.093665 0.311622
vt 0.408321 0.875494
vt 0.406897 0.895552
vt 0.880995 0.633431
vt 0.183684 0.814748
vt 0.517100 0.891315
vt 0.058883 0.326969
vt 0.890249 0.638077
vt 0.413015 0.923005
vt 0.877174 0.568970
vt 0.209129 0.791974
vt 0.203927 0.806406
vt 0.759822 0.771986
vt 0.895390 0.649304
vt 0.154033 0.827694
vt 0.200879 0.024216
vt 0.395399 0.885681
vt 0.190385 0.806928
vt 0.539313 0.964050
vt 0.704685 0.873414
vt 0.531166 0.956865
vt 0.414530 0.934865
vt 0.891201 0.620461
vt 0.748541 0.762638
vt 0.414557 0.952676
vt 0.463410 0.890958
vt 0.444498 0.886974
vt 0.046245 0.326838
vt 0.482937 0.894144
vt 0.201237 0.033557
vt 0.030852 0.331226
vt 0.125373 0.857894
vt 0.134799 0.855624
vt 0.694973 0.898720
vt 0.412660 0.943700
vt 0.722269 0.776817
vt 0.524832 0.959243
vt 0.510288 0.895908
vt 0.794136 0.195001
vt 0.036525 0.326740
vt 0.418778 0.964874
vt 0.406901 0.918764
vt 0.180892 0.821570
vt 0.470849 0.892930
vt 0.146325 0.842140
vt 0.772241 0.763999
vt 0.886919 0.587875
vt 0.891108 0.604345
vt 0.075142 0.321227
vt 0.738556 0.762752
vt 0.211344 0.801848
vt 0.158813 0.838665
vt 0.900192 0.632470
vt 0.802217 0.203371
vt 0.138394 0.846831
vt 0.211473 0.004982
vt 0.217807 0.004192
vt 0.209957 0.018544
vt 0.551101 0.449814
vt 0.536309 0.466138
vt 0.534739 0.457871
vt 0.222749 0.799476
vt 0.228390 0.809525
vt 0.395014 0.899304
vt 0.545056 0.974660
vt 0.799362 0.166644
vt 0.808054 0.166631
vt 0.141787 0.846779
vt 0.206104 0.034510
vt 0.800468 0.189795
vt 0.534347 0.448878
vt 0.544616 0.438161
vt 0.803357 0.185222
vt 0.888417 0.562062
vt 0.536835 0.391526
vt 0.548697 0.398614
vt 0.545244 0.402967
vt 0.205655 0.809793
vt 0.134469 0.869970
vt 0.405809 0.964286
vt 0.400796 0.917317
vt 0.056941 0.317048
vt 0.390055 0.887183
vt 0.710561 0.899589
vt 0.242432 0.189752
vt 0.229549 0.195700
vt 0.219367 0.183566
vt 0.168848 0.835342
vt 0.535032 0.440848
vt 0.540919 0.431521
vt 0.804481 0.174844
vt 0.527947 0.465603
vt 0.193302 0.813868
vt 0.401185 0.935580
vt 0.077290 0.316901
vt 0.036373 0.323386
vt 0.212297 0.812599
vt 0.401355 0.953532
vt 0.522997 0.974637
vt 0.514358 0.952899
vt 0.064118 0.321114
vt 0.236334 0.800460
vt 0.226450 0.815441
vt 0.403140 0.941862
vt 0.235860 0.812414
vt 0.219996 0.191467
vt 0.044233 0.322089
vt 0.191745 0.826505
vt 0.381572 0.883461
vt 0.387613 0.875098
vt 0.239139 0.206044
vt 0.227316 0.203528
vt 0.248044 0.199971
vt 0.813647 0.167528
vt 0.807750 0.203126
vt 0.529688 0.471852
vt 0.509097 0.466332
vt 0.813264 0.166296
vt 0.544156 0.409829
vt 0.526753 0.411326
vt 0.183701 0.827464
vt 0.215145 0.033673
vt 0.063847 0.312482
vt 0.212205 0.188544
vt 0.527591 0.424923
vt 0.902710 0.616480
vt 0.526688 0.455995
vt 0.809026 0.190837
vt 0.146682 0.867343
vt 0.159529 0.853934
vt 0.174970 0.843486
vt 0.201513 0.188783
vt 0.229821 0.208869
vt 0.216643 0.829490
vt 0.368487 0.880883
vt 0.188510 0.836688
vt 0.530799 0.387784
vt 0.527423 0.402818
vt 0.806857 0.193982
vt 0.910207 0.566174
vt 0.902235 0.581692
vt 0.207935 0.035769
vt 0.030422 0.318240
vt 0.037340 0.319027
vt 0.394200 0.938706
vt 0.519375 0.395698
vt 0.237924 0.221354
vt 0.378442 0.900083
vt 0.909370 0.605546
vt 0.521258 0.449715
vt 0.229849 0.828185
vt 0.523637 0.431344
vt 0.249066 0.232734
vt 0.231798 0.232071
vt 0.219131 0.208668
vt 0.253568 0.248043
vt 0.239559 0.254896
vt 0.522402 0.438786
vt 0.390902 0.914980
vt 0.173656 0.856959
vt 0.170300 0.844334
vt 0.811945 0.172790
vt 0.511267 0.455233
vt 0.172103 0.846672
vt 0.230362 0.246889
vt 0.135222 0.882965
vt 0.223930 0.215391
vt 0.514247 0.402913
vt 0.502318 0.481547
vt 0.496410 0.473734
vt 0.165951 0.868755
vt 0.813064 0.182599
vt 0.818498 0.198163
vt 0.373964 0.898525
vt 0.383347 0.919831
vt 0.224450 0.225773
vt 0.148328 0.877006
vt 0.203346 0.842427
vt 0.510842 0.413452
vt 0.211013 0.199249
vt 0.382230 0.908119
vt 0.046283 0.315154
vt 0.382337 0.948799
vt 0.198852 0.180573
vt 0.199903 0.194400
vt 0.182642 0.184483
vt 0.191819 0.192756
vt 0.366647 0.898203
vt 0.508685 0.432930
vt 0.232985 0.270016
vt 0.214303 0.274283
vt 0.392116 0.961566
vt 0.379591 0.954168
vt 0.510843 0.425918
vt 0.509755 0.444588
vt 0.205400 0.204986
vt 0.218808 0.839294
vt 0.488127 0.485708
vt 0.212217 0.252430
vt 0.218933 0.230514
vt 0.493383 0.464401
vt 0.170693 0.184555
vt 0.038328 0.312977
vt 0.184068 0.848990
vt 0.032703 0.311612
vt 0.508074 0.394662
vt 0.164160 0.875643
vt 0.161450 0.179496
vt 0.162926 0.191051
vt 0.148922 0.189890
vt 0.371492 0.914599
vt 0.160059 0.889481
vt 0.193974 0.203657
vt 0.198343 0.861437
vt 0.142348 0.178353
vt 0.206753 0.845948
vt 0.208780 0.245264
vt 0.379217 0.934696
vt 0.493117 0.459307
vt 0.182142 0.201167
vt 0.504883 0.406874
vt 0.207557 0.255895
vt 0.475777 0.485205
vt 0.482154 0.472816
vt 0.502678 0.434336
vt 0.152034 0.198243
vt 0.206026 0.220883
vt 0.203532 0.214906
vt 0.176888 0.194912
vt 0.367444 0.925965
vt 0.491847 0.415490
vt 0.187698 0.866552
vt 0.182019 0.868111
vt 0.375998 0.943883
vt 0.367589 0.935852
vt 0.998328 0.637799
vt 0.998328 0.666152
vt 0.996099 0.653188
vt 0.498164 0.423153
vt 0.176002 0.874294
vt 0.497015 0.452244
vt 0.169122 0.199835
vt 0.363469 0.915909
vt 0.485590 0.464251
vt 0.466876 0.489345
vt 0.473145 0.478670
vt 0.195892 0.208656
vt 0.171484 0.893674
vt 0.215187 0.858434
vt 0.362289 0.909687
vt 0.184087 0.204648
vt 0.480756 0.395350
vt 0.488341 0.406590
vt 0.471406 0.403650
vt 0.198492 0.272382
vt 0.459666 0.483581
vt 0.350703 0.915416
vt 0.193152 0.222784
vt 0.195739 0.232135
vt 0.490307 0.433975
vt 0.188489 0.260113
vt 0.471066 0.469214
vt 0.369265 0.953052
vt 0.480709 0.417833
vt 0.195638 0.876500
vt 0.166581 0.212202
vt 0.459810 0.476518
vt 0.475241 0.450829
vt 0.191853 0.250600
vt 0.457911 0.394520
vt 0.458351 0.403026
vt 0.444794 0.403592
vt 0.149037 0.203729
vt 0.184970 0.900963
vt 0.349458 0.922318
vt 0.465105 0.416415
vt 0.363585 0.935336
vt 0.436916 0.387048
vt 0.423063 0.410627
vt 0.472652 0.428530
vt 0.464253 0.470767
vt 0.191428 0.275464
vt 0.180265 0.260326
vt 0.185827 0.231752
vt 0.458363 0.414465
vt 0.461978 0.467782
vt 0.170688 0.224061
vt 0.356573 0.950109
vt 0.438223 0.408495
vt 0.478841 0.439953
vt 0.177252 0.226061
vt 0.142316 0.209092
vt 0.445003 0.411502
vt 0.441482 0.421993
vt 0.347710 0.942112
vt 0.168746 0.280613
vt 0.156762 0.263198
vt 0.175112 0.243232
vt 0.151423 0.223639
vt 0.454084 0.426241
vt 0.449863 0.453966
vt 0.170341 0.257707
vt 0.149228 0.275728
vt 0.141063 0.261381
vt 0.456639 0.441939
vt 0.446290 0.460275
vt 0.160310 0.235803
vt 0.166368 0.243413
vt 0.448779 0.449822
vt 0.444335 0.429094
vt 0.152216 0.241582
vt 0.145331 0.227007
vt 0.438367 0.445029
vt 0.143915 0.230384
s 1
usemtl Material
f 4597/1/1 2587/2/2 2588/3/3
f 4597/4/1 2588/5/3 2589/6/4
f 2589/7/4 2590/8/5 4597/1/1
f 2587/9/2 4598/10/6 2588/5/3
f 2589/7/4 2591/11/7 2590/8/5
f 4597/1/1 2590/8/5 2592/12/8
f 2587/2/2 4597/1/1 2593/13/9
f 4598/10/6 2587/9/2 2594/14/10
f 2588/5/3 4599/15/11 2589/6/4
f 4597/1/1 2592/12/8 2593/13/9
f 4599/15/11 2588/5/3 4600/16/12
f 2588/5/3 4598/10/6 4600/16/12
f 2594/17/10 2587/2/2 2595/18/13
f 2587/2/2 2593/13/9 2595/18/13
f 2594/19/10 2595/20/13 4602/21/14
f 2592/12/8 2596/22/15 2593/13/9
f 2594/14/10 4601/23/16 4598/10/6
f 2594/14/10 4602/24/14 4601/23/16
f 2591/25/7 2589/6/4 2599/26/17
f 2590/8/5 2597/27/18 2592/12/8
f 2589/6/4 4599/15/11 2599/26/17
f 4599/15/11 4600/16/12 4603/28/19
f 2591/11/7 2598/29/20 2590/8/5
f 2591/11/7 2599/30/17 2598/29/20
f 4598/10/6 4601/23/16 4604/31/21
f 4599/15/11 4605/32/22 2599/26/17
f 2590/8/5 2600/33/23 2597/27/18
f 2593/13/9 2596/22/15 2595/18/13
f 4598/10/6 4606/34/24 4600/16/12
f 4598/10/6 4604/31/21 4606/34/24
f 4599/15/11 4603/28/19 4605/32/22
f 2592/12/8 2597/27/18 2601/35/25
f 2599/26/17 4605/32/22 4607/36/26
f 2590/8/5 2598/29/20 2602/37/27
f 2596/22/15 2592/12/8 2601/35/25
f 2590/8/5 2602/37/27 2600/33/23
f 2598/29/20 2599/30/17 4609/38/28
f 4602/24/14 4608/39/29 4601/23/16
f 2599/26/17 4607/36/26 4609/40/28
f 4600/16/12 4606/34/24 4610/41/30
f 4602/21/14 2595/20/13 4541/42/31
f 4605/32/22 4611/43/32 4607/36/26
f 4601/23/16 4612/44/33 4604/31/21
f 4600/16/12 4610/41/30 4603/28/19
f 2596/22/15 2601/35/25 2435/45/34
f 2597/27/18 2600/33/23 2603/46/35
f 4605/32/22 4603/28/19 4611/43/32
f 2600/33/23 2602/37/27 2603/46/35
f 4604/31/21 4613/47/36 4606/34/24
f 2597/27/18 2604/48/37 2601/35/25
f 4601/23/16 4608/39/29 4612/44/33
f 4607/36/26 4614/49/38 4609/40/28
f 2601/35/25 2604/48/37 2435/45/34
f 4541/50/31 4608/51/29 4602/52/14
f 4541/50/31 4542/53/39 4608/51/29
f 4606/34/24 4615/54/40 4610/41/30
f 4604/31/21 4612/44/33 4616/55/41
f 4613/47/36 4604/31/21 4616/55/41
f 4610/41/30 4617/56/42 4603/28/19
f 4607/36/26 4611/43/32 4618/57/43
f 2598/29/20 2605/58/44 2602/37/27
f 4607/36/26 4618/57/43 4614/49/38
f 2595/20/13 2596/59/15 2434/60/45
f 4614/49/38 4618/57/43 4619/61/46
f 4606/34/24 4620/62/47 4615/54/40
f 4603/28/19 4617/56/42 4611/43/32
f 2598/29/20 2606/63/48 2605/58/44
f 2597/27/18 2603/46/35 2604/48/37
f 2598/29/20 4609/38/28 2606/63/48
f 2602/37/27 2605/58/44 2603/46/35
f 2604/48/37 2607/64/49 2435/45/34
f 2596/59/15 2435/65/34 2434/60/45
f 2595/20/13 2434/60/45 2436/66/50
f 4609/40/28 4614/49/38 4619/61/46
f 4608/51/29 4543/67/51 4612/68/33
f 4612/44/33 4543/69/51 4616/55/41
f 2606/63/48 4609/38/28 2608/70/52
f 4541/42/31 2595/20/13 2436/66/50
f 4613/47/36 4620/62/47 4606/34/24
f 4617/56/42 4621/71/53 4611/43/32
f 4611/43/32 4622/72/54 4618/57/43
f 4609/38/28 4619/73/46 2608/70/52
f 4542/53/39 4544/74/55 4608/51/29
f 4610/41/30 4623/75/56 4617/56/42
f 4610/41/30 4615/54/40 4623/75/56
f 2436/66/50 2437/76/57 4541/42/31
f 4608/51/29 4544/74/55 4543/67/51
f 4616/55/41 4624/77/58 4613/47/36
f 4611/43/32 4621/71/53 4622/72/54
f 2603/46/35 2609/78/59 2604/48/37
f 2435/45/34 2607/64/49 2438/79/60
f 2435/65/34 2438/80/60 2439/81/61
f 4618/57/43 4622/72/54 4619/61/46
f 4541/42/31 4546/82/62 4542/83/39
f 2435/65/34 2439/81/61 2434/60/45
f 4624/77/58 4616/55/41 4549/84/63
f 4620/62/47 4625/85/64 4615/54/40
f 4624/77/58 4620/62/47 4613/47/36
f 4541/42/31 2437/76/57 4546/82/62
f 2438/80/60 2619/86/65 2439/81/61
f 2603/46/35 2605/58/44 2610/87/66
f 4619/61/46 2613/88/67 2608/89/52
f 2606/63/48 2608/70/52 2611/90/68
f 2603/46/35 2612/91/69 2609/78/59
f 2434/60/45 2439/81/61 2440/92/70
f 2607/64/49 2604/48/37 2609/78/59
f 4617/56/42 4623/75/56 4621/71/53
f 4615/54/40 4626/93/71 4623/75/56
f 4543/67/51 4545/94/72 4616/95/41
f 2606/63/48 2611/90/68 2605/58/44
f 4546/96/62 4547/97/73 4542/53/39
f 4616/55/41 4545/98/72 4549/84/63
f 4619/61/46 4622/72/54 4627/99/74
f 2608/70/52 2613/100/67 4634/101/75
f 2434/60/45 2440/92/70 2436/66/50
f 2605/58/44 2614/102/76 2610/87/66
f 4542/53/39 4547/97/73 4544/74/55
f 2603/46/35 2610/87/66 2612/91/69
f 4615/54/40 4625/85/64 4626/93/71
f 4624/77/58 4628/103/77 4620/62/47
f 4621/71/53 4623/75/56 4629/104/78
f 4627/99/74 2613/88/67 4619/61/46
f 4543/67/51 4544/74/55 4545/94/72
f 2608/70/52 4634/101/75 2615/105/79
f 2439/81/61 2619/86/65 2440/92/70
f 4621/71/53 4630/106/80 4622/72/54
f 2608/70/52 2615/105/79 2611/90/68
f 2607/64/49 2616/107/81 2438/79/60
f 2605/58/44 2611/90/68 2617/108/82
f 2609/78/59 2618/109/83 2607/64/49
f 2438/79/60 2616/107/81 2619/110/65
f 4625/85/64 4620/62/47 4631/111/84
f 4627/99/74 4622/72/54 4632/112/85
f 4623/75/56 4626/93/71 4633/113/86
f 4546/96/62 2443/114/87 4547/97/73
f 4624/77/58 4550/115/88 4628/103/77
f 2605/58/44 2617/108/82 2614/102/76
f 4622/72/54 4630/106/80 4632/112/85
f 4624/77/58 4549/84/63 4550/115/88
f 2618/109/83 2620/116/89 2607/64/49
f 2619/86/65 2441/117/90 2440/92/70
f 4623/75/56 4633/113/86 4629/104/78
f 4546/82/62 2442/118/91 2443/119/87
f 2436/66/50 2444/120/92 2437/76/57
f 2437/76/57 2442/118/91 4546/82/62
f 2616/107/81 2607/64/49 2620/116/89
f 4620/62/47 4628/103/77 4631/111/84
f 2613/88/67 2625/121/93 4634/122/75
f 4621/71/53 4635/123/94 4630/106/80
f 4544/74/55 4547/97/73 4548/124/95
f 4549/125/63 4545/94/72 4550/126/88
f 4625/85/64 4631/111/84 4636/127/96
f 2440/92/70 2441/117/90 2445/128/97
f 2436/66/50 2440/92/70 2446/129/98
f 4544/74/55 4548/124/95 4545/94/72
f 4631/111/84 4628/103/77 4637/130/99
f 2610/87/66 2614/102/76 2621/131/100
f 4629/104/78 4633/113/86 4638/132/101
f 2619/86/65 2447/133/102 2441/117/90
f 4629/104/78 4635/123/94 4621/71/53
f 2610/87/66 2622/134/103 2612/91/69
f 2612/91/69 2623/135/104 2609/78/59
f 4628/103/77 4550/115/88 4639/136/105
f 4632/112/85 4640/137/106 4627/99/74
f 2613/88/67 4641/138/107 2625/121/93
f 4632/112/85 4630/106/80 4640/137/106
f 2617/108/82 2611/90/68 2624/139/108
f 4634/101/75 2625/140/93 2626/141/109
f 2437/76/57 2444/120/92 2442/118/91
f 4625/85/64 4636/127/96 4626/93/71
f 2615/105/79 2624/139/108 2611/90/68
f 2436/66/50 2446/129/98 2444/120/92
f 2613/88/67 4627/99/74 4641/138/107
f 4550/126/88 4545/94/72 4551/142/110
f 2617/108/82 2627/143/111 2614/102/76
f 2612/91/69 2622/134/103 2623/135/104
f 4551/142/110 4545/94/72 4548/124/95
f 2609/78/59 2623/135/104 2618/109/83
f 2616/107/81 2620/116/89 2448/144/112
f 2616/145/81 2448/146/112 2619/86/65
f 4636/127/96 4631/111/84 4642/147/113
f 2615/105/79 2626/141/109 2624/139/108
f 2615/105/79 4634/101/75 2626/141/109
f 2610/87/66 2621/131/100 2622/134/103
f 2440/92/70 2445/128/97 2449/148/114
f 2619/86/65 2448/146/112 2447/133/102
f 2442/118/91 2444/120/92 2450/149/115
f 4639/136/105 4637/130/99 4628/103/77
f 2614/102/76 2627/143/111 2621/131/100
f 4631/111/84 4637/130/99 4642/147/113
f 4626/93/71 4643/150/116 4633/113/86
f 4638/132/101 4633/113/86 4643/150/116
f 4640/137/106 4644/151/117 4627/99/74
f 4630/106/80 4635/123/94 4645/152/118
f 4636/127/96 4646/153/119 4626/93/71
f 2449/148/114 2446/129/98 2440/92/70
f 4638/132/101 4647/154/120 4629/104/78
f 4548/124/95 4552/155/121 4551/142/110
f 2444/120/92 2446/129/98 2451/156/122
f 4630/106/80 4645/152/118 4640/137/106
f 4547/97/73 2443/114/87 4553/157/123
f 4639/136/105 4550/115/88 4648/158/124
f 2622/134/103 2621/131/100 2628/159/125
f 4636/127/96 4642/147/113 4646/153/119
f 4637/130/99 4639/136/105 4649/160/126
f 4642/147/113 4637/130/99 4649/160/126
f 2620/116/89 2459/161/127 2448/144/112
f 4547/97/73 4553/157/123 4548/124/95
f 2617/108/82 2624/139/108 2629/162/128
f 4550/126/88 4551/142/110 4654/163/129
f 2620/116/89 2630/164/130 2631/165/131
f 2444/120/92 2451/156/122 2450/149/115
f 4627/99/74 4650/166/132 4641/138/107
f 2443/119/87 2442/118/91 2452/167/133
f 2629/162/128 2624/139/108 2632/168/134
f 2625/140/93 2633/169/135 2626/141/109
f 4646/153/119 4643/150/116 4626/93/71
f 2626/141/109 2642/170/136 2624/139/108
f 2620/116/89 2618/109/83 2630/164/130
f 2443/114/87 4554/171/137 4553/157/123
f 2625/121/93 4641/138/107 2633/172/135
f 2620/116/89 2631/165/131 2459/161/127
f 2441/117/90 2447/133/102 2453/173/138
f 4648/158/124 4649/160/126 4639/136/105
f 2618/109/83 2623/135/104 2634/174/139
f 2450/149/115 2451/156/122 2454/175/140
f 2617/108/82 2629/162/128 2627/143/111
f 4627/99/74 4644/151/117 4650/166/132
f 2448/146/112 2372/176/141 2447/133/102
f 2642/170/136 2632/168/134 2624/139/108
f 2447/133/102 2372/176/141 2453/173/138
f 2627/143/111 2628/159/125 2621/131/100
f 4548/124/95 4555/177/142 4552/155/121
f 2443/114/87 2452/178/133 4554/171/137
f 4548/124/95 4553/157/123 4555/177/142
f 2441/117/90 2455/179/143 2445/128/97
f 2450/149/115 2456/180/144 2442/118/91
f 2449/148/114 2457/181/145 2458/182/146
f 4635/123/94 4651/183/147 4645/152/118
f 2445/128/97 2457/181/145 2449/148/114
f 4629/104/78 4647/154/120 4635/123/94
f 2442/118/91 2456/180/144 2452/167/133
f 2618/109/83 2634/174/139 2630/164/130
f 2449/148/114 2458/182/146 2446/129/98
f 2633/184/135 2642/185/136 2626/186/109
f 4645/152/118 4652/187/148 4640/137/106
f 4641/138/107 4653/188/149 2633/172/135
f 2628/159/125 2627/143/111 2635/189/150
f 2446/129/98 2458/182/146 2451/156/122
f 2627/143/111 2644/190/151 2635/189/150
f 4550/115/88 4654/191/129 4648/158/124
f 2453/173/138 2455/179/143 2441/117/90
f 2627/143/111 2629/162/128 2644/190/151
f 2459/192/127 2372/176/141 2448/146/112
f 2450/149/115 2454/175/140 2460/193/152
f 4644/151/117 4655/194/153 4650/166/132
f 4644/151/117 4640/137/106 4655/194/153
f 2450/149/115 2460/193/152 2456/180/144
f 4641/138/107 4650/166/132 4653/188/149
f 4638/132/101 4643/150/116 4656/195/154
f 4635/123/94 4647/154/120 4651/183/147
f 4551/142/110 4552/155/121 4556/196/155
f 4638/132/101 4656/195/154 4647/154/120
f 2632/197/134 2642/185/136 2643/198/156
f 4643/150/116 4646/153/119 4657/199/157
f 4642/147/113 4740/200/158 4646/153/119
f 4551/142/110 4556/196/155 4654/163/129
f 2629/162/128 2632/168/134 2645/201/159
f 2623/135/104 2622/134/103 2636/202/160
f 2622/134/103 2628/159/125 2637/203/161
f 4649/160/126 4648/158/124 4742/204/162
f 4650/166/132 4670/205/163 4653/188/149
f 4649/160/126 4658/206/164 4642/147/113
f 4650/166/132 4655/194/153 4670/205/163
f 4642/147/113 4658/206/164 4740/200/158
f 4742/204/162 4648/158/124 4741/207/165
f 2452/178/133 2462/208/166 4554/171/137
f 4654/191/129 4741/207/165 4648/158/124
f 4740/200/158 4659/209/167 4646/153/119
f 2622/134/103 2637/203/161 2636/202/160
f 2623/135/104 2636/202/160 2492/210/168
f 2629/162/128 2645/201/159 2644/190/151
f 4640/137/106 4652/187/148 4655/194/153
f 4646/153/119 4659/209/167 4657/199/157
f 2445/128/97 2455/179/143 2457/181/145
f 4552/155/121 4555/177/142 4557/211/169
f 4556/196/155 4552/155/121 4557/211/169
f 2451/156/122 2458/182/146 2454/175/140
f 4651/183/147 4652/187/148 4645/152/118
f 2642/185/136 2633/184/135 4661/212/170
f 2623/135/104 2492/210/168 2634/174/139
f 4553/157/123 4558/213/171 4555/177/142
f 4651/183/147 4647/154/120 4660/214/172
f 4656/195/154 4643/150/116 4657/199/157
f 2453/173/138 2372/176/141 2374/215/173
f 2633/172/135 4653/188/149 4661/216/170
f 2637/203/161 2628/159/125 2638/217/174
f 4553/157/123 4554/171/137 4558/213/171
f 4654/163/129 4559/218/175 4741/219/165
f 4649/160/126 4742/204/162 4658/206/164
f 2455/179/143 2453/173/138 2461/220/176
f 2634/174/139 2639/221/177 2630/164/130
f 2452/167/133 2456/180/144 2462/222/166
f 2463/223/178 2457/181/145 2464/224/179
f 2631/225/131 2491/226/180 2459/227/127
f 2455/179/143 2464/224/179 2457/181/145
f 2458/182/146 2457/181/145 2465/228/181
f 2628/159/125 2635/189/150 2638/217/174
f 2630/164/130 2640/229/182 2631/165/131
f 2630/230/130 2639/231/177 2640/232/182
f 2458/182/146 2466/233/183 2454/175/140
f 2637/203/161 2638/217/174 2636/202/160
f 2644/234/151 2645/235/159 2646/236/184
f 2459/237/127 2491/238/180 2372/239/141
f 2458/182/146 2465/228/181 2466/233/183
f 4654/163/129 4556/196/155 4559/218/175
f 2454/175/140 2467/240/185 2460/193/152
f 4647/154/120 4656/195/154 4662/241/186
f 2453/173/138 2468/242/187 2461/220/176
f 2643/198/156 2645/235/159 2632/197/134
f 4651/183/147 4663/243/188 4652/187/148
f 2635/189/150 2644/190/151 2641/244/189
f 4647/154/120 4664/245/190 4660/214/172
f 4558/213/171 4554/171/137 4560/246/191
f 4655/194/153 4652/187/148 4665/247/192
f 2372/239/141 2491/238/180 2373/248/193
f 2495/249/194 2636/202/160 2638/217/174
f 4660/214/172 4663/243/188 4651/183/147
f 2453/173/138 2374/215/173 2468/242/187
f 4657/199/157 4659/209/167 4746/250/195
f 2634/251/139 2492/252/168 2493/253/196
f 2456/180/144 2469/254/197 2462/222/166
f 4653/188/149 4676/255/198 4661/216/170
f 2636/202/160 2495/249/194 2492/210/168
f 4670/205/163 4666/256/199 4653/188/149
f 4556/196/155 4557/211/169 4561/257/200
f 4658/258/164 4739/259/201 4740/260/158
f 4554/171/137 2462/208/166 4560/246/191
f 2491/226/180 2631/225/131 2640/232/182
f 4556/196/155 4562/261/202 4559/218/175
f 2461/220/176 2464/224/179 2455/179/143
f 2456/180/144 2460/193/152 2469/254/197
f 4652/262/148 4663/263/188 4668/264/203
f 2457/181/145 2463/223/178 2465/228/181
f 2643/198/156 2642/185/136 2647/265/204
f 4652/262/148 4668/264/203 4669/266/205
f 2372/239/141 2373/248/193 2374/267/173
f 2462/222/166 2469/254/197 2470/268/206
f 4557/211/169 4555/177/142 4558/213/171
f 2467/240/185 2454/175/140 2466/233/183
f 2645/235/159 2648/269/207 2646/236/184
f 4656/195/154 4657/199/157 4748/270/208
f 2644/190/151 2649/271/209 2641/244/189
f 4655/194/153 4665/247/192 4670/205/163
f 4662/241/186 4664/245/190 4647/154/120
f 2644/234/151 2646/236/184 2649/272/209
f 4652/262/148 4669/266/205 4665/273/192
f 4741/219/165 4559/218/175 4563/274/210
f 2634/251/139 2493/253/196 2639/231/177
f 2469/254/197 2460/193/152 2471/275/211
f 4741/276/165 4563/277/210 4742/278/162
f 4559/218/175 4562/261/202 4563/274/210
f 2635/189/150 2641/244/189 2638/217/174
f 2646/236/184 2648/269/207 2649/272/209
f 4660/214/172 4664/245/190 4667/279/212
f 4740/260/158 4739/259/201 4743/280/213
f 2645/235/159 2643/198/156 2650/281/214
f 4653/188/149 4666/256/199 4676/255/198
f 2642/185/136 4661/212/170 2647/265/204
f 4556/196/155 4561/257/200 4562/261/202
f 4656/195/154 4748/270/208 4662/241/186
f 2643/198/156 2647/265/204 2650/281/214
f 4670/282/163 4665/273/192 4671/283/215
f 2460/193/152 2467/240/185 2471/275/211
f 4744/284/216 4739/259/201 4658/258/164
f 4561/257/200 4557/211/169 4564/285/217
f 4658/258/164 4742/278/162 4745/286/218
f 4746/287/195 4659/288/167 4743/280/213
f 4660/214/172 4667/279/212 4663/243/188
f 2463/223/178 2464/224/179 2472/289/219
f 4740/260/158 4743/280/213 4659/288/167
f 2638/217/174 2641/244/189 2652/290/220
f 2466/233/183 2465/228/181 2473/291/221
f 2649/272/209 2648/269/207 2651/292/222
f 2645/235/159 2650/281/214 2648/269/207
f 2374/267/173 2375/293/223 2468/294/187
f 2493/253/196 2492/252/168 2494/295/224
f 4658/258/164 4745/286/218 4744/284/216
f 2467/240/185 2466/233/183 2473/291/221
f 2374/267/173 2373/248/193 2375/293/223
f 2469/254/197 2474/296/225 2470/268/206
f 4557/211/169 4558/213/171 4565/297/226
f 4742/278/162 4563/277/210 4745/286/218
f 2493/253/196 2494/295/224 2639/231/177
f 4743/280/213 4739/259/201 4747/298/227
f 2469/254/197 2471/275/211 2474/296/225
f 2492/252/168 2495/299/194 2496/300/228
f 2495/299/194 2638/301/174 2497/302/229
f 2465/228/181 2463/223/178 2475/303/230
f 2638/301/174 2498/304/231 2497/302/229
f 2492/252/168 2496/300/228 2494/295/224
f 4557/211/169 4565/297/226 4564/285/217
f 4558/213/171 4560/246/191 4565/297/226
f 4666/305/199 4670/282/163 4672/306/232
f 4657/199/157 4746/250/195 4748/270/208
f 2641/307/189 2649/272/209 2652/308/220
f 2461/220/176 2468/242/187 2464/224/179
f 2462/208/166 2470/309/206 4560/246/191
f 4670/282/163 4671/283/215 4673/310/233
f 2491/226/180 2640/232/182 2499/311/234
f 4661/212/170 2653/312/235 2647/265/204
f 2638/217/174 2652/290/220 2498/313/231
f 2463/223/178 2472/289/219 2475/303/230
f 4663/263/188 4667/314/212 4674/315/236
f 4673/310/233 4675/316/237 4670/282/163
f 4665/273/192 4669/266/205 4671/283/215
f 4666/305/199 4672/306/232 4676/317/198
f 4670/282/163 4675/316/237 4672/306/232
f 2495/299/194 2497/302/229 2496/300/228
f 2648/269/207 2650/281/214 2654/318/238
f 2640/232/182 2500/319/239 2499/311/234
f 4562/261/202 4566/320/240 4563/274/210
f 4748/321/208 4746/287/195 4749/322/241
f 2649/272/209 2655/323/242 2652/308/220
f 2639/231/177 2501/324/243 2640/232/182
f 4663/263/188 4674/315/236 4668/264/203
f 2467/240/185 2473/291/221 2476/325/244
f 2373/248/193 2491/238/180 2506/326/245
f 2649/272/209 2651/292/222 2655/323/242
f 2498/304/231 2652/327/220 2658/328/246
f 2471/275/211 2467/240/185 2477/329/247
f 4676/255/198 4682/330/248 4661/216/170
f 2464/331/179 2468/294/187 2478/332/249
f 4743/280/213 4750/333/250 4746/287/195
f 4739/259/201 4744/284/216 4747/298/227
f 4667/314/212 4677/334/251 4674/315/236
f 4676/317/198 4672/306/232 4678/335/252
f 2464/224/179 2478/336/249 2472/289/219
f 2639/231/177 2502/337/253 2501/324/243
f 4747/298/227 4744/284/216 4751/338/254
f 4668/264/203 4679/339/255 4669/266/205
f 4667/314/212 4664/340/190 4677/334/251
f 2650/281/214 2647/265/204 2656/341/256
f 2640/232/182 2501/324/243 2500/319/239
f 4562/261/202 4561/257/200 4567/342/257
f 4748/270/208 4805/343/258 4662/241/186
f 2651/292/222 2648/269/207 2657/344/259
f 4563/277/210 4752/345/260 4745/286/218
f 4669/266/205 4680/346/261 4671/283/215
f 4674/315/236 4679/339/255 4668/264/203
f 2652/308/220 2655/323/242 2658/347/246
f 2647/265/204 2653/312/235 2656/341/256
f 4746/287/195 4750/333/250 4753/348/262
f 4661/212/170 2659/349/263 2653/312/235
f 4564/285/217 4565/297/226 4568/350/264
f 4661/212/170 4682/351/248 2659/349/263
f 2639/231/177 2494/295/224 2502/337/253
f 4566/320/240 4562/261/202 4567/342/257
f 4679/339/255 4681/352/265 4669/266/205
f 2470/309/206 4569/353/266 4560/246/191
f 4747/298/227 4750/333/250 4743/280/213
f 4683/354/267 4662/241/186 4805/343/258
f 2476/325/244 2477/329/247 2467/240/185
f 4566/320/240 4752/355/260 4563/274/210
f 2648/269/207 2654/318/238 2657/344/259
f 2497/302/229 2498/304/231 2503/356/268
f 2471/275/211 2477/329/247 2474/296/225
f 2465/228/181 2475/303/230 2473/291/221
f 4662/241/186 4684/357/269 4664/245/190
f 4676/317/198 4678/335/252 4682/358/248
f 2475/303/230 2472/289/219 2377/359/270
f 2375/293/223 2376/360/271 2468/294/187
f 2498/304/231 2504/361/272 2503/356/268
f 2472/362/219 2478/332/249 2377/363/270
f 4748/321/208 4749/322/241 4805/364/258
f 2468/294/187 2378/365/273 2478/332/249
f 4662/366/186 4683/367/267 4684/368/269
f 2373/248/193 2506/326/245 2375/293/223
f 2494/295/224 2496/300/228 2505/369/274
f 2650/281/214 2656/341/256 2654/318/238
f 2497/302/229 2503/356/268 2496/300/228
f 2491/226/180 2499/311/234 2506/370/245
f 2656/341/256 2653/312/235 2660/371/275
f 2376/360/271 2378/365/273 2468/294/187
f 4664/340/190 4684/368/269 4677/334/251
f 2375/293/223 2506/326/245 2379/372/276
f 4681/352/265 4680/346/261 4669/266/205
f 4682/358/248 4678/335/252 4685/373/277
f 2474/296/225 4569/374/266 2470/268/206
f 4567/342/257 4561/257/200 4570/375/278
f 4746/287/195 4754/376/279 4749/322/241
f 2499/311/234 2386/377/280 2506/370/245
f 2655/323/242 2651/292/222 2513/378/281
f 4680/346/261 4673/310/233 4671/283/215
f 4753/348/262 4754/376/279 4746/287/195
f 4682/351/248 4685/379/277 2659/349/263
f 4672/306/232 4675/316/237 4686/380/282
f 4672/306/232 4686/380/282 4678/335/252
f 2496/300/228 2507/381/283 2505/369/274
f 2498/304/231 2658/328/246 2504/361/272
f 2375/293/223 2380/382/284 2376/360/271
f 4568/350/264 4571/383/285 4564/285/217
f 2475/303/230 2479/384/286 2473/291/221
f 4745/286/218 4752/345/260 4755/385/287
f 4564/285/217 4570/375/278 4561/257/200
f 4684/368/269 4683/367/267 4687/386/288
f 4749/322/241 4754/376/279 4756/387/289
f 2473/291/221 2480/388/290 2476/325/244
f 2659/349/263 2660/371/275 2653/312/235
f 4805/364/258 4749/322/241 4806/389/291
f 4744/284/216 4757/390/292 4751/338/254
f 4747/298/227 4751/338/254 4758/391/293
f 4565/297/226 4560/246/191 4572/392/294
f 2502/337/253 2494/295/224 2505/369/274
f 4745/286/218 4755/385/287 4744/284/216
f 4684/368/269 4687/386/288 4677/334/251
f 2658/347/246 2655/323/242 2513/378/281
f 4567/342/257 4573/393/295 4566/320/240
f 4749/322/241 4756/387/289 4806/389/291
f 4744/284/216 4755/385/287 4757/390/292
f 2499/311/234 2500/319/239 2508/394/296
f 4560/246/191 4574/395/297 4572/392/294
f 2474/296/225 2477/329/247 2481/396/298
f 2651/292/222 2657/344/259 2661/397/299
f 2513/378/281 2651/292/222 2661/397/299
f 2377/359/270 2482/398/300 2475/303/230
f 4564/285/217 4571/383/285 4570/375/278
f 4678/335/252 4688/399/301 4685/373/277
f 4673/310/233 4689/400/302 4675/316/237
f 4750/333/250 4747/298/227 4758/391/293
f 2654/318/238 2662/401/303 2657/344/259
f 2479/384/286 2475/303/230 2482/398/300
f 4681/352/265 4690/402/304 4680/346/261
f 2381/403/305 2478/332/249 2378/365/273
f 2499/311/234 2508/394/296 2386/377/280
f 4566/320/240 4575/404/306 4752/355/260
f 2479/384/286 2480/388/290 2473/291/221
f 4681/352/265 4679/339/255 4690/402/304
f 4750/333/250 4759/405/307 4753/348/262
f 4750/333/250 4758/391/293 4759/405/307
f 2500/319/239 2501/324/243 2502/337/253
f 2496/300/228 2503/356/268 2507/381/283
f 2504/361/272 2509/406/308 2503/356/268
f 4805/407/258 4806/408/291 4683/409/267
f 4567/342/257 4570/375/278 4573/393/295
f 4560/246/191 4569/353/266 4574/395/297
f 2654/318/238 2656/341/256 2663/410/309
f 4673/310/233 4680/346/261 4689/400/302
f 4674/315/236 4677/334/251 4691/411/310
f 4754/376/279 4760/412/311 4756/387/289
f 4674/315/236 4691/411/310 4679/339/255
f 2376/360/271 2380/382/284 2378/365/273
f 2654/318/238 2663/410/309 2662/401/303
f 2505/369/274 2510/413/312 2502/337/253
f 4687/386/288 4691/411/310 4677/334/251
f 2477/329/247 2476/325/244 2027/414/313
f 4566/320/240 4573/393/295 4575/404/306
f 4754/376/279 4753/348/262 4760/412/311
f 2657/344/259 2664/415/314 2661/397/299
f 2478/332/249 2382/416/315 2377/363/270
f 2659/349/263 4685/379/277 2665/417/316
f 2483/418/317 2027/414/313 2476/325/244
f 2380/382/284 2375/293/223 2379/372/276
f 4675/316/237 4692/419/318 4686/380/282
f 4678/335/252 4693/420/319 4688/399/301
f 2504/361/272 2511/421/320 2509/406/308
f 2377/363/270 2383/422/321 2482/423/300
f 2513/378/281 2661/397/299 2516/424/322
f 4565/297/226 4576/425/323 4577/426/324
f 4565/297/226 4572/392/294 4576/425/323
f 2478/332/249 2381/403/305 2382/416/315
f 4565/297/226 4577/426/324 4568/350/264
f 2504/361/272 2658/328/246 2511/421/320
f 2505/369/274 2507/381/283 2510/413/312
f 2660/371/275 2659/349/263 2665/417/316
f 4691/411/310 4687/386/288 4809/427/325
f 4678/335/252 4686/380/282 4693/420/319
f 4680/346/261 4694/428/326 4689/400/302
f 4752/345/260 4580/429/327 4755/385/287
f 2657/344/259 2662/401/303 2664/415/314
f 4568/350/264 4578/430/328 4571/383/285
f 2656/341/256 2666/431/329 2663/410/309
f 4675/316/237 4689/400/302 4692/419/318
f 2474/296/225 2481/396/298 2024/432/330
f 2474/296/225 2023/433/331 4569/374/266
f 4691/411/310 4695/434/332 4679/339/255
f 4568/350/264 4577/426/324 4578/430/328
f 2378/365/273 2384/435/333 2381/403/305
f 2661/397/299 2664/415/314 2516/424/322
f 2480/388/290 2479/384/286 2483/418/317
f 2656/341/256 2660/371/275 2666/431/329
f 2500/319/239 2502/337/253 2508/394/296
f 4683/409/267 4806/408/291 4807/436/334
f 4574/395/297 4576/425/323 4572/392/294
f 2660/371/275 2665/417/316 2667/437/335
f 4753/348/262 4761/438/336 4760/412/311
f 4752/345/260 4575/439/306 4580/429/327
f 2476/325/244 2480/388/290 2483/418/317
f 2377/363/270 2385/440/337 2383/422/321
f 4573/393/295 4570/375/278 4511/441/338
f 4690/402/304 4696/442/339 4680/346/261
f 4679/339/255 4695/434/332 4690/402/304
f 2474/296/225 2024/432/330 2023/433/331
f 2507/381/283 2503/356/268 2512/443/340
f 2662/401/303 2663/410/309 2668/444/341
f 2477/329/247 2027/414/313 2481/396/298
f 4683/409/267 4807/436/334 4687/445/288
f 2483/418/317 2479/384/286 2484/446/342
f 2658/328/246 2513/447/281 2514/448/343
f 4755/385/287 4580/429/327 4757/390/292
f 4685/373/277 4688/399/301 4697/449/344
f 2482/398/300 2484/446/342 2479/384/286
f 4751/338/254 4762/450/345 4758/391/293
f 2658/328/246 2514/448/343 2511/421/320
f 2380/382/284 2384/435/333 2378/365/273
f 4575/404/306 4573/393/295 4579/451/346
f 2386/452/280 2387/453/347 2506/326/245
f 4809/427/325 4698/454/348 4691/411/310
f 4807/436/334 4808/455/349 4687/445/288
f 2660/371/275 2667/437/335 2666/431/329
f 2512/443/340 2515/456/350 2507/381/283
f 2514/448/343 2513/447/281 2516/457/322
f 4751/338/254 4763/458/351 4762/450/345
f 4685/379/277 4697/459/344 2665/417/316
f 4570/375/278 4571/383/285 4578/430/328
f 4757/390/292 4763/458/351 4751/338/254
f 4753/348/262 4759/405/307 4764/460/352
f 4687/445/288 4808/455/349 4809/461/325
f 4575/404/306 4579/451/346 4580/462/327
f 2503/356/268 2509/406/308 2512/443/340
f 4753/348/262 4764/460/352 4761/438/336
f 2510/413/312 2517/463/353 2502/337/253
f 4578/430/328 4511/441/338 4570/375/278
f 2506/326/245 2388/464/354 2379/372/276
f 2502/337/253 2518/465/355 2508/394/296
f 4695/434/332 4696/442/339 4690/402/304
f 2482/423/300 2383/422/321 2385/440/337
f 2377/363/270 2382/416/315 2385/440/337
f 4569/466/266 4504/467/356 4574/468/297
f 2663/410/309 2666/431/329 2668/444/341
f 4680/346/261 4699/469/357 4694/428/326
f 4757/390/292 4580/429/327 4765/470/358
f 4758/391/293 4762/450/345 4759/405/307
f 2509/406/308 2511/421/320 2512/443/340
f 2484/446/342 2482/398/300 2485/471/359
f 2510/413/312 2507/381/283 2517/463/353
f 2382/416/315 2389/472/360 2385/440/337
f 2386/377/280 2508/394/296 2387/473/347
f 4806/408/291 4810/474/361 4807/436/334
f 2662/401/303 2668/444/341 2664/415/314
f 4692/419/318 4689/400/302 4700/475/362
f 2027/414/313 2024/432/330 2481/396/298
f 4757/390/292 4765/470/358 4763/458/351
f 2381/403/305 2390/476/363 2382/416/315
f 4806/389/291 4756/387/289 4810/477/361
f 2379/372/276 2388/464/354 2380/382/284
f 4686/380/282 4701/478/364 4693/420/319
f 4686/380/282 4702/479/365 4701/478/364
f 4692/419/318 4702/479/365 4686/380/282
f 2387/453/347 2388/464/354 2506/326/245
f 4680/346/261 4696/442/339 4699/469/357
f 2512/443/340 2511/421/320 2519/480/366
f 4573/393/295 4511/441/338 4581/481/367
f 2502/337/253 2520/482/368 2518/465/355
f 2380/382/284 2391/483/369 2384/435/333
f 2381/403/305 2384/435/333 2392/484/370
f 4688/399/301 4693/420/319 4703/485/371
f 4810/477/361 4756/387/289 4766/486/372
f 4688/399/301 4703/485/371 4697/449/344
f 2667/437/335 2669/487/373 2666/431/329
f 2521/488/374 2519/480/366 2511/421/320
f 4693/420/319 4701/478/364 4703/485/371
f 2667/437/335 2665/417/316 2669/487/373
f 2482/423/300 2385/440/337 2485/489/359
f 4761/438/336 4767/490/375 4760/412/311
f 4760/412/311 4768/491/376 4756/387/289
f 2388/464/354 2391/483/369 2380/382/284
f 2381/403/305 2392/484/370 2390/476/363
f 4765/470/358 4580/429/327 4769/492/377
f 2382/416/315 2390/476/363 2389/472/360
f 4577/426/324 4505/493/378 4578/430/328
f 4579/451/346 4573/393/295 4581/481/367
f 2502/337/253 2517/463/353 2520/482/368
f 4756/387/289 4768/491/376 4766/486/372
f 4505/493/378 4577/426/324 4576/425/323
f 4692/419/318 4700/475/362 4702/479/365
f 4759/405/307 4762/450/345 4764/460/352
f 2483/418/317 2486/494/379 2487/495/380
f 2521/488/374 2511/421/320 2514/448/343
f 2515/456/350 2517/463/353 2507/381/283
f 2515/456/350 2512/443/340 2522/496/381
f 4694/428/326 4700/475/362 4689/400/302
f 4695/434/332 4691/411/310 4704/497/382
f 2483/418/317 2484/446/342 2486/494/379
f 4703/485/371 4701/478/364 4705/498/383
f 4698/454/348 4704/497/382 4691/411/310
f 4694/428/326 4699/469/357 4706/499/384
f 4807/436/334 4811/500/385 4812/501/386
f 4505/502/378 4576/503/323 4506/504/387
f 4761/438/336 4764/460/352 4767/490/375
f 2023/505/331 2024/506/330 2025/507/388
f 2391/483/369 2393/508/389 2384/435/333
f 2485/471/359 2488/509/390 2484/446/342
f 4807/436/334 4812/501/386 4808/455/349
f 4504/467/356 4507/510/391 4574/468/297
f 2508/394/296 2518/465/355 2523/511/392
f 2668/444/341 2666/431/329 2670/512/393
f 2483/418/317 2487/495/380 2027/414/313
f 4807/436/334 4810/474/361 4811/500/385
f 4574/468/297 4507/510/391 4576/503/323
f 4760/412/311 4767/490/375 4768/491/376
f 4699/469/357 4696/442/339 4706/499/384
f 2519/480/366 2524/513/394 2512/443/340
f 4763/458/351 4765/470/358 4770/514/395
f 4762/450/345 4763/458/351 4771/515/396
f 2023/505/331 2026/516/397 4569/517/266
f 4511/441/338 4582/518/398 4581/481/367
f 2027/414/313 2487/495/380 2028/519/399
f 4694/428/326 4706/499/384 4707/520/400
f 4569/466/266 2026/521/397 4504/467/356
f 2516/457/322 2525/522/401 2514/448/343
f 2508/394/296 2526/523/402 2387/473/347
f 4580/462/327 4579/451/346 4776/524/403
f 2484/446/342 2488/509/390 2486/494/379
f 2665/417/316 2671/525/404 2669/487/373
f 4694/428/326 4707/520/400 4700/475/362
f 4765/470/358 4772/526/405 4770/514/395
f 2665/417/316 4697/459/344 2671/525/404
f 4764/460/352 4773/527/406 4767/490/375
f 2393/508/389 2391/483/369 2394/528/407
f 4809/461/325 4813/529/408 4698/530/348
f 2516/457/322 2664/531/314 2527/532/409
f 4765/470/358 4769/492/377 4772/526/405
f 2023/505/331 2025/507/388 2026/516/397
f 2027/533/313 2028/534/399 2024/506/330
f 4809/461/325 4808/455/349 4813/529/408
f 2508/394/296 2523/511/392 2526/523/402
f 2516/457/322 2527/532/409 2525/522/401
f 2485/489/359 2385/440/337 2395/535/410
f 4704/497/382 4696/442/339 4695/434/332
f 2388/464/354 2387/453/347 2396/536/411
f 2388/464/354 2397/537/412 2391/483/369
f 2515/456/350 2522/496/381 2517/463/353
f 2514/448/343 2525/522/401 2528/538/413
f 4579/451/346 4581/481/367 4583/539/414
f 2384/435/333 2393/508/389 2392/484/370
f 2512/443/340 2524/513/394 2522/496/381
f 2518/465/355 2520/482/368 2523/511/392
f 4764/460/352 4762/450/345 4774/540/415
f 2664/531/314 2529/541/416 2527/532/409
f 4507/510/391 4506/504/387 4576/503/323
f 4578/430/328 4510/542/417 4511/441/338
f 4578/430/328 4505/493/378 4510/542/417
f 4813/529/408 4808/455/349 4814/543/418
f 4579/451/346 4583/539/414 4776/524/403
f 2664/415/314 2668/444/341 2670/512/393
f 4696/442/339 4704/497/382 4822/544/419
f 4763/458/351 4770/514/395 4771/515/396
f 4707/520/400 4708/545/420 4700/475/362
f 4703/485/371 4705/498/383 2675/546/421
f 2514/448/343 2528/538/413 2521/488/374
f 2666/431/329 2669/487/373 2672/547/422
f 2530/548/423 2517/463/353 2522/496/381
f 4808/455/349 4812/501/386 4814/543/418
f 2529/541/416 2664/531/314 2531/549/424
f 2387/473/347 2526/523/402 2532/550/425
f 2666/431/329 2561/551/426 2670/512/393
f 4700/475/362 4709/552/427 4702/479/365
f 4697/449/344 4703/485/371 2675/546/421
f 4764/460/352 4774/540/415 4773/527/406
f 2666/431/329 2672/547/422 2561/551/426
f 4698/530/348 4813/529/408 4713/553/428
f 4768/491/376 4767/490/375 4775/554/429
f 2673/555/430 2669/487/373 2671/525/404
f 2672/547/422 2669/487/373 2674/556/431
f 2530/548/423 2533/557/432 2517/463/353
f 2028/519/399 2487/495/380 2489/558/433
f 2521/488/374 2534/559/434 2519/480/366
f 2387/453/347 2532/560/425 2545/561/435
f 4504/467/356 2026/521/397 4507/510/391
f 2385/440/337 2389/472/360 2395/535/410
f 4580/429/327 4776/562/403 4769/492/377
f 2527/532/409 2529/541/416 2535/563/436
f 4769/492/377 4777/564/437 4772/526/405
f 2521/488/374 2528/538/413 2534/559/434
f 4811/500/385 4815/565/438 4812/501/386
f 4702/479/365 4709/552/427 4701/478/364
f 2024/506/330 2029/566/439 2025/507/388
f 2664/415/314 2670/512/393 2531/567/424
f 4822/544/419 4710/568/440 4696/442/339
f 2517/463/353 2533/557/432 2520/482/368
f 2561/551/426 2672/547/422 2674/556/431
f 2671/525/404 4697/459/344 2675/569/421
f 2388/464/354 2398/570/441 2397/537/412
f 2669/487/373 2673/555/430 2674/556/431
f 2024/506/330 2028/534/399 2029/566/439
f 4766/486/372 4768/491/376 4818/571/442
f 2486/494/379 2489/558/433 2487/495/380
f 2387/453/347 2545/561/435 2396/536/411
f 4696/442/339 4710/568/440 4706/499/384
f 2026/516/397 2025/507/388 2030/572/443
f 2522/496/381 2524/513/394 2530/548/423
f 4810/474/361 4766/573/372 4816/574/444
f 2392/484/370 2399/575/445 2390/476/363
f 4704/576/382 4698/530/348 4713/553/428
f 4810/474/361 4816/574/444 4811/500/385
f 4769/492/377 4776/562/403 4777/564/437
f 4701/478/364 4709/552/427 4711/577/446
f 2523/511/392 2536/578/447 2526/523/402
f 4767/490/375 4778/579/448 4775/554/429
f 4700/475/362 4708/545/420 4709/552/427
f 2388/464/354 2396/536/411 2398/570/441
f 4705/498/383 4712/580/449 2675/546/421
f 4775/554/429 4779/581/450 4768/491/376
f 2536/578/447 2532/550/425 2526/523/402
f 4767/490/375 4773/527/406 4778/579/448
f 4507/510/391 2026/521/397 4508/582/451
f 2392/484/370 2393/508/389 2400/583/452
f 2529/541/416 2531/549/424 2535/563/436
f 4812/501/386 4817/584/453 4814/543/418
f 4766/573/372 4818/585/442 4816/574/444
f 2527/532/409 2535/563/436 2525/522/401
f 2390/476/363 2399/575/445 2389/472/360
f 4704/497/382 4713/586/428 4822/544/419
f 4811/500/385 4819/587/454 4815/565/438
f 4771/515/396 4770/514/395 4780/588/455
f 4505/502/378 4506/504/387 4509/589/456
f 4811/500/385 4816/574/444 4819/587/454
f 4705/498/383 4701/478/364 4712/580/449
f 4509/589/456 4510/590/417 4505/502/378
f 4781/591/457 4762/450/345 4771/515/396
f 2486/494/379 2488/509/390 2490/592/458
f 2025/507/388 2029/566/439 2031/593/459
f 4706/499/384 4714/594/460 4707/520/400
f 4762/450/345 4781/591/457 4774/540/415
f 2488/595/390 2401/596/461 2490/597/458
f 2025/507/388 2031/593/459 2030/572/443
f 2391/483/369 2397/537/412 2394/528/407
f 2485/489/359 2395/535/410 2402/598/462
f 2392/484/370 2400/583/452 2399/575/445
f 4773/527/406 4774/540/415 4781/591/457
f 4701/478/364 4711/577/446 4712/580/449
f 4812/501/386 4815/565/438 4817/584/453
f 2675/546/421 4715/599/463 2671/600/404
f 4770/514/395 4772/526/405 4780/588/455
f 2520/482/368 2533/557/432 2537/601/464
f 2519/480/366 2538/602/465 2524/513/394
f 4710/568/440 4714/594/460 4706/499/384
f 2489/558/433 2486/494/379 2490/592/458
f 2520/482/368 2539/603/466 2523/511/392
f 2030/572/443 2032/604/467 2026/516/397
f 2028/534/399 2033/605/468 2029/566/439
f 4768/491/376 4779/581/450 4818/571/442
f 4773/527/406 4781/591/457 4778/579/448
f 2393/508/389 2394/528/407 2400/583/452
f 2488/595/390 2485/489/359 2401/596/461
f 4713/553/428 4813/529/408 4820/606/469
f 2528/538/413 2525/522/401 2540/607/470
f 4506/504/387 4507/510/391 4509/589/456
f 2028/534/399 2489/608/433 2033/605/468
f 4581/481/367 4584/609/471 4583/539/414
f 4814/543/418 4817/584/453 4821/610/472
f 4775/554/429 4778/579/448 4782/611/473
f 2539/603/466 2520/482/368 2537/601/464
f 2396/536/411 2545/561/435 2403/612/474
f 4776/524/403 4585/613/475 4777/614/437
f 2670/512/393 2561/551/426 2543/615/476
f 4511/616/338 4510/590/417 4587/617/477
f 4776/524/403 4586/618/478 4585/613/475
f 4813/529/408 4814/543/418 4821/610/472
f 4713/553/428 4718/619/479 4822/620/419
f 2534/559/434 2528/538/413 2540/607/470
f 2026/521/397 2034/621/480 4508/582/451
f 2519/480/366 2534/559/434 2538/602/465
f 4511/441/338 4587/622/477 4582/518/398
f 2026/516/397 2032/604/467 2034/623/480
f 4583/539/414 4584/609/471 4588/624/481
f 4707/520/400 4714/594/460 4716/625/482
f 2675/546/421 4712/580/449 4715/599/463
f 4709/552/427 4717/626/483 4711/577/446
f 2670/512/393 2543/615/476 2531/567/424
f 4710/568/440 4822/544/419 4718/627/479
f 2395/535/410 2389/472/360 2402/598/462
f 4710/568/440 4831/628/484 4714/594/460
f 4583/539/414 4586/618/478 4776/524/403
f 2397/537/412 2398/570/441 2404/629/485
f 2524/513/394 2541/630/486 2530/548/423
f 2542/631/487 2531/549/424 2543/632/476
f 2397/537/412 2404/629/485 2405/633/488
f 2525/522/401 2544/634/489 2540/607/470
f 2394/528/407 2406/635/490 2400/583/452
f 4509/589/456 4507/510/391 4512/636/491
f 2532/550/425 2536/578/447 2545/637/435
f 2394/528/407 2397/537/412 2405/633/488
f 4771/515/396 4780/588/455 4783/638/492
f 2396/536/411 2403/612/474 2398/570/441
f 4510/590/417 4513/639/493 4587/617/477
f 4772/526/405 4777/564/437 4784/640/494
f 4507/510/391 4508/582/451 4512/636/491
f 4583/539/414 4588/624/481 4586/618/478
f 2673/555/430 2671/525/404 4725/641/495
f 2673/555/430 2676/642/496 2674/556/431
f 4582/518/398 4584/609/471 4581/481/367
f 2394/528/407 2405/633/488 2406/635/490
f 2485/489/359 2402/598/462 2401/596/461
f 2032/604/467 2035/643/497 2034/623/480
f 4771/515/396 4783/638/492 4781/591/457
f 4712/580/449 4711/577/446 4719/644/498
f 2535/563/436 2531/549/424 2546/645/499
f 2537/601/464 2533/557/432 2547/646/500
f 4718/627/479 4831/628/484 4710/568/440
f 2541/630/486 2524/513/394 2538/602/465
f 2389/472/360 2399/575/445 2407/647/501
f 4712/580/449 4720/648/502 4715/599/463
f 2525/522/401 2535/563/436 2546/645/499
f 2671/525/404 4715/649/463 4725/641/495
f 4775/554/429 4785/650/503 4779/581/450
f 4778/579/448 4781/591/457 4782/611/473
f 2523/511/392 2539/603/466 2548/651/504
f 4707/520/400 4716/625/482 4721/652/505
f 2033/605/468 2036/653/506 2029/566/439
f 4513/639/493 4510/590/417 4509/589/456
f 4815/565/438 4819/587/454 4817/584/453
f 4707/520/400 4721/652/505 4708/545/420
f 2533/557/432 2530/548/423 2549/654/507
f 2030/572/443 2031/593/459 2032/604/467
f 4717/626/483 4719/644/498 4711/577/446
f 2389/472/360 2407/647/501 2402/598/462
f 4783/638/492 4786/655/508 4781/591/457
f 2033/605/468 2489/608/433 2037/656/509
f 2403/612/474 2545/561/435 2408/657/510
f 2398/570/441 2403/612/474 2409/658/511
f 2399/575/445 2400/583/452 2410/659/512
f 2034/621/480 4514/660/513 4508/582/451
f 4508/582/451 4514/660/513 4512/636/491
f 2545/637/435 2536/578/447 2408/661/510
f 2541/630/486 2549/654/507 2530/548/423
f 2539/603/466 2537/601/464 2548/651/504
f 4708/545/420 4722/662/514 4709/552/427
f 2523/511/392 2548/651/504 2536/578/447
f 2405/633/488 2404/629/485 2411/663/515
f 4775/554/429 4782/611/473 4785/650/503
f 2489/608/433 2490/664/458 2037/656/509
f 2525/522/401 2546/645/499 2544/634/489
f 2534/559/434 2550/665/516 2538/602/465
f 2677/666/517 2673/555/430 4725/641/495
f 2546/645/499 2531/549/424 2542/631/487
f 4780/588/455 4772/526/405 4787/667/518
f 2404/629/485 2398/570/441 2409/658/511
f 2408/661/510 2536/578/447 2551/668/519
f 4818/585/442 4823/669/520 4816/574/444
f 2029/566/439 2038/670/521 2031/593/459
f 4816/574/444 4823/669/520 4819/587/454
f 4582/671/398 4587/617/477 4515/672/522
f 4818/585/442 4779/673/450 4823/669/520
f 2676/642/496 2673/555/430 2677/666/517
f 2548/651/504 2552/674/523 2536/578/447
f 2490/664/458 2039/675/524 2037/656/509
f 2542/631/487 2543/632/476 2553/676/525
f 4509/589/456 4512/636/491 4516/677/526
f 2405/633/488 2411/663/515 2406/635/490
f 4513/639/493 4509/589/456 4517/678/527
f 2533/557/432 2549/654/507 2547/646/500
f 2561/551/426 2674/556/431 2676/642/496
f 4708/545/420 4721/652/505 4722/662/514
f 2540/607/470 2554/679/528 2534/559/434
f 2400/583/452 2406/635/490 2410/659/512
f 4585/613/475 4589/680/529 4777/614/437
f 2548/651/504 2537/601/464 2555/681/530
f 4714/594/460 4831/628/484 4716/625/482
f 4820/606/469 4813/529/408 4824/682/531
f 2402/598/462 2412/683/532 2401/596/461
f 2536/578/447 2552/674/523 2551/668/519
f 4516/677/526 4517/678/527 4509/589/456
f 2534/559/434 2554/679/528 2550/665/516
f 4582/518/398 4515/684/522 4584/609/471
f 2411/663/515 2413/685/533 2406/635/490
f 2561/551/426 2676/642/496 2678/686/534
f 4715/599/463 4720/648/502 2679/687/535
f 4823/669/520 4825/688/536 4819/587/454
f 2035/643/497 2032/604/467 2040/689/537
f 4712/580/449 4719/644/498 4720/648/502
f 4713/553/428 4820/606/469 4718/619/479
f 2031/593/459 2041/690/538 2032/604/467
f 4784/640/494 4777/564/437 4788/691/539
f 4777/564/437 4589/692/529 4788/691/539
f 2407/647/501 2399/575/445 2414/693/540
f 2407/647/501 2415/694/541 2402/598/462
f 4785/650/503 4782/611/473 4789/695/542
f 2403/612/474 2132/696/543 2409/658/511
f 2029/566/439 2036/653/506 2038/670/521
f 2543/615/476 2561/551/426 2553/697/525
f 2537/601/464 2547/646/500 2555/681/530
f 4721/652/505 4716/625/482 4723/698/544
f 4586/618/478 4590/699/545 4585/613/475
f 2399/575/445 2410/659/512 2414/693/540
f 2031/593/459 2038/670/521 2042/700/546
f 4783/638/492 4790/701/547 4786/655/508
f 4785/650/503 4826/702/548 4779/581/450
f 2403/612/474 2408/657/510 2132/696/543
f 4779/673/450 4826/703/548 4823/669/520
f 2548/651/504 2556/704/549 2552/674/523
f 4709/552/427 4722/662/514 4724/705/550
f 2490/597/458 2401/596/461 1940/706/551
f 4813/529/408 4821/610/472 4824/682/531
f 4819/587/454 4827/707/552 4817/584/453
f 2406/635/490 2413/685/533 2410/659/512
f 2540/607/470 2544/634/489 2554/679/528
f 4586/618/478 4588/624/481 4590/699/545
f 2036/653/506 2033/605/468 2043/708/553
f 4588/624/481 4525/709/554 4590/699/545
f 2034/621/480 2035/710/497 4518/711/555
f 4715/599/463 2679/687/535 4725/712/495
f 2042/700/546 2041/690/538 2031/593/459
f 2034/621/480 4518/711/555 4514/660/513
f 4787/667/518 4791/713/556 4780/588/455
f 4589/680/529 4585/613/475 4590/699/545
f 4772/526/405 4784/640/494 4787/667/518
f 2404/629/485 2409/658/511 2411/663/515
f 4584/609/471 4525/709/554 4588/624/481
f 4781/591/457 4786/655/508 4792/714/557
f 2541/630/486 2557/715/558 2549/654/507
f 2546/645/499 2542/631/487 2558/716/559
f 4515/672/522 4587/617/477 4519/717/560
f 2401/596/461 2412/683/532 1946/718/561
f 4780/588/455 4791/713/556 4783/638/492
f 2033/605/468 2037/656/509 2043/708/553
f 2490/664/458 1940/719/551 2039/675/524
f 4781/591/457 4792/714/557 4782/611/473
f 2538/602/465 2557/715/558 2541/630/486
f 4787/667/518 4784/640/494 4793/720/562
f 4786/655/508 4790/701/547 4794/721/563
f 4717/626/483 4709/552/427 4724/705/550
f 4587/617/477 4513/639/493 4520/722/564
f 4817/584/453 4828/723/565 4821/610/472
f 2679/724/535 2677/666/517 4725/641/495
f 4513/639/493 4517/678/527 4521/725/566
f 4817/584/453 4827/707/552 4828/723/565
f 4716/625/482 4831/628/484 4726/726/567
f 2542/631/487 2553/676/525 2559/727/568
f 1946/718/561 2416/728/569 2401/596/461
f 4584/609/471 4522/729/570 4525/709/554
f 4820/606/469 4829/730/571 4718/619/479
f 4721/652/505 4727/731/572 4722/662/514
f 2412/683/532 2402/598/462 2415/694/541
f 4723/698/544 4727/731/572 4721/652/505
f 4584/732/471 4515/672/522 4522/733/570
f 4587/617/477 4520/722/564 4519/717/560
f 4516/677/526 4512/636/491 4523/734/573
f 2547/646/500 2560/735/574 2555/681/530
f 2040/689/537 2044/736/575 2035/643/497
f 4820/606/469 4824/682/531 4829/730/571
f 4789/695/542 4782/611/473 4792/714/557
f 4783/638/492 4791/713/556 4790/701/547
f 2410/659/512 2413/685/533 2417/737/576
f 2043/708/553 2038/670/521 2036/653/506
f 2561/738/426 2678/739/534 2553/676/525
f 4512/636/491 4514/660/513 4524/740/577
f 4716/625/482 4726/726/567 4723/698/544
f 4722/662/514 4727/731/572 4724/705/550
f 2408/657/510 2418/741/578 2132/696/543
f 2032/604/467 2041/690/538 2040/689/537
f 4819/587/454 4825/688/536 4827/707/552
f 2551/668/519 2552/674/523 2556/704/549
f 4513/639/493 4521/725/566 4520/722/564
f 2676/642/496 2677/666/517 2574/742/579
f 4718/619/479 4830/743/580 4831/744/484
f 2401/596/461 2419/745/581 1940/706/551
f 2548/651/504 2555/681/530 2556/704/549
f 2544/634/489 2546/645/499 2562/746/582
f 4829/730/571 4830/743/580 4718/619/479
f 4788/691/539 4795/747/583 4784/640/494
f 2678/686/534 2676/642/496 2571/748/584
f 4717/626/483 4724/705/550 4719/644/498
f 2557/715/558 2538/602/465 2550/665/516
f 2557/715/558 2550/665/516 2563/749/585
f 2555/681/530 2564/750/586 2556/704/549
f 2413/685/533 2420/751/587 2417/737/576
f 2414/693/540 2410/659/512 2421/752/588
f 2037/656/509 1941/753/589 2043/708/553
f 4516/677/526 4523/734/573 4517/678/527
f 4786/655/508 4794/721/563 4792/714/557
f 2549/654/507 2283/754/590 2547/646/500
f 2409/658/511 2132/696/543 2422/755/591
f 2408/661/510 2551/668/519 2281/756/592
f 2411/663/515 2420/751/587 2413/685/533
f 4512/636/491 4524/740/577 4523/734/573
f 2037/656/509 2039/675/524 1941/753/589
f 2676/642/496 2574/742/579 2571/748/584
f 2414/693/540 2423/757/593 2407/647/501
f 4525/709/554 4591/758/594 4590/699/545
f 4784/640/494 4795/747/583 4793/720/562
f 2401/596/461 2416/728/569 2419/745/581
f 2553/676/525 2678/739/534 2559/727/568
f 1940/759/551 2419/760/581 2039/761/524
f 2411/663/515 2409/658/511 2424/762/595
f 4825/688/536 4832/763/596 4827/707/552
f 2549/654/507 2557/715/558 2283/754/590
f 2408/657/510 2281/764/592 2418/741/578
f 2407/647/501 2423/757/593 2415/694/541
f 2544/634/489 2565/765/597 2554/679/528
f 4825/688/536 4823/669/520 4833/766/598
f 4589/680/529 4590/699/545 4591/758/594
f 4793/720/562 4796/767/599 4787/667/518
f 2551/668/519 2556/704/549 2566/768/600
f 2544/634/489 2562/746/582 2565/765/597
f 2558/716/559 2542/631/487 2559/727/568
f 2559/727/568 2678/739/534 2567/769/601
f 4726/726/567 4728/770/602 4723/698/544
f 4726/771/567 4834/772/603 4728/773/602
f 2546/645/499 2558/716/559 2562/746/582
f 2556/774/549 2564/775/586 2278/776/604
f 2035/643/497 2044/736/575 4527/777/605
f 4726/771/567 4831/744/484 4834/772/603
f 4831/744/484 4830/743/580 4834/772/603
f 2045/778/606 2046/779/607 2040/689/537
f 2044/736/575 2040/689/537 2046/779/607
f 2551/668/519 2566/768/600 2281/756/592
f 2040/689/537 2041/690/538 2045/778/606
f 4522/733/570 4592/780/608 4525/781/554
f 2555/681/530 2560/735/574 2564/750/586
f 4824/682/531 4821/610/472 4835/782/609
f 4793/720/562 4795/747/583 4796/767/599
f 2417/737/576 2421/752/588 2410/659/512
f 2043/708/553 1944/783/610 2038/670/521
f 4787/667/518 4796/767/599 4791/713/556
f 4520/722/564 4526/784/611 4519/717/560
f 4525/709/554 4592/785/608 4591/758/594
f 4515/672/522 4519/717/560 4307/786/612
f 4825/688/536 4836/787/613 4832/763/596
f 2412/683/532 2425/788/614 1946/718/561
f 2677/666/517 2679/724/535 4731/789/615
f 2409/658/511 2422/755/591 2424/762/595
f 4789/695/542 4792/714/557 4797/790/616
f 4522/733/570 4515/672/522 4307/786/612
f 2421/752/588 2423/757/593 2414/693/540
f 4789/695/542 4797/790/616 4785/650/503
f 2038/670/521 2047/791/617 2042/700/546
f 2035/710/497 4527/792/605 4528/793/618
f 2547/646/500 2283/754/590 2560/735/574
f 4724/705/550 4729/794/619 4719/644/498
f 4790/701/547 4791/713/556 4798/795/620
f 4794/721/563 4790/701/547 4798/795/620
f 4825/688/536 4833/766/598 4836/787/613
f 4823/669/520 4826/703/548 4833/766/598
f 2557/715/558 2288/796/621 2283/754/590
f 2556/774/549 2279/797/622 2566/798/600
f 2412/683/532 2415/694/541 2425/788/614
f 4589/680/529 4591/758/594 4593/799/623
f 2283/754/590 2288/796/621 2284/800/624
f 4826/703/548 4785/801/503 4837/802/625
f 2556/774/549 2278/776/604 2279/797/622
f 4829/730/571 4824/682/531 4838/803/626
f 4526/784/611 4307/786/612 4519/717/560
f 2411/663/515 2424/762/595 2420/751/587
f 4826/703/548 4837/802/625 4833/766/598
f 4824/682/531 4835/782/609 4838/803/626
f 2550/665/516 2568/804/627 2563/749/585
f 4589/680/529 4594/805/628 4788/806/539
f 4821/610/472 4828/723/565 4835/782/609
f 4827/707/552 4832/763/596 4828/723/565
f 4517/678/527 4529/807/629 4521/725/566
f 4523/734/573 4530/808/630 4517/678/527
f 2557/715/558 2569/809/631 2288/796/621
f 2550/665/516 2570/810/632 2568/804/627
f 2132/811/543 2133/812/633 2422/813/591
f 4828/723/565 4832/763/596 4839/814/634
f 2418/815/578 2281/816/592 2282/817/635
f 4589/680/529 4593/799/623 4594/805/628
f 2132/811/543 2418/815/578 2133/812/633
f 4723/698/544 4728/770/602 4727/731/572
f 2042/700/546 2047/791/617 2041/690/538
f 4592/780/608 4522/733/570 4458/818/636
f 1941/819/589 2039/761/524 1942/820/637
f 4731/789/615 2683/821/638 2677/666/517
f 2550/665/516 2554/679/528 2570/810/632
f 4829/730/571 4838/803/626 4840/822/639
f 2038/670/521 1944/783/610 2047/791/617
f 4785/650/503 4797/790/616 4837/823/625
f 2420/751/587 2426/824/640 2417/737/576
f 4720/648/502 4719/644/498 4730/825/641
f 2678/739/534 2571/826/584 2572/827/642
f 4591/758/594 4592/785/608 4595/828/643
f 2417/737/576 2427/829/644 2421/752/588
f 4720/648/502 4730/825/641 2679/687/535
f 4518/711/555 4524/740/577 4514/660/513
f 4797/790/616 4792/714/557 4923/830/645
f 2557/715/558 2563/749/585 2569/809/631
f 2283/754/590 2285/831/646 2560/735/574
f 4794/721/563 4799/832/647 4792/714/557
f 1944/783/610 2048/833/648 2047/791/617
f 2564/775/586 2560/834/574 2280/835/649
f 2045/778/606 2041/690/538 2049/836/650
f 4523/734/573 4524/740/577 4530/808/630
f 4529/807/629 4517/678/527 4530/808/630
f 4521/725/566 4529/807/629 4520/722/564
f 2035/710/497 4531/837/651 4518/711/555
f 1941/753/589 2050/838/652 2043/708/553
f 2420/751/587 2424/762/595 2135/839/653
f 1942/820/637 2039/761/524 2419/760/581
f 2281/840/592 2566/798/600 2282/841/635
f 2554/679/528 2565/765/597 2570/810/632
f 4830/743/580 4829/730/571 4840/822/639
f 2035/710/497 4528/793/618 4531/837/651
f 2679/687/535 2680/842/654 4731/843/615
f 4592/780/608 4459/844/655 4595/845/643
f 4520/722/564 4529/807/629 4526/784/611
f 4794/721/563 4798/795/620 4799/832/647
f 2677/666/517 2683/821/638 2574/742/579
f 2044/736/575 2046/779/607 2076/846/656
f 2043/708/553 2050/838/652 1944/783/610
f 4796/767/599 4795/747/583 4800/847/657
f 2047/791/617 2051/848/658 2041/690/538
f 1941/819/589 1942/820/637 2050/849/652
f 2678/739/534 2572/827/642 2567/769/601
f 4730/825/641 4732/850/659 2679/687/535
f 4830/743/580 4841/851/660 4834/772/603
f 4835/782/609 4842/852/661 4838/803/626
f 2283/853/590 2284/854/624 2285/855/646
f 4830/743/580 4840/822/639 4843/856/662
f 2427/829/644 2417/737/576 2426/824/640
f 4728/770/602 4852/857/663 4727/731/572
f 2424/858/595 2134/859/664 2135/860/653
f 4591/758/594 4595/828/643 4593/799/623
f 4797/790/616 4923/830/645 4837/823/625
f 2044/736/575 2076/846/656 4527/777/605
f 2047/791/617 2048/833/648 2051/848/658
f 4835/782/609 4828/723/565 4844/861/665
f 2133/812/633 2136/862/666 2422/813/591
f 4518/711/555 4531/837/651 4524/740/577
f 4459/844/655 4592/780/608 4458/818/636
f 2563/749/585 2568/804/627 2569/809/631
f 4727/731/572 4733/863/667 4724/705/550
f 4799/832/647 4926/864/668 4792/714/557
f 4719/644/498 4729/794/619 4730/825/641
f 4731/789/615 2680/865/654 2683/821/638
f 2426/824/640 2420/751/587 2428/866/669
f 2560/834/574 2285/855/646 2280/835/649
f 2423/757/593 2429/867/670 2415/694/541
f 4923/830/645 4849/868/671 4837/823/625
f 4833/766/598 4837/802/625 4845/869/672
f 2423/757/593 2421/752/588 2430/870/673
f 2419/760/581 2416/871/569 1943/872/674
f 4795/747/583 4788/691/539 4801/873/675
f 2418/815/578 2282/817/635 2137/874/676
f 2562/746/582 2573/875/677 2565/765/597
f 2420/876/587 2135/860/653 2428/877/669
f 2046/779/607 2077/878/678 2076/846/656
f 4788/691/539 4594/879/628 4801/873/675
f 2278/776/604 2564/775/586 2286/880/679
f 4791/713/556 4931/881/680 4798/795/620
f 4833/766/598 4936/882/681 4836/787/613
f 4834/772/603 4846/883/682 4728/773/602
f 2424/858/595 2422/813/591 2134/859/664
f 4833/766/598 4845/869/672 4936/882/681
f 4724/705/550 4733/863/667 4729/794/619
f 2421/752/588 2427/829/644 2430/870/673
f 4732/850/659 2680/842/654 2679/687/535
f 4791/713/556 4796/767/599 4931/881/680
f 4838/803/626 4842/852/661 4847/884/683
f 2278/776/604 2286/880/679 2279/797/622
f 2571/826/584 2574/885/579 2572/827/642
f 2282/841/635 2566/798/600 2287/886/684
f 1944/887/610 2050/888/652 1945/889/685
f 2077/878/678 2046/779/607 2052/890/686
f 4834/772/603 4841/851/660 4846/883/682
f 2429/867/670 2423/757/593 2430/870/673
f 4845/869/672 4837/802/625 4848/891/687
f 2416/871/569 1946/892/561 1943/872/674
f 4594/805/628 4593/799/623 4460/893/688
f 4835/782/609 4844/861/665 4842/852/661
f 2419/760/581 1943/872/674 1942/820/637
f 2559/727/568 2575/894/689 2558/716/559
f 2558/716/559 2576/895/690 2562/746/582
f 4839/814/634 4844/861/665 4828/723/565
f 2562/746/582 2576/895/690 2573/875/677
f 4795/747/583 4801/873/675 4800/847/657
f 4800/847/657 4802/896/691 4796/767/599
f 2048/833/648 1944/783/610 2053/897/692
f 2288/898/621 2289/899/693 2284/854/624
f 2418/815/578 2137/874/676 2133/812/633
f 2558/716/559 2575/894/689 2576/895/690
f 4830/743/580 4843/856/662 4841/851/660
f 2566/798/600 2279/797/622 2287/886/684
f 2569/809/631 2568/804/627 2577/900/694
f 2570/810/632 2577/900/694 2568/804/627
f 2564/775/586 2280/835/649 2286/880/679
f 4524/740/577 4531/837/651 4532/901/695
f 1942/820/637 1947/902/696 2050/849/652
f 2427/829/644 2426/824/640 2139/903/697
f 2288/898/621 2569/904/631 2290/905/698
f 4923/830/645 4792/714/557 4926/864/668
f 4838/803/626 4847/884/683 4840/822/639
f 4727/731/572 4852/857/663 4733/863/667
f 4836/787/613 4936/882/681 4832/763/596
f 4530/808/630 4524/740/577 4533/906/699
f 4796/767/599 4802/896/691 4931/881/680
f 4839/814/634 4832/763/596 5089/907/700
f 2282/841/635 2287/886/684 2137/908/676
f 1944/887/610 1945/889/685 2053/909/692
f 4524/740/577 4532/901/695 4533/906/699
f 2570/810/632 2565/765/597 2578/910/701
f 2133/812/633 2137/874/676 2138/911/702
f 4522/733/570 4307/786/612 4458/818/636
f 2426/912/640 2428/877/669 2139/913/697
f 1946/718/561 2425/788/614 1948/914/703
f 1946/892/561 1948/915/703 1943/872/674
f 4529/807/629 4534/916/704 4526/784/611
f 4594/805/628 4460/893/688 4801/917/675
f 4837/802/625 4849/918/671 4928/919/705
f 2136/862/666 2134/859/664 2422/813/591
f 2133/812/633 2138/911/702 2136/862/666
f 4729/794/619 4734/920/706 4730/825/641
f 2429/867/670 2425/788/614 2415/694/541
f 2429/867/670 2431/921/707 2425/788/614
f 2565/765/597 2573/875/677 2578/910/701
f 4839/814/634 5089/907/700 4844/861/665
f 2570/810/632 2578/910/701 2577/900/694
f 2280/835/649 2285/855/646 2291/922/708
f 2050/888/652 1947/923/696 1945/889/685
f 2559/727/568 2567/769/601 2575/894/689
f 4840/822/639 4847/884/683 4843/856/662
f 4527/777/605 2076/846/656 2054/924/709
f 2284/854/624 2289/899/693 2292/925/710
f 4799/832/647 4798/795/620 4803/926/711
f 4529/807/629 4530/808/630 4534/916/704
f 2286/880/679 2293/927/712 2279/797/622
f 2288/898/621 2290/905/698 2289/899/693
f 4595/845/643 4535/928/713 4593/929/623
f 4799/832/647 4803/926/711 4926/864/668
f 2425/788/614 2431/921/707 2432/930/714
f 4842/852/661 4850/931/715 4847/884/683
f 2280/835/649 2294/932/716 2286/880/679
f 2287/886/684 2279/797/622 2293/927/712
f 2425/788/614 2432/930/714 1948/914/703
f 4530/808/630 4533/906/699 4534/916/704
f 2046/779/607 2045/778/606 2052/890/686
f 2284/854/624 2292/925/710 2285/855/646
f 2291/922/708 2285/855/646 2292/925/710
f 2041/690/538 2051/848/658 2055/933/717
f 4842/852/661 4844/861/665 4850/931/715
f 4843/856/662 4851/934/718 4841/851/660
f 2567/769/601 2572/827/642 2579/935/719
f 2041/690/538 2055/933/717 2049/836/650
f 4923/936/645 4924/937/720 4849/938/671
f 4800/847/657 4801/873/675 4938/939/721
f 4928/919/705 4848/891/687 4837/802/625
f 4460/893/688 4593/799/623 4596/940/722
f 4923/830/645 4926/864/668 4924/941/720
f 4307/942/612 4308/943/723 4309/944/724
f 2139/913/697 2433/945/725 2427/946/644
f 4535/928/713 4595/845/643 4459/844/655
f 2137/908/676 2287/886/684 2295/947/726
f 2427/829/644 2433/948/725 2430/870/673
f 2280/835/649 2291/922/708 2294/932/716
f 2137/874/676 2295/949/726 2138/911/702
f 4728/773/602 4846/883/682 4852/950/663
f 4526/784/611 4308/951/723 4307/786/612
f 4307/786/612 4309/952/724 4458/818/636
f 1945/889/685 1949/953/727 2053/909/692
f 4801/873/675 4460/954/688 4938/939/721
f 2138/911/702 2140/955/728 2136/862/666
f 4527/792/605 2054/956/709 4536/957/729
f 4931/881/680 4803/926/711 4798/795/620
f 4730/825/641 4735/958/730 4732/850/659
f 2569/904/631 2577/959/694 2290/905/698
f 2048/833/648 2053/897/692 2056/960/731
f 1942/820/637 1943/872/674 1947/902/696
f 2045/778/606 2049/836/650 2057/961/732
f 4841/851/660 4853/962/733 4846/883/682
f 2580/963/734 2573/875/677 2576/895/690
f 2048/833/648 2056/960/731 2051/848/658
f 4925/964/735 4926/965/668 4803/966/711
f 2135/860/653 2141/967/736 2142/968/737
f 1948/915/703 1950/969/738 1943/872/674
f 2054/970/709 2076/971/656 2058/972/739
f 4593/973/623 4457/974/740 4596/975/722
f 4526/976/611 4538/977/741 4308/943/723
f 4527/792/605 4274/978/742 4528/793/618
f 2052/890/686 2045/778/606 2059/979/743
f 4800/847/657 4938/939/721 4802/896/691
f 4458/980/636 4309/981/724 4459/982/655
f 4926/965/668 4925/964/735 4924/937/720
f 4936/882/681 4845/869/672 4854/983/744
f 2286/880/679 2294/932/716 2293/927/712
f 2293/927/712 2296/984/745 2287/886/684
f 2135/860/653 2142/968/737 2428/877/669
f 4534/916/704 4533/906/699 4311/985/746
f 4527/792/605 4536/957/729 4274/978/742
f 2290/905/698 2577/959/694 2297/986/747
f 4852/950/663 4846/883/682 4853/962/733
f 2573/875/677 2581/987/748 2578/910/701
f 5089/907/700 4832/763/596 4937/988/749
f 4531/837/651 4278/989/750 4532/901/695
f 4460/954/688 4804/990/751 4938/939/721
f 2294/932/716 2291/922/708 2298/991/752
f 2428/877/669 2143/992/753 2139/913/697
f 2429/867/670 2430/870/673 2433/948/725
f 2135/860/653 2134/859/664 2141/967/736
f 4845/993/672 4848/994/687 4927/995/754
f 2294/932/716 2299/996/755 2293/927/712
f 4936/882/681 4937/988/749 4832/763/596
f 4847/884/683 4855/997/756 4843/856/662
f 4531/837/651 4528/793/618 4537/998/757
f 4848/994/687 4928/999/705 4929/1000/758
f 2575/894/689 2567/769/601 2579/935/719
f 2136/862/666 2140/955/728 2144/1001/759
f 2136/862/666 2144/1001/759 2134/859/664
f 2295/947/726 2287/886/684 2300/1002/760
f 4729/794/619 4733/863/667 4736/1003/761
f 4844/861/665 5091/1004/762 4850/931/715
f 2076/971/656 2077/1005/678 2058/972/739
f 4930/1006/763 4803/966/711 4931/1007/680
f 4729/794/619 4736/1003/761 4734/920/706
f 2572/827/642 2574/885/579 2582/1008/764
f 1957/1009/765 2431/921/707 2429/867/670
f 4843/856/662 4855/997/756 4851/934/718
f 2575/894/689 2579/935/719 2583/1010/766
f 2577/959/694 2578/1011/701 2297/986/747
f 2055/933/717 2051/848/658 2056/960/731
f 2052/890/686 2060/1012/767 2077/878/678
f 1948/915/703 2432/1013/714 1950/969/738
f 4593/973/623 4535/1014/713 4457/974/740
f 2573/875/677 2580/963/734 2581/987/748
f 2292/925/710 2289/899/693 2301/1015/768
f 4849/938/671 4924/937/720 4928/999/705
f 2052/890/686 2059/979/743 2060/1012/767
f 2054/956/709 2061/1016/769 4536/957/729
f 2428/877/669 2142/968/737 2143/992/753
f 2431/921/707 1957/1009/765 2432/930/714
f 4730/825/641 4734/920/706 4737/1017/770
f 5089/907/700 4856/1018/771 4844/861/665
f 2289/899/693 2290/905/698 2301/1015/768
f 4526/784/611 4534/916/704 4538/1019/741
f 2287/886/684 2296/984/745 2300/1002/760
f 4929/1000/758 4927/995/754 4848/994/687
f 4931/1007/680 4802/1020/691 4930/1006/763
f 4852/950/663 4857/1021/772 4733/1022/667
f 4533/906/699 4539/1023/773 4311/985/746
f 2134/859/664 2144/1001/759 2141/967/736
f 2295/949/726 2145/1024/774 2138/911/702
f 4850/931/715 5090/1025/775 4847/884/683
f 2292/925/710 2302/1026/776 2291/922/708
f 4803/966/711 4930/1006/763 4932/1027/777
f 4528/793/618 4274/978/742 4537/998/757
f 4841/851/660 4851/934/718 4853/962/733
f 2138/911/702 2145/1024/774 2146/1028/778
f 1945/889/685 1947/923/696 1951/1029/779
f 4845/993/672 4927/995/754 4854/1030/744
f 2045/778/606 2057/961/732 2059/979/743
f 1949/953/727 1945/889/685 1951/1029/779
f 5089/1031/700 4937/1032/749 4856/1033/771
f 4734/1034/706 4736/1035/761 4858/1036/780
f 2054/970/709 2058/972/739 2061/1037/769
f 1943/872/674 1952/1038/781 1947/902/696
f 2291/922/708 2302/1026/776 2298/991/752
f 4531/837/651 4537/998/757 4278/989/750
f 2578/1011/701 2581/1039/748 2297/986/747
f 2142/968/737 2141/967/736 2143/992/753
f 4730/825/641 4737/1017/770 4735/958/730
f 4532/901/695 4539/1023/773 4533/906/699
f 4855/997/756 4847/884/683 5090/1025/775
f 4460/1040/688 4596/975/722 4804/1041/751
f 2292/925/710 2301/1015/768 2302/1026/776
f 4532/901/695 4276/1042/782 4539/1023/773
f 2576/895/690 2575/894/689 2580/963/734
f 4850/931/715 5091/1004/762 5090/1025/775
f 4308/943/723 4310/1043/783 4309/944/724
f 2433/945/725 2147/1044/784 2429/1045/670
f 2293/927/712 2299/996/755 2296/984/745
f 4733/1022/667 4857/1021/772 4736/1035/761
f 1943/872/674 1953/1046/785 1952/1038/781
f 4924/937/720 4933/1047/786 4928/999/705
f 5091/1004/762 4844/861/665 4856/1018/771
f 4539/1048/773 4271/1049/787 4311/1050/746
f 1943/872/674 1950/969/738 1953/1046/785
f 4309/981/724 4310/1051/783 4459/982/655
f 2574/742/579 2683/821/638 2582/1052/764
f 2433/945/725 2139/913/697 2148/1053/788
f 4735/958/730 4738/1054/789 4732/850/659
f 4311/1055/746 4312/1056/790 4534/1057/704
f 2053/909/692 1949/953/727 1954/1058/791
f 4925/964/735 4934/1059/792 4935/1060/793
f 4538/977/741 4313/1061/794 4308/943/723
f 2053/909/692 1954/1058/791 2056/1062/731
f 2680/842/654 2681/1063/795 2683/1064/638
f 2295/949/726 2300/1065/760 2145/1024/774
f 2058/972/739 2062/1066/796 2061/1037/769
f 4308/943/723 4313/1061/794 4310/1043/783
f 2149/1067/797 2429/1045/670 2147/1044/784
f 4925/964/735 4935/1060/793 4924/937/720
f 4936/1068/681 4854/1030/744 4937/1069/749
f 4804/1041/751 4596/975/722 4461/1070/798
f 4925/964/735 4803/966/711 4934/1059/792
f 4534/1057/704 4312/1056/790 4538/977/741
f 2138/911/702 2146/1028/778 2140/955/728
f 4596/975/722 4457/974/740 4461/1070/798
f 2580/1071/734 2303/1072/799 2581/1039/748
f 2575/894/689 2583/1010/766 2584/1073/800
f 4535/1014/713 4459/982/655 4462/1074/801
f 2299/996/755 2294/932/716 2304/1075/802
f 2061/1037/769 2062/1066/796 2063/1076/803
f 4802/1020/691 4938/1077/721 4939/1078/804
f 2055/933/717 2056/960/731 1960/1079/805
f 4535/1014/713 4462/1074/801 4457/974/740
f 4532/901/695 4278/989/750 4276/1042/782
f 2301/1015/768 2290/905/698 2305/1080/806
f 4312/1056/790 4313/1061/794 4538/977/741
f 2429/867/670 2149/1081/797 1957/1009/765
f 4463/1082/807 4459/982/655 4310/1051/783
f 1947/923/696 2021/1083/808 1951/1029/779
f 4930/1006/763 4802/1020/691 4940/1084/809
f 4928/999/705 4933/1047/786 4929/1000/758
f 5090/1085/775 5091/1086/762 4862/1087/810
f 4934/1059/792 4803/966/711 4932/1027/777
f 2580/963/734 2575/894/689 2584/1073/800
f 2140/955/728 2150/1088/811 2144/1001/759
f 2294/932/716 2298/991/752 2306/1089/812
f 2143/992/753 2141/967/736 2151/1090/813
f 4854/1030/744 5092/1091/814 4937/1069/749
f 2140/955/728 2146/1028/778 2150/1088/811
f 2298/991/752 2302/1026/776 2306/1089/812
f 2061/1016/769 2063/1092/803 4536/957/729
f 2432/1013/714 1955/1093/815 1950/969/738
f 2433/945/725 2148/1053/788 2147/1044/784
f 4937/1032/749 5092/1094/814 4856/1033/771
f 2141/967/736 2144/1001/759 2152/1095/816
f 5090/1025/775 5099/1096/817 4855/997/756
f 4310/1043/783 4313/1061/794 4470/1097/818
f 2139/913/697 2143/992/753 2148/1053/788
f 4854/1030/744 5096/1098/819 5092/1091/814
f 2294/932/716 2306/1089/812 2304/1075/802
f 2049/836/650 2055/933/717 2057/961/732
f 2296/984/745 2307/1099/820 2300/1002/760
f 2297/986/747 2581/1039/748 2308/1100/821
f 5099/1096/817 4859/1101/822 4855/997/756
f 1953/1046/785 1950/969/738 1952/1038/781
f 4855/997/756 4859/1101/822 4851/934/718
f 2680/842/654 4732/850/659 4865/1102/823
f 2296/984/745 2299/996/755 2309/1103/824
f 4853/962/733 4851/934/718 4860/1104/825
f 4459/982/655 4463/1082/807 4462/1074/801
f 4856/1033/771 5093/1105/826 5091/1086/762
f 1947/902/696 1952/1038/781 2021/1106/808
f 2581/1039/748 2310/1107/827 2308/1100/821
f 4852/950/663 4861/1108/828 4857/1021/772
f 4271/1109/787 4273/1110/829 4311/1055/746
f 4312/1056/790 4311/1055/746 4273/1110/829
f 4854/1030/744 4927/995/754 5096/1098/819
f 2579/935/719 2572/827/642 2585/1111/830
f 4274/978/742 4540/1112/831 4537/998/757
f 2582/1008/764 2683/1113/638 2682/1114/832
f 2144/1001/759 2150/1088/811 2152/1095/816
f 2580/1115/734 2357/1116/833 2303/1117/799
f 2290/905/698 2311/1118/834 2305/1080/806
f 1949/953/727 1951/1029/779 1956/1119/835
f 4802/1020/691 4939/1078/804 4940/1084/809
f 2149/1067/797 1448/1120/836 1957/1121/765
f 2432/1013/714 1957/1122/765 1955/1093/815
f 4852/950/663 4853/962/733 4861/1108/828
f 2143/992/753 2151/1090/813 2148/1053/788
f 2297/986/747 2311/1118/834 2290/905/698
f 2299/996/755 2312/1123/837 2309/1103/824
f 2296/984/745 2309/1103/824 2307/1099/820
f 4938/1077/721 4804/1124/751 4941/1125/838
f 2583/1010/766 2579/935/719 2584/1073/800
f 4929/1000/758 4942/1126/839 4927/995/754
f 4934/1059/792 4932/1027/777 4943/1127/840
f 4457/974/740 4462/1074/801 4464/1128/841
f 4310/1043/783 4470/1097/818 4466/1129/842
f 4734/1034/706 4858/1036/780 4737/1130/770
f 2584/1073/800 2579/935/719 2358/1131/843
f 2306/1089/812 2302/1026/776 2313/1132/844
f 5090/1025/775 4862/1133/810 5099/1096/817
f 4933/1047/786 4924/937/720 4944/1134/845
f 4539/1048/773 4272/1135/846 4271/1049/787
f 1954/1058/791 1949/953/727 1958/1136/847
f 4929/1000/758 4933/1047/786 4942/1126/839
f 2580/1115/734 2584/1137/800 2357/1116/833
f 4853/962/733 4860/1104/825 4861/1108/828
f 4457/974/740 4464/1128/841 4461/1070/798
f 2055/933/717 1960/1079/805 2057/961/732
f 4536/957/729 2063/1092/803 4280/1138/848
f 4463/1082/807 4465/1139/849 4462/1074/801
f 4310/1051/783 4466/1140/842 4463/1082/807
f 1951/1029/779 2021/1083/808 1956/1119/835
f 2149/1067/797 2147/1044/784 2153/1141/850
f 4278/989/750 4537/998/757 4540/1112/831
f 4935/1060/793 4944/1134/845 4924/937/720
f 2146/1028/778 2154/1142/851 2150/1088/811
f 4463/1082/807 4466/1140/842 4465/1139/849
f 2572/827/642 2582/1008/764 2585/1111/830
f 4938/1077/721 4941/1125/838 4939/1078/804
f 4927/995/754 4945/1143/852 5096/1098/819
f 4851/934/718 5101/1144/853 4860/1104/825
f 2153/1141/850 1448/1120/836 2149/1067/797
f 4273/1145/829 4271/1049/787 4272/1135/846
f 2077/1005/678 2064/1146/854 2058/972/739
f 2148/1053/788 2155/1147/855 2147/1044/784
f 2056/1062/731 1959/1148/856 1960/1149/805
f 2303/1072/799 2314/1150/857 2581/1039/748
f 2581/1039/748 2314/1150/857 2310/1107/827
f 4536/957/729 4280/1138/848 4274/978/742
f 4942/1126/839 4945/1143/852 4927/995/754
f 2056/1062/731 1961/1151/858 1959/1148/856
f 4735/958/730 4737/1017/770 4738/1054/789
f 5091/1086/762 5094/1152/859 4862/1087/810
f 2147/1044/784 2156/1153/860 2153/1141/850
f 2056/1062/731 1954/1058/791 1961/1151/858
f 2299/996/755 2304/1075/802 2312/1123/837
f 4312/1056/790 4273/1110/829 4313/1061/794
f 2077/878/678 2060/1012/767 1989/1154/861
f 1957/1121/765 1448/1120/836 2157/1155/862
f 4540/1156/831 4274/1157/742 4275/1158/863
f 1956/1119/835 1958/1136/847 1949/953/727
f 2158/1159/864 2154/1142/851 2146/1028/778
f 2302/1026/776 2301/1015/768 2313/1132/844
f 2057/961/732 1960/1079/805 1963/1160/865
f 4276/1161/782 4277/1162/866 4539/1048/773
f 2300/1002/760 2315/1163/867 2316/1164/868
f 4939/1078/804 4946/1165/869 4940/1084/809
f 4947/1166/870 4943/1127/840 4932/1027/777
f 2297/986/747 2317/1167/871 2311/1118/834
f 2300/1065/760 2316/1168/868 2145/1024/774
f 2145/1024/774 2316/1168/868 2146/1028/778
f 4932/1027/777 4930/1006/763 4947/1166/870
f 5092/1094/814 5093/1105/826 4856/1033/771
f 4804/1041/751 4461/1070/798 4467/1169/872
f 4277/1162/866 4272/1135/846 4539/1048/773
f 2064/1170/854 2077/878/678 1989/1154/861
f 2304/1075/802 2306/1089/812 2312/1123/837
f 4804/1124/751 4467/1171/872 4941/1125/838
f 2584/1137/800 2358/1172/843 2357/1116/833
f 2300/1002/760 2307/1099/820 2315/1163/867
f 2317/1167/871 2297/986/747 2308/1100/821
f 2062/1066/796 2058/972/739 2065/1173/873
f 2151/1090/813 2141/967/736 2159/1174/874
f 2060/1012/767 2059/979/743 2066/1175/875
f 2141/967/736 2152/1095/816 2159/1174/874
f 4276/1161/782 4278/1176/750 4279/1177/876
f 1950/969/738 1962/1178/877 1952/1038/781
f 2058/972/739 2064/1146/854 2065/1173/873
f 4934/1059/792 4948/1179/878 4935/1060/793
f 4276/1161/782 4279/1177/876 4277/1162/866
f 2063/1076/803 2062/1066/796 2067/1180/879
f 2683/1181/880 2681/1182/881 2682/1183/882
f 2059/979/743 2057/961/732 1963/1160/865
f 2680/842/654 4865/1102/823 2681/1063/795
f 2148/1053/788 2151/1090/813 2160/1184/883
f 4933/1047/786 4949/1185/884 4942/1126/839
f 5091/1086/762 5093/1105/826 5094/1152/859
f 2155/1147/855 2156/1153/860 2147/1044/784
f 2585/1111/830 2586/1186/885 2579/935/719
f 4280/1187/848 2063/1188/803 2067/1189/879
f 4462/1074/801 4465/1139/849 4468/1190/886
f 1957/1122/765 2157/1191/862 1955/1093/815
f 1950/969/738 1955/1093/815 1962/1178/877
f 4934/1059/792 4943/1127/840 4950/1192/887
f 4313/1061/794 4314/1193/888 4383/1194/889
f 4930/1006/763 4940/1084/809 4947/1166/870
f 5093/1105/826 5092/1094/814 5095/1195/890
f 2306/1089/812 2318/1196/891 2312/1123/837
f 2301/1015/768 2319/1197/892 2313/1132/844
f 1958/1136/847 1961/1151/858 1954/1058/791
f 2060/1012/767 2066/1175/875 1989/1154/861
f 4732/850/659 4738/1054/789 4865/1102/823
f 2059/979/743 1963/1160/865 2066/1175/875
f 2062/1066/796 2068/1198/893 2067/1180/879
f 4859/1101/822 5101/1144/853 4851/934/718
f 4313/1061/794 4273/1110/829 4314/1193/888
f 1960/1149/805 1959/1148/856 1963/1199/865
f 1956/1119/835 2021/1083/808 1964/1200/894
f 4941/1125/838 4467/1171/872 4951/1201/895
f 2146/1028/778 2316/1168/868 2158/1159/864
f 2062/1066/796 2065/1173/873 2068/1198/893
f 4857/1021/772 4861/1108/828 5107/1202/896
f 2152/1095/816 2161/1203/897 2159/1174/874
f 4934/1059/792 4950/1192/887 4948/1179/878
f 1959/1148/856 1965/1204/898 1963/1199/865
f 1956/1119/835 1964/1200/894 1966/1205/899
f 4465/1139/849 4466/1140/842 4316/1206/900
f 2314/1150/857 2303/1072/799 2359/1207/901
f 4274/1157/742 4280/1187/848 4281/1208/902
f 5096/1209/819 5097/1210/903 5092/1094/814
f 2305/1080/806 2311/1118/834 2320/1211/904
f 4465/1139/849 4469/1212/905 4468/1190/886
f 2301/1015/768 2305/1080/806 2320/1211/904
f 1961/1151/858 1967/1213/906 1959/1148/856
f 4470/1214/818 4316/1206/900 4466/1140/842
f 2151/1090/813 2159/1174/874 2162/1215/907
f 2313/1132/844 2321/1216/908 2306/1089/812
f 2151/1090/813 2162/1215/907 2160/1184/883
f 4933/1047/786 4944/1134/845 4949/1185/884
f 4858/1036/780 5109/1217/909 4737/1130/770
f 4462/1074/801 4471/1218/910 4464/1128/841
f 2148/1053/788 2160/1184/883 2155/1147/855
f 4470/1097/818 4315/1219/911 4316/1220/900
f 4942/1126/839 4952/1221/912 4945/1143/852
f 2301/1015/768 2320/1211/904 2319/1197/892
f 2307/1099/820 2309/1103/824 2322/1222/913
f 4941/1125/838 4946/1165/869 4939/1078/804
f 2313/1132/844 2319/1197/892 2321/1216/908
f 5096/1098/819 4945/1143/852 5106/1223/914
f 4465/1139/849 4316/1206/900 4472/1224/915
f 4862/1087/810 5098/1225/916 5099/1226/817
f 1955/1093/815 2157/1191/862 1968/1227/917
f 1955/1093/815 1968/1227/917 1962/1178/877
f 2357/1116/833 2359/1228/901 2303/1117/799
f 4313/1061/794 4383/1194/889 4470/1097/818
f 4944/1134/845 4935/1060/793 4948/1179/878
f 1956/1119/835 1969/1229/918 1958/1136/847
f 4859/1230/822 5099/1226/817 5100/1231/919
f 2306/1089/812 2321/1216/908 2318/1196/891
f 4275/1158/863 4274/1157/742 4281/1208/902
f 4465/1139/849 4472/1224/915 4469/1212/905
f 1952/1038/781 1970/1232/920 2021/1106/808
f 2582/1008/764 2682/1114/832 2585/1111/830
f 1961/1151/858 1971/1233/921 1967/1213/906
f 2307/1099/820 2322/1222/913 2315/1163/867
f 4279/1177/876 4278/1176/750 4282/1234/922
f 2312/1123/837 2318/1196/891 2323/1235/923
f 1961/1151/858 1958/1136/847 1971/1233/921
f 5101/1236/853 4859/1230/822 5100/1231/919
f 4942/1126/839 4949/1185/884 4952/1221/912
f 2317/1167/871 2324/1237/924 2311/1118/834
f 4278/1176/750 4540/1156/831 4282/1234/922
f 5092/1094/814 5097/1210/903 5095/1195/890
f 4273/1145/829 4272/1135/846 4317/1238/925
f 4467/1169/872 4461/1070/798 4464/1128/841
f 4273/1110/829 4384/1239/926 4314/1193/888
f 2322/1222/913 2309/1103/824 2325/1240/927
f 4861/1108/828 4860/1104/825 5107/1202/896
f 1958/1136/847 1969/1229/918 1971/1233/921
f 2308/1100/821 2310/1107/827 2326/1241/928
f 2161/1203/897 2152/1095/816 2150/1088/811
f 1962/1178/877 1972/1242/929 1952/1038/781
f 2150/1088/811 2154/1142/851 2161/1203/897
f 1956/1119/835 1966/1205/899 1969/1229/918
f 1959/1148/856 1967/1213/906 1973/1243/930
f 2021/1106/808 1974/1244/931 1964/1245/894
f 5100/1231/919 5102/1246/932 5101/1236/853
f 4941/1125/838 4951/1201/895 4946/1165/869
f 1959/1148/856 1973/1243/930 1965/1204/898
f 2312/1123/837 2327/1247/933 2309/1103/824
f 2317/1167/871 2328/1248/934 2324/1237/924
f 1448/1120/836 2153/1141/850 2163/1249/935
f 4470/1097/818 4383/1194/889 4315/1219/911
f 4944/1134/845 4953/1250/936 4949/1185/884
f 2157/1251/862 1448/1252/836 1449/1253/937
f 2157/1251/862 1449/1253/937 1968/1254/917
f 2065/1173/873 2069/1255/938 2068/1198/893
f 5102/1246/932 4860/1256/825 5101/1236/853
f 4277/1162/866 4283/1257/939 4272/1135/846
f 4947/1166/870 4940/1084/809 4954/1258/940
f 4277/1162/866 4279/1177/876 4284/1259/941
f 2310/1107/827 2314/1150/857 2326/1241/928
f 1989/1154/861 2066/1175/875 1822/1260/942
f 4540/1156/831 4275/1158/863 4285/1261/943
f 4858/1036/780 4736/1035/761 5109/1217/909
f 4857/1021/772 5109/1217/909 4736/1035/761
f 2323/1235/923 2327/1247/933 2312/1123/837
f 2311/1118/834 2324/1237/924 2320/1211/904
f 4947/1166/870 4954/1258/940 4943/1127/840
f 2358/1172/843 2579/1262/719 2586/1263/885
f 4314/1193/888 4384/1239/926 4383/1194/889
f 2308/1100/821 2326/1241/928 2317/1167/871
f 5096/1209/819 5103/1264/944 5097/1210/903
f 4462/1074/801 4468/1190/886 4471/1218/910
f 2065/1173/873 2064/1146/854 2069/1255/938
f 4949/1185/884 4953/1250/936 4955/1265/945
f 2315/1163/867 2322/1222/913 2316/1164/868
f 4540/1156/831 4285/1261/943 4282/1234/922
f 4956/1266/946 4945/1143/852 4952/1221/912
f 2158/1159/864 2316/1168/868 2164/1267/947
f 5099/1226/817 5098/1225/916 5100/1231/919
f 2318/1196/891 2329/1268/948 2323/1235/923
f 2021/1106/808 1975/1269/949 1974/1244/931
f 4468/1190/886 4469/1212/905 4473/1270/950
f 4317/1238/925 4272/1135/846 4283/1257/939
f 2318/1196/891 2321/1216/908 2329/1268/948
f 2160/1184/883 2165/1271/951 2155/1147/855
f 2317/1167/871 2326/1241/928 2328/1248/934
f 4862/1087/810 5094/1152/859 5098/1225/916
f 4279/1177/876 4282/1234/922 4284/1259/941
f 1970/1232/920 1975/1269/949 2021/1106/808
f 2161/1203/897 2154/1142/851 2166/1272/952
f 2167/1273/953 2153/1141/850 2156/1153/860
f 2155/1147/855 2167/1273/953 2156/1153/860
f 4472/1224/915 4316/1206/900 4315/1274/911
f 1952/1038/781 1972/1242/929 1970/1232/920
f 2154/1142/851 2168/1275/954 2166/1272/952
f 4954/1258/940 4957/1276/955 4943/1127/840
f 2309/1103/824 2327/1247/933 2325/1240/927
f 5093/1105/826 5104/1277/956 5094/1152/859
f 2319/1197/892 2330/1278/957 2321/1216/908
f 4944/1134/845 4948/1179/878 4953/1250/936
f 2158/1159/864 2168/1275/954 2154/1142/851
f 2067/1180/879 2068/1198/893 2069/1255/938
f 4285/1261/943 4275/1158/863 4286/1279/958
f 2158/1159/864 2164/1267/947 2168/1275/954
f 2160/1184/883 2162/1215/907 2165/1271/951
f 2325/1240/927 2331/1280/959 2322/1222/913
f 4956/1266/946 5106/1223/914 4945/1143/852
f 4952/1221/912 4949/1185/884 4958/1281/960
f 4275/1158/863 4281/1208/902 4286/1279/958
f 2069/1255/938 2064/1146/854 2070/1282/961
f 2166/1272/952 2169/1283/962 2161/1203/897
f 4317/1284/925 4385/1285/963 4273/1110/829
f 4737/1130/770 4863/1286/964 4738/1287/789
f 4948/1179/878 4950/1192/887 4959/1288/965
f 5095/1195/890 5105/1289/966 5093/1105/826
f 4857/1021/772 5107/1202/896 5109/1217/909
f 5096/1209/819 5106/1290/914 5103/1264/944
f 4948/1179/878 4959/1288/965 4953/1250/936
f 4469/1212/905 4474/1291/967 4473/1270/950
f 4949/1185/884 4955/1265/945 4958/1281/960
f 1966/1205/899 1976/1292/968 1969/1229/918
f 4464/1128/841 4471/1218/910 4475/1293/969
f 2325/1240/927 2327/1247/933 2331/1280/959
f 4472/1224/915 4315/1274/911 4476/1294/970
f 2153/1141/850 2167/1273/953 2163/1249/935
f 5107/1295/896 5108/1296/971 5109/1297/909
f 2319/1197/892 2320/1211/904 2330/1278/957
f 2359/1228/901 2357/1116/833 2360/1298/972
f 4282/1234/922 4285/1261/943 4287/1299/973
f 4472/1224/915 4477/1300/974 4469/1212/905
f 4860/1256/825 5110/1301/975 5107/1295/896
f 2357/1116/833 2358/1172/843 2360/1298/972
f 1963/1199/865 1977/1302/976 2066/1303/875
f 4952/1221/912 4958/1281/960 4956/1266/946
f 5094/1152/859 5104/1277/956 5098/1225/916
f 5093/1105/826 5105/1289/966 5104/1277/956
f 1968/1227/917 1978/1304/977 1962/1178/877
f 1963/1199/865 1965/1204/898 1979/1305/978
f 4951/1201/895 4467/1171/872 4482/1306/979
f 1964/1245/894 1974/1244/931 1980/1307/980
f 4281/1208/902 4280/1187/848 4288/1308/981
f 4467/1169/872 4464/1128/841 4475/1293/969
f 4283/1257/939 4277/1162/866 4289/1309/982
f 1962/1178/877 1978/1304/977 1972/1242/929
f 4284/1259/941 4282/1234/922 4287/1299/973
f 1973/1243/930 1979/1305/978 1965/1204/898
f 4280/1187/848 2067/1189/879 4288/1308/981
f 2314/1150/857 2359/1207/901 2332/1310/983
f 4385/1311/963 4317/1238/925 4283/1257/939
f 1967/1213/906 1971/1233/921 1981/1312/984
f 5098/1225/916 5104/1277/956 5111/1313/985
f 4940/1084/809 4946/1165/869 4960/1314/986
f 2167/1273/953 2155/1147/855 2170/1315/987
f 4273/1110/829 4385/1285/963 4384/1239/926
f 4737/1130/770 5109/1217/909 4863/1286/964
f 4951/1201/895 4482/1306/979 4946/1165/869
f 4954/1258/940 4940/1084/809 4960/1314/986
f 2159/1174/874 2161/1203/897 2162/1215/907
f 2067/1180/879 2069/1255/938 4297/1316/988
f 4469/1212/905 4478/1317/989 4474/1291/967
f 1976/1292/968 1966/1205/899 1982/1318/990
f 4943/1127/840 4957/1276/955 4950/1192/887
f 2169/1283/962 2166/1272/952 2168/1275/954
f 1448/1252/836 2163/1319/935 1449/1253/937
f 1980/1320/980 1966/1205/899 1964/1200/894
f 4469/1212/905 4477/1300/974 4478/1317/989
f 4950/1192/887 4957/1276/955 4961/1321/991
f 4472/1224/915 4476/1294/970 4477/1300/974
f 2314/1150/857 2332/1310/983 2326/1241/928
f 4284/1259/941 4289/1309/982 4277/1162/866
f 2585/1322/830 2361/1323/992 2586/1263/885
f 4955/1265/945 4962/1324/993 4958/1281/960
f 4950/1192/887 4961/1321/991 4959/1288/965
f 1977/1302/976 1963/1199/865 1983/1325/994
f 4468/1190/886 4473/1270/950 4471/1218/910
f 1967/1213/906 1981/1312/984 1984/1326/995
f 2155/1147/855 2165/1271/951 2170/1315/987
f 2327/1247/933 2333/1327/996 2331/1280/959
f 1967/1213/906 1984/1326/995 1973/1243/930
f 4471/1218/910 4473/1270/950 4479/1328/997
f 5095/1195/890 5097/1210/903 5112/1329/998
f 2323/1235/923 2333/1327/996 2327/1247/933
f 2069/1255/938 2070/1282/961 2071/1330/999
f 2064/1170/854 1989/1154/861 2070/1331/961
f 2162/1215/907 2171/1332/1000 2165/1271/951
f 1968/1254/917 1449/1253/937 1978/1333/977
f 1976/1292/968 1985/1334/1001 1969/1229/918
f 2069/1255/938 2071/1330/999 2072/1335/1002
f 4383/1336/889 4384/1337/926 4318/1338/1003
f 4281/1208/902 4288/1308/981 4286/1279/958
f 2316/1164/868 2322/1222/913 2164/1339/947
f 2324/1237/924 2334/1340/1004 2320/1211/904
f 1969/1229/918 1986/1341/1005 1971/1233/921
f 1969/1229/918 1985/1334/1001 1986/1341/1005
f 2164/1339/947 2322/1222/913 2181/1342/1006
f 2330/1278/957 2320/1211/904 2334/1340/1004
f 2326/1241/928 2335/1343/1007 2328/1248/934
f 1971/1233/921 1986/1341/1005 1981/1312/984
f 2169/1283/962 2168/1275/954 2172/1344/1008
f 2070/1282/961 2073/1345/1009 2071/1330/999
f 2331/1280/959 2333/1327/996 2336/1346/1010
f 2585/1322/830 2682/1347/832 2361/1323/992
f 1976/1292/968 1982/1318/990 1985/1334/1001
f 4287/1299/973 4290/1348/1011 4284/1259/941
f 2069/1255/938 2072/1349/1002 4297/1316/988
f 2322/1222/913 2331/1280/959 2337/1350/1012
f 1966/1205/899 1980/1320/980 1982/1318/990
f 4956/1266/946 4963/1351/1013 5106/1223/914
f 2337/1350/1012 2181/1342/1006 2322/1222/913
f 2329/1268/948 2333/1327/996 2323/1235/923
f 2358/1172/843 2586/1263/885 2362/1352/1014
f 4953/1250/936 4962/1324/993 4955/1265/945
f 4471/1218/910 4479/1328/997 4475/1293/969
f 2682/1353/882 2681/1354/881 967/1355/1015
f 1963/1199/865 1979/1305/978 1983/1325/994
f 5098/1225/916 5113/1356/1016 5100/1231/919
f 5102/1246/932 5114/1357/1017 4860/1256/825
f 1973/1243/930 1984/1326/995 1987/1358/1018
f 2066/1303/875 1977/1302/976 1822/1359/942
f 2360/1298/972 2358/1172/843 2362/1352/1014
f 4283/1257/939 4289/1309/982 4291/1360/1019
f 1973/1243/930 1987/1358/1018 1979/1305/978
f 1449/1253/937 2163/1319/935 1450/1361/1020
f 5112/1329/998 5105/1289/966 5095/1195/890
f 2169/1283/962 2173/1362/1021 2161/1203/897
f 5110/1301/975 4860/1256/825 5114/1357/1017
f 4383/1336/889 4319/1363/1022 4315/1364/911
f 4284/1259/941 4290/1348/1011 4289/1309/982
f 4318/1338/1003 4319/1363/1022 4383/1336/889
f 5106/1290/914 4963/1365/1013 5103/1264/944
f 1978/1333/977 1449/1253/937 1451/1366/1023
f 4315/1364/911 4319/1363/1022 4486/1367/1024
f 2161/1203/897 2173/1362/1021 2162/1215/907
f 4315/1364/911 4486/1367/1024 4476/1368/970
f 4477/1300/974 4476/1294/970 4480/1369/1025
f 4467/1169/872 4481/1370/1026 4482/1371/979
f 4960/1314/986 4946/1165/869 4964/1372/1027
f 2321/1216/908 2338/1373/1028 2329/1268/948
f 4958/1281/960 4965/1374/1029 4956/1266/946
f 2321/1216/908 2330/1278/957 2339/1375/1030
f 1977/1302/976 1983/1325/994 1819/1376/1031
f 2321/1216/908 2339/1375/1030 2338/1373/1028
f 1972/1242/929 1453/1377/1032 1970/1232/920
f 4956/1266/946 4965/1374/1029 4963/1351/1013
f 4297/1378/988 2072/1379/1002 1817/1380/1033
f 4289/1309/982 4292/1381/1034 4291/1360/1019
f 4738/1287/789 4863/1286/964 4864/1382/1035
f 1982/1318/990 1988/1383/1036 1985/1334/1001
f 4475/1293/969 4481/1370/1026 4467/1169/872
f 1989/1384/861 1822/1385/942 1990/1386/1037
f 1979/1305/978 1991/1387/1038 1983/1325/994
f 5104/1277/956 5105/1289/966 5115/1388/1039
f 2067/1189/879 4293/1389/1040 4288/1308/981
f 4477/1300/974 4480/1369/1025 4478/1317/989
f 4285/1261/943 4286/1279/958 4294/1390/1041
f 4954/1258/940 4966/1391/1042 4957/1276/955
f 1453/1377/1032 1972/1242/929 1978/1304/977
f 4384/1337/926 4385/1392/963 4320/1393/1043
f 4960/1314/986 4966/1391/1042 4954/1258/940
f 2162/1215/907 2173/1362/1021 2174/1394/1044
f 5104/1277/956 5115/1388/1039 5111/1313/985
f 4959/1288/965 4967/1395/1045 4953/1250/936
f 1449/1253/937 1450/1361/1020 1451/1366/1023
f 2333/1327/996 2329/1268/948 2340/1396/1046
f 4384/1337/926 4320/1393/1043 4318/1338/1003
f 4287/1299/973 4285/1261/943 4294/1390/1041
f 2328/1248/934 2335/1343/1007 2324/1237/924
f 4287/1299/973 4295/1397/1047 4290/1348/1011
f 4482/1306/979 4964/1372/1027 4946/1165/869
f 1982/1398/990 1980/1307/980 1992/1399/1048
f 5107/1295/896 5110/1301/975 5108/1296/971
f 2169/1283/962 2175/1400/1049 2173/1362/1021
f 4283/1257/939 4296/1401/1050 4385/1311/963
f 2067/1189/879 4297/1402/988 4293/1389/1040
f 1989/1154/861 1990/1403/1037 2070/1331/961
f 2071/1330/999 2073/1345/1009 2072/1335/1002
f 2168/1275/954 2164/1267/947 2176/1404/1051
f 1978/1333/977 1451/1366/1023 1452/1405/1052
f 2070/1331/961 1990/1403/1037 2073/1406/1009
f 5103/1264/944 4963/1365/1013 5116/1407/1053
f 2170/1315/987 2177/1408/1054 2178/1409/1055
f 1974/1244/931 1993/1410/1056 1980/1307/980
f 4953/1250/936 4967/1395/1045 4962/1324/993
f 4286/1279/958 4288/1308/981 4298/1411/1057
f 2337/1350/1012 2331/1280/959 2336/1346/1010
f 2168/1275/954 2176/1404/1051 2172/1344/1008
f 2165/1271/951 2171/1332/1000 2177/1408/1054
f 1980/1307/980 1993/1410/1056 1994/1412/1058
f 5103/1264/944 5117/1413/1059 5097/1210/903
f 4482/1371/979 4481/1370/1026 4483/1414/1060
f 4319/1363/1022 4321/1415/1061 4486/1367/1024
f 2162/1215/907 2174/1394/1044 2179/1416/1062
f 4958/1281/960 4968/1417/1063 4965/1374/1029
f 2162/1215/907 2179/1416/1062 2171/1332/1000
f 2360/1298/972 2363/1418/1064 2359/1228/901
f 2073/1406/1009 1990/1403/1037 2074/1419/1065
f 2586/1263/885 2361/1323/992 2364/1420/1066
f 4287/1299/973 4294/1390/1041 4295/1397/1047
f 1974/1244/931 1975/1269/949 1993/1410/1056
f 2326/1241/928 2332/1310/983 2335/1343/1007
f 2165/1271/951 2177/1408/1054 2170/1315/987
f 1990/1386/1037 1822/1385/942 1995/1421/1067
f 1817/1422/1033 2072/1335/1002 2073/1345/1009
f 4481/1370/1026 4475/1293/969 4479/1328/997
f 2170/1315/987 2180/1423/1068 2167/1273/953
f 2080/1424/1069 2164/1267/947 2181/1425/1006
f 4966/1391/1042 4969/1426/1070 4957/1276/955
f 1970/1232/920 1453/1377/1032 1455/1427/1071
f 2586/1263/885 2364/1420/1066 2362/1352/1014
f 1453/1428/1032 1978/1333/977 1452/1405/1052
f 2334/1340/1004 2324/1237/924 2341/1429/1072
f 1977/1302/976 1996/1430/1073 1822/1359/942
f 1986/1341/1005 1985/1334/1001 1981/1312/984
f 2074/1419/1065 2075/1431/1074 2073/1406/1009
f 1979/1305/978 1987/1358/1018 1991/1387/1038
f 1982/1398/990 1992/1399/1048 1988/1432/1036
f 1981/1312/984 1997/1433/1075 1984/1326/995
f 1981/1312/984 1985/1334/1001 1997/1433/1075
f 5118/1434/1076 4963/1365/1013 4965/1435/1029
f 2324/1237/924 2335/1343/1007 2342/1436/1077
f 1975/1269/949 1970/1232/920 1455/1427/1071
f 1819/1376/1031 1996/1430/1073 1977/1302/976
f 2332/1310/983 2359/1207/901 2366/1437/1078
f 5097/1210/903 5117/1413/1059 5112/1329/998
f 4289/1309/982 4290/1348/1011 4292/1381/1034
f 1983/1325/994 1820/1438/1079 1819/1376/1031
f 2164/1267/947 2080/1424/1069 2176/1404/1051
f 4286/1279/958 4298/1411/1057 4294/1390/1041
f 2169/1283/962 2172/1344/1008 2175/1400/1049
f 1817/1439/1033 2073/1440/1009 2075/1441/1074
f 1980/1307/980 1994/1412/1058 1992/1399/1048
f 4474/1291/967 4484/1442/1080 4473/1270/950
f 4963/1365/1013 5118/1434/1076 5116/1407/1053
f 1990/1443/1037 1818/1444/1081 2074/1445/1065
f 4738/1287/789 4864/1382/1035 4865/1446/823
f 4866/1447/1082 4482/1448/979 4483/1449/1060
f 5103/1264/944 5116/1407/1053 5117/1413/1059
f 4385/1392/963 4296/1450/1050 4320/1393/1043
f 4474/1291/967 4478/1317/989 4485/1451/1083
f 4961/1321/991 4970/1452/1084 4959/1288/965
f 4968/1417/1063 4958/1281/960 4962/1324/993
f 5102/1246/932 5119/1453/1085 5114/1357/1017
f 5100/1231/919 5113/1356/1016 5102/1246/932
f 2167/1273/953 2180/1423/1068 1456/1454/1086
f 2324/1237/924 2342/1436/1077 2341/1429/1072
f 2181/1342/1006 2337/1350/1012 2336/1346/1010
f 2682/1347/832 967/1455/1087 2365/1456/1088
f 2329/1268/948 2343/1457/1089 2340/1396/1046
f 4318/1338/1003 4320/1393/1043 4322/1458/1090
f 5098/1225/916 5111/1313/985 5113/1356/1016
f 4476/1294/970 4486/1459/1024 4487/1460/1091
f 2177/1408/1054 2171/1332/1000 2179/1416/1062
f 4482/1448/979 4866/1447/1082 4867/1461/1092
f 1983/1325/994 1991/1387/1038 1820/1438/1079
f 1453/1428/1032 1454/1462/1093 1455/1463/1071
f 1985/1334/1001 1988/1383/1036 2000/1464/1094
f 4321/1415/1061 4487/1465/1091 4486/1367/1024
f 5102/1246/932 5113/1356/1016 5119/1453/1085
f 2163/1249/935 2167/1273/953 1456/1454/1086
f 4283/1257/939 4291/1360/1019 4296/1401/1050
f 1985/1334/1001 1998/1466/1095 1999/1467/1096
f 4482/1306/979 4867/1468/1092 4964/1372/1027
f 2336/1346/1010 2333/1327/996 2344/1469/1097
f 5112/1329/998 5117/1413/1059 5120/1470/1098
f 2338/1373/1028 2343/1457/1089 2329/1268/948
f 4297/1378/988 1817/1380/1033 4303/1471/1099
f 2181/1342/1006 2336/1346/1010 2345/1472/1100
f 1453/1428/1032 1452/1405/1052 1454/1462/1093
f 4481/1370/1026 4488/1473/1101 4483/1414/1060
f 4296/1401/1050 4291/1360/1019 4225/1474/1102
f 1985/1334/1001 2000/1464/1094 1998/1466/1095
f 4970/1452/1084 4961/1321/991 4957/1276/955
f 2359/1228/901 2363/1418/1064 2366/1475/1078
f 2338/1373/1028 2339/1375/1030 2346/1476/1103
f 1988/1432/1036 1992/1399/1048 2000/1477/1094
f 4288/1308/981 4293/1389/1040 4299/1478/1104
f 4292/1381/1034 4290/1348/1011 4300/1479/1105
f 5108/1296/971 5110/1301/975 5121/1480/1106
f 2075/1441/1074 2074/1445/1065 1817/1439/1033
f 4476/1294/970 4487/1460/1091 4335/1481/1107
f 5108/1296/971 5122/1482/1108 5109/1297/909
f 4484/1442/1080 4489/1483/1109 4473/1270/950
f 5112/1329/998 5115/1388/1039 5105/1289/966
f 2345/1472/1100 2347/1484/1110 2181/1342/1006
f 1450/1361/1020 2163/1319/935 1456/1485/1086
f 4480/1369/1025 4476/1294/970 4335/1481/1107
f 4474/1291/967 4490/1486/1111 4484/1442/1080
f 4473/1270/950 4489/1483/1109 4479/1328/997
f 4293/1389/1040 4297/1402/988 4299/1478/1104
f 4968/1417/1063 4962/1324/993 4971/1487/1112
f 4290/1348/1011 4295/1397/1047 4300/1479/1105
f 2000/1464/1094 2001/1488/1113 1998/1466/1095
f 1991/1387/1038 1987/1358/1018 2002/1489/1114
f 1819/1490/1031 1820/1491/1079 1996/1492/1073
f 5113/1356/1016 5111/1313/985 5123/1493/1115
f 4966/1391/1042 4960/1314/986 4869/1494/1116
f 1455/1427/1071 1461/1495/1117 1975/1269/949
f 2345/1472/1100 2336/1346/1010 2344/1469/1097
f 2172/1344/1008 2176/1404/1051 2175/1400/1049
f 2339/1375/1030 2330/1278/957 2348/1496/1118
f 4299/1478/1104 4298/1411/1057 4288/1308/981
f 1990/1443/1037 1995/1497/1067 1818/1444/1081
f 4225/1474/1102 4291/1360/1019 4301/1498/1119
f 4966/1391/1042 4869/1494/1116 4972/1499/1120
f 1984/1326/995 1743/1500/1121 1987/1358/1018
f 4957/1276/955 4973/1501/1122 4970/1452/1084
f 2330/1278/957 2334/1340/1004 2348/1496/1118
f 1992/1399/1048 2003/1502/1123 2000/1477/1094
f 5111/1313/985 5115/1388/1039 5124/1503/1124
f 4964/1372/1027 4869/1494/1116 4960/1314/986
f 2348/1496/1118 2334/1340/1004 2341/1429/1072
f 4962/1324/993 4967/1395/1045 4971/1487/1112
f 4223/1504/1125 4298/1411/1057 4299/1478/1104
f 1984/1326/995 1997/1433/1075 1743/1500/1121
f 2182/1505/1126 2179/1416/1062 2174/1394/1044
f 1450/1361/1020 1456/1485/1086 1457/1506/1127
f 1820/1491/1079 1821/1507/1128 1996/1492/1073
f 1820/1491/1079 1991/1508/1038 2002/1509/1114
f 4968/1417/1063 5130/1510/1129 4965/1374/1029
f 2339/1375/1030 2348/1496/1118 2346/1476/1103
f 4298/1411/1057 4220/1511/1130 4294/1390/1041
f 2173/1362/1021 2175/1400/1049 2183/1512/1131
f 4480/1369/1025 4491/1513/1132 4478/1317/989
f 1975/1269/949 1461/1495/1117 1993/1410/1056
f 4295/1397/1047 4213/1514/1133 4300/1479/1105
f 1822/1515/942 1823/1516/1134 1995/1497/1067
f 1822/1515/942 1996/1517/1073 1823/1516/1134
f 4964/1372/1027 4867/1468/1092 4869/1494/1116
f 4474/1291/967 4485/1451/1083 4490/1486/1111
f 2002/1489/1114 1987/1358/1018 1828/1518/1135
f 1985/1334/1001 1999/1467/1096 1997/1433/1075
f 4318/1338/1003 4322/1458/1090 4319/1363/1022
f 2180/1423/1068 2178/1409/1055 2184/1519/1136
f 2001/1488/1113 2000/1464/1094 2004/1520/1137
f 5109/1297/909 5122/1482/1108 4863/1521/964
f 2179/1416/1062 2182/1505/1126 2185/1522/1138
f 2335/1343/1007 2332/1310/983 2203/1523/1139
f 5110/1301/975 5114/1357/1017 5125/1524/1140
f 4967/1395/1045 4974/1525/1141 4971/1487/1112
f 2170/1315/987 2178/1409/1055 2180/1423/1068
f 2342/1436/1077 2349/1526/1142 2341/1429/1072
f 2000/1477/1094 2003/1502/1123 2004/1527/1137
f 4319/1363/1022 4323/1528/1143 4321/1415/1061
f 2175/1400/1049 2078/1529/1144 2183/1512/1131
f 2332/1310/983 2366/1437/1078 2203/1523/1139
f 2177/1408/1054 2179/1416/1062 2178/1409/1055
f 1817/1439/1033 2074/1445/1065 1824/1530/1145
f 2333/1327/996 2340/1396/1046 2344/1469/1097
f 2175/1400/1049 2176/1404/1051 2078/1529/1144
f 4298/1411/1057 4223/1504/1125 4220/1511/1130
f 4864/1531/1035 5126/1532/1146 4865/1533/823
f 2345/1472/1100 2344/1469/1097 2196/1534/1147
f 4967/1395/1045 4959/1288/965 4975/1535/1148
f 4966/1391/1042 4972/1499/1120 4969/1426/1070
f 1993/1410/1056 1461/1495/1117 1465/1536/1149
f 5111/1313/985 5124/1503/1124 5123/1493/1115
f 4478/1317/989 4491/1513/1132 4485/1451/1083
f 2003/1502/1123 1992/1399/1048 2005/1537/1150
f 1997/1433/1075 1999/1467/1096 2006/1538/1151
f 4319/1363/1022 4322/1458/1090 4323/1528/1143
f 4479/1328/997 4489/1483/1109 4492/1539/1152
f 1450/1361/1020 1457/1506/1127 1451/1366/1023
f 2335/1343/1007 2203/1523/1139 2350/1540/1153
f 4479/1328/997 4492/1539/1152 4481/1370/1026
f 1987/1358/1018 1743/1500/1121 1828/1518/1135
f 5112/1329/998 5120/1470/1098 5127/1541/1154
f 1451/1366/1023 1458/1542/1155 1452/1405/1052
f 1818/1444/1081 1825/1543/1156 2074/1445/1065
f 1824/1530/1145 1826/1544/1157 1817/1439/1033
f 2351/1545/1158 2338/1373/1028 2346/1476/1103
f 2181/1425/1006 2354/1546/1159 2080/1424/1069
f 5118/1434/1076 4965/1435/1029 5128/1547/1160
f 2342/1436/1077 2335/1343/1007 2349/1526/1142
f 5115/1388/1039 5112/1329/998 5127/1541/1154
f 1992/1399/1048 2007/1548/1161 2005/1537/1150
f 4320/1393/1043 4296/1450/1050 4324/1549/1162
f 1452/1405/1052 1458/1542/1155 1454/1462/1093
f 2074/1445/1065 1825/1543/1156 1824/1530/1145
f 2335/1343/1007 2350/1540/1153 2349/1526/1142
f 4480/1369/1025 4335/1481/1107 4491/1513/1132
f 4957/1276/955 4969/1426/1070 4973/1501/1122
f 1451/1366/1023 1459/1550/1163 1458/1542/1155
f 1992/1399/1048 1994/1412/1058 2007/1548/1161
f 2179/1416/1062 2185/1522/1138 2178/1409/1055
f 4959/1288/965 4970/1452/1084 4975/1535/1148
f 4302/1551/1164 4301/1498/1119 4291/1360/1019
f 4335/1481/1107 4487/1460/1091 4329/1552/1165
f 2174/1394/1044 2173/1362/1021 2182/1505/1126
f 1997/1433/1075 2006/1538/1151 1743/1500/1121
f 2343/1457/1089 2338/1373/1028 2351/1545/1158
f 1824/1530/1145 1825/1543/1156 1826/1544/1157
f 4299/1478/1104 4297/1402/988 4303/1553/1099
f 2008/1554/1166 1998/1466/1095 2009/1555/1167
f 4292/1381/1034 4300/1479/1105 4304/1556/1168
f 4294/1390/1041 4305/1557/1169 4295/1397/1047
f 5114/1357/1017 5119/1453/1085 5125/1524/1140
f 4296/1450/1050 4225/1558/1102 4324/1549/1162
f 2173/1362/1021 2183/1512/1131 2182/1505/1126
f 4294/1390/1041 4220/1511/1130 4305/1557/1169
f 4320/1393/1043 4324/1549/1162 4322/1458/1090
f 4292/1381/1034 4218/1559/1170 4302/1551/1164
f 2341/1429/1072 2352/1560/1171 2348/1496/1118
f 1456/1454/1086 2180/1423/1068 1460/1561/1172
f 4292/1381/1034 4302/1551/1164 4291/1360/1019
f 2340/1396/1046 2343/1457/1089 2353/1562/1173
f 1456/1485/1086 1460/1563/1172 1457/1506/1127
f 5120/1470/1098 5117/1413/1059 5129/1564/1174
f 1461/1565/1117 1455/1463/1071 1462/1566/1175
f 1454/1462/1093 1463/1567/1176 1455/1463/1071
f 4300/1479/1105 4213/1514/1133 4304/1556/1168
f 2001/1488/1113 2009/1555/1167 1998/1466/1095
f 1821/1507/1128 1820/1491/1079 2002/1509/1114
f 4975/1535/1148 4970/1452/1084 4976/1568/1177
f 4965/1435/1029 5130/1569/1129 5128/1547/1160
f 5116/1407/1053 5118/1434/1076 5128/1547/1160
f 2345/1472/1100 2196/1534/1147 2347/1484/1110
f 5121/1480/1106 5110/1301/975 5125/1524/1140
f 4968/1417/1063 4971/1487/1112 5130/1510/1129
f 5119/1453/1085 5113/1356/1016 5131/1570/1178
f 4335/1481/1107 4493/1571/1179 4491/1513/1132
f 1998/1466/1095 2008/1554/1166 1999/1467/1096
f 1463/1567/1176 1462/1566/1175 1455/1463/1071
f 5122/1482/1108 5132/1572/1180 4863/1521/964
f 1995/1497/1067 1827/1573/1181 1818/1444/1081
f 4971/1487/1112 4974/1525/1141 4977/1574/1182
f 1817/1439/1033 1826/1544/1157 1834/1575/1183
f 1995/1497/1067 1823/1516/1134 1827/1573/1181
f 4303/1553/1099 4306/1576/1184 4299/1478/1104
f 1993/1410/1056 1465/1536/1149 1994/1412/1058
f 2176/1404/1051 2186/1577/1185 2078/1529/1144
f 2347/1484/1110 2354/1578/1159 2181/1342/1006
f 4971/1487/1112 4977/1574/1182 5130/1510/1129
f 4488/1473/1101 4481/1370/1026 4494/1579/1186
f 2009/1580/1167 2001/1581/1113 2004/1527/1137
f 1825/1543/1156 1877/1582/1187 1826/1544/1157
f 4323/1528/1143 4322/1458/1090 4325/1583/1188
f 2341/1429/1072 2349/1526/1142 2352/1560/1171
f 1999/1467/1096 1744/1584/1189 2006/1538/1151
f 4292/1381/1034 4304/1556/1168 4218/1559/1170
f 4299/1478/1104 4306/1576/1184 4223/1504/1125
f 4322/1458/1090 4324/1549/1162 4325/1583/1188
f 4967/1395/1045 4975/1535/1148 4974/1525/1141
f 2340/1396/1046 2353/1562/1173 2344/1469/1097
f 5117/1413/1059 5116/1407/1053 5129/1564/1174
f 4295/1397/1047 4305/1557/1169 4213/1514/1133
f 4213/1585/1133 4214/1586/1190 4304/1587/1168
f 1828/1588/1135 1829/1589/1191 2002/1509/1114
f 4488/1473/1101 4868/1590/1192 4483/1414/1060
f 5115/1388/1039 5127/1541/1154 5133/1591/1193
f 1454/1462/1093 1458/1542/1155 1463/1567/1176
f 4487/1465/1091 4321/1415/1061 4326/1592/1194
f 4487/1465/1091 4326/1592/1194 4327/1593/1195
f 1834/1575/1183 1826/1544/1157 1830/1594/1196
f 1451/1366/1023 1457/1506/1127 1459/1550/1163
f 1999/1467/1096 2008/1554/1166 1744/1584/1189
f 2009/1555/1167 2013/1595/1197 2008/1554/1166
f 5127/1541/1154 5120/1470/1098 5134/1596/1198
f 1460/1561/1172 2180/1423/1068 2187/1597/1199
f 2184/1519/1136 2187/1597/1199 2180/1423/1068
f 1826/1544/1157 1877/1582/1187 1830/1594/1196
f 2004/1527/1137 2003/1502/1123 2010/1598/1200
f 2182/1505/1126 2183/1512/1131 2188/1599/1201
f 4866/1447/1082 4483/1449/1060 4868/1600/1192
f 2004/1527/1137 2010/1598/1200 2009/1580/1167
f 1825/1543/1156 1818/1444/1081 1877/1582/1187
f 4321/1415/1061 4328/1601/1202 4326/1592/1194
f 5123/1493/1115 5135/1602/1203 5113/1356/1016
f 2080/1424/1069 2186/1577/1185 2176/1404/1051
f 2006/1603/1151 1742/1604/1204 1743/1605/1121
f 4481/1370/1026 4492/1539/1152 4494/1579/1186
f 4869/1606/1116 4870/1607/1205 4972/1608/1120
f 2363/1418/1064 2360/1298/972 2367/1609/1206
f 1821/1507/1128 2002/1509/1114 1831/1610/1207
f 2196/1534/1147 2344/1469/1097 2355/1611/1208
f 4969/1426/1070 4875/1612/1209 4973/1501/1122
f 1877/1582/1187 1818/1444/1081 1827/1573/1181
f 4323/1528/1143 4328/1601/1202 4321/1415/1061
f 1834/1575/1183 1830/1594/1196 1877/1582/1187
f 4485/1451/1083 4491/1513/1132 4396/1613/1210
f 4866/1447/1082 4868/1600/1192 4867/1461/1092
f 4303/1471/1099 1832/1614/1211 1833/1615/1212
f 5115/1388/1039 5133/1591/1193 5124/1503/1124
f 1821/1507/1128 1831/1610/1207 1996/1492/1073
f 2013/1595/1197 2011/1616/1213 2008/1554/1166
f 2009/1580/1167 2010/1598/1200 2013/1617/1197
f 4487/1465/1091 4327/1593/1195 4329/1618/1165
f 1817/1380/1033 1834/1619/1183 4303/1471/1099
f 2002/1509/1114 1829/1589/1191 1835/1620/1214
f 2366/1437/1078 2367/1621/1206 2203/1523/1139
f 2348/1496/1118 2352/1560/1171 2346/1476/1103
f 1996/1492/1073 1831/1610/1207 1836/1622/1215
f 2003/1502/1123 2012/1623/1216 2010/1598/1200
f 1459/1550/1163 1464/1624/1217 1458/1542/1155
f 2178/1409/1055 2189/1625/1218 2184/1519/1136
f 4303/1471/1099 1834/1619/1183 1832/1614/1211
f 1828/1588/1135 1743/1626/1121 1829/1589/1191
f 4494/1579/1186 4492/1539/1152 4495/1627/1219
f 4488/1473/1101 4496/1628/1220 4868/1590/1192
f 2364/1420/1066 2368/1629/1221 2362/1352/1014
f 4305/1630/1169 4215/1631/1222 4213/1585/1133
f 5127/1541/1154 5134/1596/1198 5133/1591/1193
f 5130/1569/1129 5136/1632/1223 5128/1547/1160
f 1465/1633/1149 1461/1565/1117 1466/1634/1224
f 5108/1296/971 5121/1480/1106 5137/1635/1225
f 5108/1296/971 5137/1635/1225 5122/1482/1108
f 2006/1603/1151 1744/1636/1189 1742/1604/1204
f 2349/1526/1142 2350/1540/1153 2201/1637/1226
f 2361/1323/992 2682/1347/832 2369/1638/1227
f 2360/1298/972 2362/1352/1014 2370/1639/1228
f 2353/1562/1173 2343/1457/1089 2351/1545/1158
f 4327/1593/1195 4326/1592/1194 4330/1640/1229
f 2008/1641/1166 1745/1642/1230 1744/1636/1189
f 4972/1499/1120 4875/1612/1209 4969/1426/1070
f 1466/1634/1224 1461/1565/1117 1462/1566/1175
f 4488/1473/1101 4494/1579/1186 4496/1628/1220
f 2364/1420/1066 2361/1323/992 2369/1638/1227
f 4863/1521/964 5132/1572/1180 4864/1531/1035
f 5128/1547/1160 5138/1643/1231 5116/1407/1053
f 4302/1551/1164 4219/1644/1232 4301/1498/1119
f 4970/1452/1084 4973/1501/1122 4976/1568/1177
f 5131/1570/1178 5113/1356/1016 5135/1602/1203
f 2007/1548/1161 1994/1412/1058 1472/1645/1233
f 4975/1535/1148 4978/1646/1234 4974/1525/1141
f 4867/1461/1092 4870/1607/1205 4869/1606/1116
f 5124/1503/1124 5135/1602/1203 5123/1493/1115
f 2346/1476/1103 2352/1560/1171 2356/1647/1235
f 2360/1298/972 2370/1639/1228 2367/1609/1206
f 2366/1475/1078 2363/1418/1064 2367/1609/1206
f 2002/1509/1114 1835/1620/1214 1831/1610/1207
f 1996/1517/1073 1836/1648/1215 1823/1516/1134
f 2013/1649/1197 2014/1650/1236 2011/1651/1213
f 1834/1652/1183 1877/1653/1187 1832/1614/1211
f 4323/1528/1143 4325/1583/1188 4328/1601/1202
f 2353/1654/1173 2194/1655/1237 2344/1656/1097
f 1463/1567/1176 1467/1657/1238 1462/1566/1175
f 1457/1506/1127 1460/1563/1172 1468/1658/1239
f 1743/1626/1121 1742/1659/1204 1829/1589/1191
f 5116/1407/1053 5138/1643/1231 5139/1660/1240
f 4213/1585/1133 4215/1631/1222 4214/1586/1190
f 4867/1461/1092 4868/1600/1192 4498/1661/1241
f 2184/1519/1136 2189/1625/1218 2187/1597/1199
f 4494/1579/1186 4495/1627/1219 4392/1662/1242
f 1459/1550/1163 1457/1506/1127 1469/1663/1243
f 5119/1453/1085 5140/1664/1244 5125/1524/1140
f 2344/1656/1097 2194/1655/1237 2355/1665/1208
f 1829/1589/1191 1837/1666/1245 1835/1620/1214
f 1742/1659/1204 1838/1667/1246 1829/1589/1191
f 2011/1651/1213 2014/1650/1236 2015/1668/1247
f 4303/1669/1099 4216/1670/1248 4306/1671/1184
f 2014/1650/1236 2013/1649/1197 2022/1672/1249
f 5124/1503/1124 5141/1673/1250 5135/1602/1203
f 4225/1558/1102 4331/1674/1251 4324/1549/1162
f 1829/1589/1191 1838/1667/1246 1837/1666/1245
f 2350/1540/1153 2203/1523/1139 2201/1637/1226
f 5119/1453/1085 5131/1570/1178 5140/1664/1244
f 2349/1526/1142 2201/1637/1226 2352/1560/1171
f 4976/1568/1177 4877/1675/1252 4975/1535/1148
f 4304/1587/1168 4217/1676/1253 4218/1677/1170
f 1466/1634/1224 1462/1566/1175 1390/1678/1254
f 2178/1409/1055 2185/1522/1138 2189/1625/1218
f 4325/1583/1188 4324/1549/1162 4331/1674/1251
f 2182/1505/1126 2188/1599/1201 2185/1522/1138
f 1465/1633/1149 1466/1634/1224 1390/1678/1254
f 1745/1679/1230 2008/1554/1166 2011/1616/1213
f 2022/1680/1249 2013/1617/1197 2010/1598/1200
f 2346/1476/1103 2356/1647/1235 2351/1545/1158
f 5134/1596/1198 5120/1470/1098 5129/1564/1174
f 2183/1512/1131 2078/1529/1144 2190/1681/1255
f 2195/1682/1256 2082/1683/1257 2347/1684/1110
f 4302/1685/1164 4218/1677/1170 4219/1686/1232
f 1832/1614/1211 1877/1653/1187 1839/1687/1258
f 4220/1688/1130 4221/1689/1259 4305/1630/1169
f 4975/1535/1148 4979/1690/1260 4978/1646/1234
f 4217/1676/1253 4304/1587/1168 4214/1586/1190
f 4492/1539/1152 4489/1483/1109 4484/1442/1080
f 2078/1691/1144 2079/1692/1261 2190/1693/1255
f 4218/1677/1170 4217/1676/1253 4219/1686/1232
f 5130/1510/1129 4977/1574/1182 4980/1694/1262
f 2014/1695/1236 2020/1696/1263 2015/1697/1247
f 1833/1615/1212 1832/1614/1211 1840/1698/1264
f 4303/1471/1099 1833/1615/1212 4216/1699/1248
f 5131/1570/1178 5135/1602/1203 5142/1700/1265
f 2347/1684/1110 2196/1701/1147 2195/1682/1256
f 4973/1501/1122 4874/1702/1266 4976/1568/1177
f 4493/1571/1179 4396/1613/1210 4491/1513/1132
f 2078/1691/1144 2186/1703/1185 2079/1692/1261
f 2362/1352/1014 2368/1629/1221 2370/1639/1228
f 1390/1678/1254 1470/1704/1267 1465/1633/1149
f 4485/1451/1083 4394/1705/1268 4490/1486/1111
f 4328/1601/1202 4332/1706/1269 4326/1592/1194
f 4325/1583/1188 4331/1674/1251 4387/1707/1270
f 4335/1481/1107 4334/1708/1271 4493/1571/1179
f 1744/1636/1189 1745/1642/1230 1742/1604/1204
f 2196/1701/1147 2355/1665/1208 2195/1682/1256
f 4328/1601/1202 4325/1583/1188 4333/1709/1272
f 2186/1703/1185 2080/1710/1069 2081/1711/1273
f 1994/1412/1058 1465/1536/1149 1472/1645/1233
f 4974/1525/1141 4980/1694/1262 4977/1574/1182
f 4305/1630/1169 4221/1689/1259 4215/1631/1222
f 2014/1650/1236 2022/1672/1249 2016/1712/1274
f 1742/1604/1204 1745/1642/1230 1746/1713/1275
f 4306/1671/1184 4222/1714/1276 4223/1715/1125
f 4870/1607/1205 4867/1461/1092 4871/1716/1277
f 5128/1547/1160 5136/1632/1223 5138/1643/1231
f 2354/1717/1159 2347/1684/1110 2082/1683/1257
f 2354/1718/1159 2081/1711/1273 2080/1710/1069
f 1464/1624/1217 1459/1550/1163 1469/1663/1243
f 2014/1650/1236 2016/1712/1274 2020/1719/1263
f 2016/1712/1274 2022/1672/1249 2019/1720/1278
f 2022/1672/1249 2010/1721/1200 2019/1720/1278
f 4221/1689/1259 4220/1688/1130 4222/1714/1276
f 5116/1407/1053 5139/1660/1240 5129/1564/1174
f 2188/1599/1201 2183/1512/1131 2190/1681/1255
f 4333/1709/1272 4332/1706/1269 4328/1601/1202
f 4327/1593/1195 4330/1640/1229 4329/1618/1165
f 2003/1502/1123 2005/1537/1150 2012/1623/1216
f 1470/1704/1267 1471/1722/1279 1465/1633/1149
f 4496/1628/1220 4497/1723/1280 4498/1724/1241
f 4223/1715/1125 4222/1714/1276 4220/1688/1130
f 4975/1535/1148 4877/1675/1252 4979/1690/1260
f 4868/1590/1192 4496/1628/1220 4498/1724/1241
f 1465/1633/1149 1471/1722/1279 1472/1725/1233
f 1832/1614/1211 1839/1687/1258 1840/1698/1264
f 1877/1653/1187 1841/1726/1281 1839/1687/1258
f 2354/1718/1159 2082/1727/1257 2081/1711/1273
f 2010/1598/1200 2012/1623/1216 2017/1728/1282
f 4494/1579/1186 4392/1662/1242 4496/1628/1220
f 4973/1501/1122 4875/1612/1209 4874/1702/1266
f 4484/1442/1080 4490/1486/1111 4394/1705/1268
f 1831/1610/1207 1835/1620/1214 1842/1729/1283
f 2367/1609/1206 2208/1730/1284 2203/1731/1139
f 1464/1624/1217 1473/1732/1285 1458/1542/1155
f 1823/1516/1134 1836/1648/1215 1843/1733/1286
f 4334/1734/1271 4335/1735/1107 4336/1736/1287
f 1458/1542/1155 1467/1657/1238 1463/1567/1176
f 4484/1442/1080 4499/1737/1288 4492/1539/1152
f 1840/1698/1264 1839/1687/1258 1841/1726/1281
f 1877/1653/1187 1849/1738/1289 1841/1726/1281
f 2012/1623/1216 2005/1537/1150 1755/1739/1290
f 1468/1658/1239 1474/1740/1291 1457/1506/1127
f 4976/1568/1177 4874/1702/1266 4877/1675/1252
f 4301/1741/1119 4219/1686/1232 4224/1742/1292
f 4485/1451/1083 4396/1613/1210 4394/1705/1268
f 5121/1480/1106 5143/1743/1293 5137/1635/1225
f 2188/1599/1201 2086/1744/1294 2185/1522/1138
f 2020/1719/1263 2016/1712/1274 2019/1720/1278
f 1833/1615/1212 1840/1698/1264 1844/1745/1295
f 4225/1746/1102 4301/1741/1119 4226/1747/1296
f 1836/1622/1215 1831/1610/1207 1845/1748/1297
f 4325/1583/1188 4387/1707/1270 4333/1709/1272
f 4867/1461/1092 4498/1661/1241 4871/1716/1277
f 4301/1741/1119 4224/1742/1292 4226/1747/1296
f 4484/1442/1080 4394/1705/1268 4500/1749/1298
f 1460/1561/1172 2187/1597/1199 1345/1750/1299
f 1835/1620/1214 1837/1666/1245 1842/1729/1283
f 2018/1751/1300 2019/1752/1300 2020/1753/1300
f 2019/1754/1278 2010/1598/1200 2017/1728/1282
f 2005/1537/1150 2007/1548/1161 1761/1755/1301
f 1457/1506/1127 1474/1740/1291 1469/1663/1243
f 2012/1623/1216 1755/1739/1290 2017/1728/1282
f 4225/1558/1102 4226/1756/1296 4331/1674/1251
f 4870/1607/1205 4872/1757/1302 4972/1608/1120
f 2364/1420/1066 2369/1638/1227 2368/1629/1221
f 1742/1604/1204 1746/1713/1275 1838/1758/1246
f 1460/1563/1172 1345/1759/1299 1468/1658/1239
f 2015/1697/1247 2020/1696/1263 1747/1760/1303
f 2020/1696/1263 2019/1761/1278 1750/1762/1304
f 2007/1548/1161 1472/1645/1233 1761/1755/1301
f 4306/1671/1184 4216/1670/1248 4222/1714/1276
f 5130/1569/1129 4980/1763/1262 5136/1632/1223
f 1838/1758/1246 1746/1713/1275 1748/1764/1305
f 4865/1102/823 5126/1765/1146 2681/1063/795
f 1837/1666/1245 1838/1667/1246 1846/1766/1306
f 2081/1711/1273 2083/1767/1307 2186/1703/1185
f 4392/1768/1242 4393/1769/1308 4496/1770/1220
f 5129/1564/1174 5144/1771/1309 5134/1596/1198
f 1745/1642/1230 2011/1772/1213 2015/1697/1247
f 2015/1697/1247 1749/1773/1310 1745/1642/1230
f 1467/1657/1238 1458/1542/1155 1473/1732/1285
f 2019/1774/1278 1751/1775/1311 1750/1776/1304
f 2353/1654/1173 2351/1777/1158 2197/1778/1312
f 1840/1698/1264 1841/1726/1281 1847/1779/1313
f 1823/1516/1134 1880/1780/1314 1827/1573/1181
f 1841/1726/1281 1849/1738/1289 1847/1781/1313
f 1823/1516/1134 1843/1733/1286 1880/1780/1314
f 2356/1782/1235 2352/1783/1171 2198/1784/1315
f 4493/1571/1179 4334/1708/1271 4399/1785/1316
f 1745/1642/1230 1749/1773/1310 1746/1713/1275
f 5121/1480/1106 5125/1524/1140 5143/1743/1293
f 2019/1786/1278 2017/1787/1282 1751/1788/1311
f 1755/1739/1290 2005/1537/1150 1764/1789/1317
f 1746/1713/1275 1749/1773/1310 1752/1790/1318
f 4214/1586/1190 4215/1631/1222 4227/1791/1319
f 2005/1537/1150 1761/1755/1301 1762/1792/1320
f 5136/1632/1223 5145/1793/1321 5138/1643/1231
f 2351/1777/1158 2356/1782/1235 2199/1794/1322
f 2355/1665/1208 2200/1795/1323 2195/1682/1256
f 5124/1503/1124 5146/1796/1324 5141/1673/1250
f 4219/1686/1232 4228/1797/1325 4224/1742/1292
f 4974/1525/1141 5155/1798/1326 4980/1694/1262
f 5133/1591/1193 5134/1596/1198 5147/1799/1327
f 5133/1591/1193 5147/1799/1327 5146/1796/1324
f 5140/1664/1244 5148/1800/1328 5125/1524/1140
f 1838/1667/1246 1748/1801/1305 1846/1766/1306
f 4326/1592/1194 4332/1706/1269 4330/1640/1229
f 1390/1678/1254 1462/1566/1175 1467/1657/1238
f 2020/1696/1263 1753/1802/1329 1747/1760/1303
f 1472/1645/1233 1389/1803/1330 1761/1755/1301
f 4974/1525/1141 4978/1646/1234 5155/1798/1326
f 2020/1696/1263 1750/1762/1304 1753/1802/1329
f 2352/1783/1171 2201/1804/1226 2198/1784/1315
f 1840/1698/1264 1847/1779/1313 1848/1805/1331
f 1847/1781/1313 1849/1738/1289 1848/1806/1331
f 5129/1564/1174 5139/1660/1240 5144/1771/1309
f 1845/1748/1297 1831/1610/1207 1842/1729/1283
f 4498/1661/1241 4873/1807/1332 4871/1716/1277
f 2005/1537/1150 1762/1792/1320 1764/1789/1317
f 4874/1808/1266 4875/1809/1209 4876/1810/1333
f 1750/1776/1304 1751/1775/1311 1754/1811/1334
f 2185/1522/1138 2191/1812/1335 2189/1625/1218
f 1751/1788/1311 2017/1787/1282 1754/1813/1334
f 5133/1591/1193 5146/1796/1324 5124/1503/1124
f 4871/1716/1277 4873/1807/1332 4870/1607/1205
f 1472/1814/1233 1471/1815/1279 1389/1816/1330
f 1468/1658/1239 1346/1817/1336 1474/1740/1291
f 2365/1456/1088 2369/1638/1227 2682/1347/832
f 4214/1586/1190 4227/1791/1319 4217/1676/1253
f 2355/1665/1208 2194/1655/1237 2200/1795/1323
f 4329/1618/1165 4388/1818/1337 4336/1819/1287
f 1840/1698/1264 1848/1805/1331 1844/1745/1295
f 1750/1776/1304 1754/1811/1334 1753/1802/1329
f 4228/1797/1325 4219/1686/1232 4229/1820/1338
f 2356/1782/1235 2202/1821/1339 2199/1794/1322
f 2081/1711/1273 2082/1727/1257 2084/1822/1340
f 1836/1622/1215 1845/1748/1297 1843/1823/1286
f 4875/1809/1209 4972/1608/1120 4872/1757/1302
f 4222/1714/1276 4216/1670/1248 4230/1824/1341
f 4495/1627/1219 4501/1825/1342 4392/1662/1242
f 4329/1618/1165 4330/1640/1229 4388/1818/1337
f 2203/1826/1139 2204/1827/1343 2201/1804/1226
f 4329/1618/1165 4336/1819/1287 4335/1828/1107
f 4216/1670/1248 4231/1829/1344 4230/1824/1341
f 4215/1631/1222 4221/1689/1259 4232/1830/1345
f 4492/1539/1152 4499/1737/1288 4495/1627/1219
f 1469/1663/1243 1474/1740/1291 1475/1831/1346
f 1345/1832/1299 1346/1833/1336 1468/1834/1239
f 4216/1699/1248 1833/1615/1212 1881/1835/1347
f 5140/1664/1244 5131/1570/1178 5148/1800/1328
f 1476/1836/1348 1464/1624/1217 1469/1663/1243
f 4331/1674/1251 4226/1756/1296 4387/1707/1270
f 4493/1571/1179 4399/1785/1316 4396/1613/1210
f 1827/1837/1181 1887/1838/1349 1877/1839/1187
f 4330/1640/1229 4332/1706/1269 4389/1840/1350
f 5132/1572/1180 5122/1482/1108 5149/1841/1351
f 1844/1745/1295 1848/1805/1331 1878/1842/1352
f 4221/1689/1259 4222/1714/1276 4230/1824/1341
f 1848/1806/1331 1849/1738/1289 1878/1843/1352
f 1464/1624/1217 1476/1836/1348 1473/1732/1285
f 2189/1625/1218 2192/1844/1353 2187/1597/1199
f 4495/1627/1219 4499/1737/1288 4501/1825/1342
f 4219/1686/1232 4217/1676/1253 4229/1820/1338
f 2367/1609/1206 2219/1845/1354 2218/1846/1355
f 2370/1639/1228 2219/1845/1354 2367/1609/1206
f 4484/1442/1080 4500/1749/1298 4499/1737/1288
f 5134/1596/1198 5144/1771/1309 5147/1799/1327
f 1469/1663/1243 1475/1831/1346 1476/1836/1348
f 4334/1708/1271 4502/1847/1356 4399/1785/1316
f 2370/1639/1228 2371/1848/1357 2219/1845/1354
f 1746/1713/1275 1752/1790/1318 1748/1764/1305
f 1347/1849/1358 1345/1750/1299 2187/1597/1199
f 4216/1670/1248 4233/1850/1359 4231/1829/1344
f 2198/1784/1315 2201/1804/1226 2204/1827/1343
f 4396/1613/1210 4503/1851/1360 4394/1705/1268
f 1755/1852/1290 1756/1853/1361 2017/1787/1282
f 2188/1854/1201 2190/1693/1255 2085/1855/1362
f 4334/1734/1271 4336/1736/1287 4502/1856/1356
f 4333/1709/1272 4386/1857/1363 4332/1706/1269
f 4394/1858/1268 4395/1859/1364 4500/1860/1298
f 2208/1730/1284 2367/1609/1206 2218/1846/1355
f 4498/1661/1241 4497/1861/1280 4873/1807/1332
f 2353/1654/1173 2197/1778/1312 2205/1862/1365
f 2187/1597/1199 2192/1844/1353 1347/1849/1358
f 1877/1839/1187 1887/1838/1349 1849/1863/1289
f 4389/1840/1350 4388/1818/1337 4330/1640/1229
f 2015/1697/1247 1757/1864/1366 1758/1865/1367
f 1761/1866/1301 1389/1816/1330 1569/1867/1368
f 4503/1868/1360 4395/1859/1364 4394/1858/1268
f 4233/1850/1359 4216/1670/1248 1881/1869/1347
f 1753/1802/1329 1754/1811/1334 1759/1870/1369
f 1753/1802/1329 1759/1870/1369 1747/1760/1303
f 2189/1625/1218 2193/1871/1370 2192/1844/1353
f 2015/1697/1247 1747/1760/1303 1757/1864/1366
f 1752/1790/1318 1749/1773/1310 1760/1872/1371
f 1761/1873/1372 1569/1874/1372 1762/1875/1372
f 4232/1830/1345 4227/1791/1319 4215/1631/1222
f 2353/1654/1173 2205/1862/1365 2194/1655/1237
f 2189/1625/1218 2191/1812/1335 2193/1871/1370
f 1759/1876/1369 1754/1813/1334 2017/1787/1282
f 5141/1673/1250 5146/1796/1324 5150/1877/1373
f 2079/1692/1261 2186/1703/1185 2083/1767/1307
f 1390/1678/1254 1477/1878/1374 1470/1704/1267
f 2370/1639/1228 2368/1629/1221 2371/1848/1357
f 4877/1879/1252 4874/1808/1266 4878/1880/1375
f 2185/1522/1138 2086/1744/1294 2191/1812/1335
f 4874/1808/1266 4876/1810/1333 4878/1880/1375
f 4333/1881/1272 4337/1882/1376 4386/1883/1363
f 1471/1815/1279 1470/1884/1267 1477/1885/1374
f 2198/1784/1315 2206/1886/1377 2356/1782/1235
f 2082/1683/1257 2195/1682/1256 2207/1887/1378
f 4875/1809/1209 4872/1757/1302 4879/1888/1379
f 1844/1745/1295 1878/1842/1352 1879/1889/1380
f 1878/1890/1352 1849/1863/1289 1879/1891/1380
f 2086/1892/1294 2188/1854/1201 2087/1893/1381
f 1748/1764/1305 1763/1894/1382 1846/1895/1306
f 5138/1643/1231 5151/1896/1383 5139/1660/1240
f 5132/1572/1180 5152/1897/1384 4864/1531/1035
f 1748/1764/1305 1752/1790/1318 1763/1894/1382
f 2190/1693/1255 2079/1692/1261 2085/1855/1362
f 4978/1646/1234 4886/1898/1385 5155/1798/1326
f 1827/1837/1181 1850/1899/1386 1887/1838/1349
f 4875/1809/1209 4879/1888/1379 4876/1810/1333
f 1755/1852/1290 1764/1900/1317 1756/1853/1361
f 1880/1901/1314 1850/1899/1386 1827/1837/1181
f 2082/1683/1257 2207/1887/1378 2084/1902/1340
f 1757/1864/1366 1747/1760/1303 1765/1903/1387
f 4979/1690/1260 4877/1675/1252 4880/1904/1388
f 1749/1773/1310 1766/1905/1389 1760/1872/1371
f 4333/1881/1272 4387/1906/1270 4337/1882/1376
f 4387/1907/1270 4226/1747/1296 4338/1908/1390
f 1471/1815/1279 1576/1909/1391 1389/1816/1330
f 2188/1854/1201 2085/1855/1362 2087/1893/1381
f 5142/1700/1265 5135/1602/1203 5153/1910/1392
f 5137/1635/1225 5154/1911/1393 5122/1482/1108
f 1467/1657/1238 1473/1732/1285 1391/1912/1394
f 4224/1742/1292 4228/1797/1325 4234/1913/1395
f 2203/1826/1139 2208/1914/1284 2204/1827/1343
f 5142/1700/1265 5153/1910/1392 5131/1570/1178
f 1749/1773/1310 2015/1697/1247 1758/1865/1367
f 1749/1773/1310 1758/1865/1367 1766/1905/1389
f 5136/1632/1223 4980/1763/1262 5155/1915/1326
f 4332/1706/1269 4386/1857/1363 4389/1840/1350
f 4877/1879/1252 4878/1880/1375 4880/1916/1388
f 5132/1572/1180 5149/1841/1351 5152/1897/1384
f 2195/1682/1256 2200/1795/1323 2209/1917/1396
f 1765/1903/1387 1747/1760/1303 1767/1918/1397
f 5135/1602/1203 5141/1673/1250 5150/1877/1373
f 1844/1745/1295 1851/1919/1398 1833/1615/1212
f 1844/1745/1295 1879/1889/1380 1852/1920/1399
f 1747/1760/1303 1759/1870/1369 1767/1918/1397
f 1879/1891/1380 1849/1863/1289 1852/1921/1399
f 2081/1711/1273 2084/1822/1340 2083/1767/1307
f 2206/1886/1377 2202/1821/1339 2356/1782/1235
f 2198/1784/1315 2204/1827/1343 2210/1922/1400
f 4217/1676/1253 4227/1791/1319 4235/1923/1401
f 1477/1885/1374 1390/1924/1254 1478/1925/1402
f 4978/1646/1234 4979/1690/1260 4886/1898/1385
f 1833/1615/1212 1859/1926/1403 1881/1835/1347
f 5139/1660/1240 5151/1896/1383 5156/1927/1404
f 4396/1928/1210 4397/1929/1405 4503/1868/1360
f 5139/1660/1240 5156/1927/1404 5144/1771/1309
f 1833/1615/1212 1851/1919/1398 1859/1926/1403
f 5125/1524/1140 5148/1800/1328 5143/1743/1293
f 1881/1930/1347 1859/1931/1403 1853/1932/1406
f 1757/1864/1366 1768/1933/1407 1758/1865/1367
f 5138/1643/1231 5145/1793/1321 5151/1896/1383
f 4499/1934/1288 4500/1860/1298 4398/1935/1408
f 4229/1820/1338 4217/1676/1253 4235/1923/1401
f 4243/1936/1409 4387/1906/1270 4338/1937/1390
f 1842/1729/1283 1837/1666/1245 1854/1938/1410
f 1467/1657/1238 1478/1939/1402 1390/1678/1254
f 5131/1570/1178 5153/1910/1392 5148/1800/1328
f 4387/1906/1270 4243/1936/1409 4337/1882/1376
f 1844/1745/1295 1852/1920/1399 1851/1919/1398
f 1752/1790/1318 1769/1940/1411 1763/1894/1382
f 1880/1780/1314 1843/1733/1286 1882/1941/1412
f 4229/1820/1338 4236/1942/1413 4228/1797/1325
f 4226/1747/1296 4224/1742/1292 4338/1908/1390
f 2351/1777/1158 2199/1794/1322 2197/1778/1312
f 1473/1732/1285 1476/1836/1348 1391/1912/1394
f 1765/1903/1387 1770/1943/1414 1757/1864/1366
f 4392/1768/1242 4501/1944/1342 4393/1769/1308
f 4388/1818/1337 4339/1945/1415 4336/1819/1287
f 2202/1821/1339 2211/1946/1416 2199/1794/1322
f 2017/1787/1282 1756/1853/1361 1771/1947/1417
f 2191/1948/1335 2088/1949/1418 2193/1950/1370
f 1849/1863/1289 1855/1951/1419 1852/1921/1399
f 1851/1919/1398 1852/1920/1399 1855/1952/1419
f 1479/1953/1420 1474/1740/1291 1346/1817/1336
f 1765/1903/1387 1767/1918/1397 1770/1943/1414
f 4979/1690/1260 4880/1904/1388 4886/1898/1385
f 2208/1914/1284 2212/1954/1421 2204/1827/1343
f 1757/1864/1366 1770/1943/1414 1768/1933/1407
f 1752/1790/1318 1760/1872/1371 1769/1940/1411
f 4872/1757/1302 4870/1607/1205 4881/1955/1422
f 1851/1919/1398 1855/1952/1419 1856/1956/1423
f 2087/1893/1381 2089/1957/1424 2086/1892/1294
f 2085/1855/1362 2079/1692/1261 2090/1958/1425
f 2086/1892/1294 2088/1949/1418 2191/1948/1335
f 1764/1900/1317 1762/1959/1320 1772/1960/1426
f 1759/1876/1369 2017/1787/1282 1767/1961/1397
f 2681/1962/795 5126/1963/1146 5065/1964/1427
f 5137/1635/1225 5143/1743/1293 5154/1911/1393
f 1854/1938/1410 1837/1666/1245 1857/1965/1428
f 1845/1748/1297 1842/1729/1283 1854/1938/1410
f 5136/1632/1223 5157/1966/1429 5145/1793/1321
f 1762/1967/1320 1569/1968/1368 1772/1969/1426
f 1770/1943/1414 1767/1918/1397 1812/1970/1430
f 2369/1638/1227 2371/1848/1357 2368/1629/1221
f 1763/1894/1382 1769/1940/1411 1773/1971/1431
f 4393/1769/1308 4497/1972/1280 4496/1770/1220
f 1846/1895/1306 1763/1894/1382 1862/1973/1432
f 1843/1823/1286 1845/1748/1297 1854/1938/1410
f 1843/1823/1286 1854/1938/1410 1858/1974/1433
f 4870/1607/1205 4873/1807/1332 4881/1955/1422
f 2079/1692/1261 2083/1767/1307 2090/1958/1425
f 2084/1902/1340 2207/1887/1378 2213/1975/1434
f 1389/1816/1330 1574/1976/1435 1569/1867/1368
f 5146/1796/1324 5147/1799/1327 5158/1977/1436
f 1756/1853/1361 1577/1978/1437 1578/1979/1438
f 4228/1797/1325 4237/1980/1439 4234/1913/1395
f 4502/1856/1356 4402/1981/1440 4399/1982/1316
f 1772/1969/1426 1569/1968/1368 1570/1983/1441
f 4221/1689/1259 4230/1824/1341 4238/1984/1442
f 1467/1657/1238 1391/1912/1394 1478/1939/1402
f 4388/1985/1337 4389/1986/1350 4340/1987/1443
f 4396/1928/1210 4399/1988/1316 4397/1929/1405
f 1882/1989/1412 1843/1823/1286 1858/1974/1433
f 1389/1816/1330 1576/1909/1391 1574/1976/1435
f 4500/1860/1298 4395/1859/1364 4400/1990/1444
f 1856/1956/1423 1859/1991/1403 1851/1919/1398
f 2200/1795/1323 2194/1655/1237 2209/1917/1396
f 2365/1456/1088 2277/1992/1445 2369/1638/1227
f 1855/1951/1419 1849/1863/1289 1856/1993/1423
f 4338/1908/1390 4224/1742/1292 4234/1913/1395
f 1837/1666/1245 1846/1766/1306 1860/1994/1446
f 1474/1740/1291 1479/1953/1420 1475/1831/1346
f 4386/1883/1363 4341/1995/1447 4389/1986/1350
f 5155/1915/1326 5159/1996/1448 5136/1632/1223
f 1476/1836/1348 1475/1831/1346 1480/1997/1449
f 1767/1961/1397 2017/1787/1282 1812/1998/1430
f 1764/1900/1317 1577/1978/1437 1756/1853/1361
f 1849/1863/1289 1861/1999/1450 1856/1993/1423
f 2017/1787/1282 1771/1947/1417 1812/1998/1430
f 4336/1819/1287 4339/1945/1415 4342/2000/1451
f 2085/1855/1362 2091/2001/1452 2087/1893/1381
f 4386/1883/1363 4337/1882/1376 4341/1995/1447
f 1758/1865/1367 1768/1933/1407 1785/2002/1453
f 5146/1796/1324 5158/1977/1436 5150/1877/1373
f 1849/1863/1289 1887/1838/1349 1861/1999/1450
f 1768/1933/1407 1770/1943/1414 1774/2003/1454
f 4501/1944/1342 4401/2004/1455 4393/1769/1308
f 4236/1942/1413 4237/1980/1439 4228/1797/1325
f 4230/1824/1341 4239/2005/1456 4238/1984/1442
f 2192/2006/1353 2193/1950/1370 2092/2007/1457
f 4230/1824/1341 4231/1829/1344 4239/2005/1456
f 1756/1853/1361 1578/1979/1438 1771/1947/1417
f 1770/1943/1414 1812/1970/1430 1774/2003/1454
f 4872/1757/1302 4881/1955/1422 4879/1888/1379
f 1837/1666/1245 1860/1994/1446 1857/1965/1428
f 2195/1682/1256 2209/1917/1396 2214/2008/1458
f 1859/1991/1403 1856/1956/1423 1861/2009/1450
f 1345/1832/1299 1347/2010/1358 1346/1833/1336
f 1766/1905/1389 1758/1865/1367 1775/2011/1459
f 1476/1836/1348 1480/1997/1449 1481/2012/1460
f 1758/1865/1367 1785/2002/1453 1775/2011/1459
f 4388/1985/1337 4340/1987/1443 4343/2013/1461
f 2086/1892/1294 2089/1957/1424 2088/1949/1418
f 4500/1860/1298 4400/1990/1444 4398/1935/1408
f 1766/1905/1389 1776/2014/1462 1760/1872/1371
f 5136/1632/1223 5159/1996/1448 5157/1966/1429
f 2198/1784/1315 2210/1922/1400 2206/1886/1377
f 2197/1778/1312 2215/2015/1463 2205/1862/1365
f 2208/1914/1284 2216/2016/1464 2212/1954/1421
f 4399/1988/1316 4402/2017/1440 4345/2018/1465
f 2193/1950/1370 2088/1949/1418 2093/2019/1466
f 2197/1778/1312 2199/1794/1322 2217/2020/1467
f 4232/1830/1345 4221/1689/1259 4238/1984/1442
f 1846/1766/1306 1862/2021/1432 1860/1994/1446
f 4399/1988/1316 4345/2018/1465 4397/1929/1405
f 4393/1769/1308 4403/2022/1468 4497/1972/1280
f 4233/1850/1359 1881/1869/1347 1885/2023/1469
f 4343/2024/1461 4339/1945/1415 4388/1818/1337
f 1481/2012/1460 1397/2025/1470 1476/1836/1348
f 1471/1815/1279 1477/1885/1374 1576/1909/1391
f 1764/1900/1317 1777/2026/1471 1577/1978/1437
f 1479/2027/1420 1346/1833/1336 1347/2010/1358
f 2084/1822/1340 2213/2028/1434 2083/1767/1307
f 1861/1999/1450 1887/1838/1349 1863/2029/1472
f 2208/1914/1284 2218/2030/1355 2216/2016/1464
f 5145/1793/1321 5157/1966/1429 4986/2031/1473
f 4400/1990/1444 4395/1859/1364 4404/2032/1474
f 4503/1868/1360 4404/2032/1474 4395/1859/1364
f 1766/1905/1389 1775/2011/1459 1776/2014/1462
f 1768/1933/1407 1774/2003/1454 1778/2033/1475
f 1859/1991/1403 1861/2009/1450 1883/2034/1476
f 1774/2003/1454 1812/1970/1430 1778/2033/1475
f 1769/1940/1411 1760/1872/1371 1779/2035/1477
f 1768/1933/1407 1778/2033/1475 1785/2002/1453
f 2194/1655/1237 2205/1862/1365 2215/2015/1463
f 4229/1820/1338 4235/1923/1401 4236/1942/1413
f 1764/1900/1317 1772/1960/1426 1777/2026/1471
f 4227/1791/1319 4240/2036/1478 4235/1923/1401
f 4873/1807/1332 4882/2037/1479 4881/1955/1422
f 2218/2030/1355 2219/2038/1354 2220/2039/1480
f 2215/2015/1463 2197/1778/1312 2217/2020/1467
f 4231/1829/1344 4241/2040/1481 4239/2005/1456
f 4336/2041/1482 4342/2042/1482 4344/2043/1482
f 1391/1912/1394 1476/1836/1348 1397/2025/1470
f 1853/1932/1406 1859/1931/1403 1883/2044/1476
f 2193/1950/1370 2094/2045/1483 2092/2007/1457
f 2095/2046/1484 2083/1767/1307 2213/2028/1434
f 2195/1682/1256 2214/2008/1458 2207/1887/1378
f 4336/1736/1287 4344/2047/1485 4502/1856/1356
f 1883/2048/1476 1861/2049/1450 1864/2050/1486
f 1857/1965/1428 1860/1994/1446 1854/1938/1410
f 2206/1886/1377 2221/2051/1487 2202/1821/1339
f 4876/1810/1333 4879/1888/1379 4883/2052/1488
f 5150/1877/1373 5158/1977/1436 5160/2053/1489
f 4234/1913/1395 4242/2054/1490 4338/1908/1390
f 5147/1799/1327 5144/1771/1309 4984/2055/1491
f 1776/2014/1462 1779/2035/1477 1760/1872/1371
f 4338/1908/1390 4242/2054/1490 4243/2056/1409
f 1397/2025/1470 1392/2057/1492 1391/1912/1394
f 4231/1829/1344 4233/1850/1359 4241/2040/1481
f 2216/2016/1464 2218/2030/1355 2220/2039/1480
f 4503/1868/1360 4397/1929/1405 4404/2032/1474
f 5147/1799/1327 4985/2058/1493 5158/1977/1436
f 5156/1927/1404 4984/2055/1491 5144/1771/1309
f 4345/2059/1465 4402/1981/1440 4346/2060/1494
f 4864/1531/1035 5161/2061/1495 5126/1532/1146
f 2199/1794/1322 2222/2062/1496 2217/2020/1467
f 1475/1831/1346 1479/1953/1420 1480/1997/1449
f 4234/1913/1395 4237/1980/1439 4244/2063/1497
f 4499/1934/1288 4398/1935/1408 4501/1944/1342
f 1861/1999/1450 1863/2029/1472 1864/2064/1486
f 5143/1743/1293 5162/2065/1498 5154/1911/1393
f 4232/1830/1345 4238/1984/1442 4245/2066/1499
f 2092/2007/1457 2096/2067/1500 2192/2006/1353
f 2087/1893/1381 2097/2068/1501 2089/1957/1424
f 5148/1800/1328 5162/2065/1498 5143/1743/1293
f 4341/1995/1447 4337/1882/1376 4247/2069/1502
f 2192/2006/1353 2096/2067/1500 1347/2070/1358
f 1853/1932/1406 1883/2044/1476 1865/2071/1503
f 2199/1794/1322 2211/1946/1416 2222/2062/1496
f 4497/1861/1280 4408/2072/1504 4873/1807/1332
f 2194/1655/1237 2215/2015/1463 2209/1917/1396
f 2098/2073/1505 2090/1958/1425 2095/2046/1484
f 2090/1958/1425 2083/1767/1307 2095/2046/1484
f 4501/1944/1342 4398/1935/1408 4401/2004/1455
f 5150/1877/1373 5163/2074/1506 5135/1602/1203
f 2207/1887/1378 2214/2008/1458 2213/1975/1434
f 2214/2008/1458 2209/1917/1396 2223/2075/1507
f 4342/2076/1451 4347/2077/1508 4344/2047/1485
f 4232/1830/1345 4245/2066/1499 4227/1791/1319
f 4878/1880/1375 4876/1810/1333 4884/2078/1509
f 2085/1855/1362 2090/1958/1425 2091/2001/1452
f 1880/1901/1314 1891/2079/1510 1850/1899/1386
f 5122/1482/1108 5154/1911/1393 5149/1841/1351
f 2681/2080/1511 1305/2081/1512 967/2082/1513
f 4880/1916/1388 4878/1880/1375 4884/2078/1509
f 1778/2033/1475 1812/1970/1430 1780/2083/1514
f 1778/2033/1475 1780/2083/1514 1785/2002/1453
f 1391/2084/1394 1392/2085/1492 1478/1925/1402
f 1883/2048/1476 1864/2050/1486 1865/2071/1503
f 2211/1946/1416 2202/1821/1339 2221/2051/1487
f 1854/1938/1410 1866/2086/1515 1858/1974/1433
f 1864/2050/1486 1863/2087/1472 1865/2071/1503
f 5147/1799/1327 4984/2055/1491 4985/2058/1493
f 4337/2088/1376 4243/2056/1409 4246/2089/1516
f 1769/1940/1411 1779/2035/1477 1773/1971/1431
f 1865/2071/1503 1863/2087/1472 1867/2090/1517
f 1785/2002/1453 1780/2083/1514 1782/2091/1518
f 2090/1958/1425 2098/2073/1505 2091/2001/1452
f 1882/2092/1412 1884/2093/1519 1880/1901/1314
f 5160/2053/1489 5164/2094/1520 5150/1877/1373
f 4342/2000/1451 4339/1945/1415 4351/2095/1521
f 4337/2088/1376 4246/2089/1516 4247/2096/1502
f 1858/1974/1433 1866/2086/1515 1882/1989/1412
f 1812/1998/1430 1771/1947/1417 1813/2097/1522
f 1881/1930/1347 1853/1932/1406 1890/2098/1523
f 4238/1984/1442 4248/2099/1524 4245/2066/1499
f 2210/1922/1400 2224/2100/1525 2206/1886/1377
f 4344/2047/1485 4347/2077/1508 4348/2101/1526
f 1862/1973/1432 1763/1894/1382 1781/2102/1527
f 4235/1923/1401 4240/2036/1478 4249/2103/1528
f 1854/1938/1410 1860/1994/1446 1868/2104/1529
f 1853/1932/1406 1865/2071/1503 1872/2105/1530
f 5151/1896/1383 5145/1793/1321 4986/2031/1473
f 2088/1949/1418 2089/1957/1424 2093/2019/1466
f 1481/2012/1460 1480/1997/1449 1352/2106/1531
f 1890/2098/1523 1885/2107/1469 1881/1930/1347
f 2193/1950/1370 2093/2019/1466 2094/2045/1483
f 4227/1791/1319 4245/2066/1499 4240/2036/1478
f 4397/1929/1405 4345/2018/1465 4405/2108/1532
f 4233/1850/1359 1885/2023/1469 4241/2040/1481
f 4238/1984/1442 4239/2005/1456 4250/2109/1533
f 1478/1925/1402 1392/2085/1492 1393/2110/1534
f 1782/2111/1518 1780/2112/1514 1812/2113/1430
f 4880/1916/1388 4884/2078/1509 4885/2114/1535
f 5155/1798/1326 4886/1898/1385 4981/2115/1536
f 4236/1942/1413 4251/2116/1537 4237/1980/1439
f 5150/1877/1373 5164/2094/1520 5163/2074/1506
f 2210/1922/1400 2204/1827/1343 2224/2100/1525
f 1478/1925/1402 1393/2110/1534 1394/2117/1538
f 4236/1942/1413 4235/1923/1401 4249/2103/1528
f 2214/2008/1458 2225/2118/1539 2213/1975/1434
f 2097/2068/1501 2099/2119/1540 2089/1957/1424
f 4502/1856/1356 4349/2120/1541 4402/1981/1440
f 4397/1929/1405 4406/2121/1542 4404/2032/1474
f 1882/1989/1412 1866/2086/1515 1884/2122/1519
f 5135/1602/1203 5163/2074/1506 5153/1910/1392
f 2094/2045/1483 2096/2067/1500 2092/2007/1457
f 2215/2015/1463 2223/2075/1507 2209/1917/1396
f 2214/2008/1458 2223/2075/1507 2226/2123/1543
f 4886/2124/1385 4880/1916/1388 4885/2114/1535
f 1867/2090/1517 1863/2087/1472 1869/2125/1544
f 1887/1838/1349 1874/2126/1545 1863/2029/1472
f 1352/2106/1531 1480/1997/1449 1349/2127/1546
f 4876/1810/1333 4887/2128/1547 4884/2078/1509
f 2089/1957/1424 2099/2119/1540 2093/2019/1466
f 1481/2012/1460 1482/2129/1548 1397/2025/1470
f 4243/2056/1409 4242/2054/1490 4246/2089/1516
f 1872/2105/1530 1865/2071/1503 1870/2130/1549
f 4234/1913/1395 4244/2063/1497 4242/2054/1490
f 1867/2090/1517 1869/2131/1544 1865/2071/1503
f 2091/2001/1452 2100/2132/1550 2087/1893/1381
f 1865/2071/1503 1869/2131/1544 1870/2130/1549
f 1478/1925/1402 1395/2133/1551 1477/1885/1374
f 4389/1986/1350 4341/1995/1447 4340/1987/1443
f 4886/2124/1385 4885/2114/1535 4981/2134/1536
f 1880/1901/1314 1884/2093/1519 1891/2079/1510
f 1863/2087/1472 1874/2135/1545 1869/2125/1544
f 4339/1945/1415 4343/2024/1461 4351/2095/1521
f 5155/2136/1326 4982/2137/1552 5159/2138/1448
f 4239/2005/1456 4241/2040/1481 4250/2109/1533
f 1783/2139/1553 1860/2140/1446 1862/1973/1432
f 1777/2141/1471 1772/1969/1426 1571/2142/1554
f 1771/1947/1417 1578/1979/1438 1813/2097/1522
f 5151/1896/1383 4984/2055/1491 5156/1927/1404
f 5151/1896/1383 5165/2143/1555 4984/2055/1491
f 1785/2002/1453 1782/2091/1518 1784/2144/1556
f 4502/1856/1356 4344/2047/1485 4349/2120/1541
f 1763/1894/1382 1773/1971/1431 1781/2102/1527
f 1868/2104/1529 1860/1994/1446 1783/2145/1553
f 2098/2073/1505 2095/2046/1484 2101/2146/1557
f 1782/2111/1518 1812/2113/1430 1790/2147/1558
f 1572/2148/1559 1777/2141/1471 1571/2142/1554
f 5151/1896/1383 4986/2031/1473 5165/2143/1555
f 1569/1968/1368 1573/2149/1560 1570/1983/1441
f 2216/2016/1464 2220/2039/1480 2227/2150/1561
f 1574/2151/1435 1573/2149/1560 1569/1968/1368
f 1784/2152/1556 1782/2111/1518 1790/2147/1558
f 1772/1969/1426 1570/1983/1441 1575/2153/1562
f 1853/1932/1406 1872/2105/1530 1890/2098/1523
f 1872/2105/1530 1870/2130/1549 1871/2154/1563
f 1574/2151/1435 1576/2155/1391 1573/2149/1560
f 1869/2131/1544 1874/2156/1545 1870/2130/1549
f 1478/1925/1402 1394/2117/1538 1395/2133/1551
f 4346/2060/1494 4402/1981/1440 4350/2157/1564
f 1396/2158/1565 1477/1885/1374 1395/2133/1551
f 4340/1987/1443 4390/2159/1566 4343/2013/1461
f 4238/1984/1442 4250/2109/1533 4248/2099/1524
f 4342/2076/1451 4351/2160/1521 4352/2161/1567
f 4864/1531/1035 5152/1897/1384 5161/2061/1495
f 1397/2162/1470 1393/2110/1534 1392/2085/1492
f 2093/2019/1466 2102/2163/1568 2094/2045/1483
f 2087/1893/1381 2100/2132/1550 2097/2068/1501
f 2215/2015/1463 2217/2020/1467 2222/2062/1496
f 1577/2164/1437 1777/2141/1471 1572/2148/1559
f 4344/2047/1485 4348/2101/1526 4349/2120/1541
f 1481/2012/1460 1352/2106/1531 1482/2129/1548
f 2094/2045/1483 2103/2165/1569 2096/2067/1500
f 1479/1953/1420 1349/2127/1546 1480/1997/1449
f 1854/1938/1410 1868/2104/1529 1866/2086/1515
f 4402/1981/1440 4349/2120/1541 4350/2157/1564
f 1783/2139/1553 1862/1973/1432 1897/2166/1570
f 1871/2167/1563 1870/2130/1549 1874/2156/1545
f 1785/2168/1453 1784/2152/1556 1790/2147/1558
f 1785/2168/1453 1790/2147/1558 1788/2169/1571
f 2681/1962/1511 5065/1964/1572 1305/2170/1512
f 1781/2102/1527 1773/1971/1431 1786/2171/1573
f 4240/2036/1478 4245/2066/1499 4252/2172/1574
f 4876/1810/1333 4883/2052/1488 4887/2128/1547
f 2212/1954/1421 2228/2173/1575 2204/1827/1343
f 2211/1946/1416 2229/2174/1576 2222/2062/1496
f 4873/1807/1332 4408/2072/1504 4418/2175/1577
f 4342/2076/1451 4352/2161/1567 4347/2077/1508
f 4401/2004/1455 4398/1935/1408 4407/2176/1578
f 1775/2011/1459 1785/2002/1453 1787/2177/1579
f 1871/2178/1580 1874/2179/1580 1872/2180/1580
f 1397/2025/1470 1400/2181/1581 1393/2182/1534
f 4497/1972/1280 4403/2022/1468 4408/2183/1504
f 4401/2004/1455 4409/2184/1582 4393/1769/1308
f 4881/1955/1422 4888/2185/1583 4879/1888/1379
f 4242/2054/1490 4244/2063/1497 4253/2186/1584
f 2369/2187/1227 2277/2188/1445 2371/2189/1357
f 1850/1899/1386 1891/2079/1510 1873/2190/1585
f 1785/2002/1453 1788/2191/1571 1787/2177/1579
f 4249/2103/1528 4240/2036/1478 4254/2192/1586
f 2211/1946/1416 2221/2051/1487 2229/2174/1576
f 5158/1977/1436 4985/2058/1493 5166/2193/1587
f 2098/2073/1505 2100/2132/1550 2091/2001/1452
f 1395/2133/1551 1394/2117/1538 1398/2194/1588
f 1890/2195/1589 1872/2196/1589 1874/2197/1589
f 1576/1909/1391 1477/1885/1374 1396/2158/1565
f 1479/2027/1420 1348/2198/1590 1349/2199/1546
f 4397/1929/1405 4405/2108/1532 4406/2121/1542
f 2204/1827/1343 2228/2173/1575 2224/2100/1525
f 1885/2200/1469 1890/2201/1523 1886/2202/1591
f 5153/1910/1392 5163/2074/1506 5167/2203/1592
f 2213/2028/1434 2104/2204/1593 2095/2046/1484
f 4873/1807/1332 4418/2175/1577 4882/2037/1479
f 4341/1995/1447 4353/2205/1594 4340/1987/1443
f 2225/2118/1539 2230/2206/1595 2213/1975/1434
f 4245/2066/1499 4248/2099/1524 4255/2207/1596
f 4248/2099/1524 4250/2109/1533 4256/2208/1597
f 4244/2063/1497 4237/1980/1439 4257/2209/1598
f 2206/1886/1377 2224/2100/1525 2221/2051/1487
f 4351/2160/1521 4354/2210/1599 4352/2161/1567
f 2093/2019/1466 2099/2119/1540 2105/2211/1600
f 1887/1838/1349 1850/1899/1386 1873/2190/1585
f 2213/2028/1434 2230/2212/1595 2104/2204/1593
f 1887/2213/1349 1888/2214/1601 1874/2215/1545
f 5158/1977/1436 5166/2193/1587 5160/2053/1489
f 1347/2010/1358 2096/2216/1500 1350/2217/1602
f 1773/1971/1431 1779/2035/1477 1786/2171/1573
f 1578/2218/1438 1577/2164/1437 1572/2148/1559
f 1578/2218/1438 1572/2148/1559 1579/2219/1603
f 1352/2106/1531 1400/2181/1581 1482/2129/1548
f 1788/2169/1571 1790/2147/1558 1791/2220/1604
f 1398/2194/1588 1394/2117/1538 1399/2221/1605
f 4250/2109/1533 4241/2040/1481 4258/2222/1606
f 4398/1935/1408 4400/1990/1444 4407/2176/1578
f 4404/2032/1474 4410/2223/1607 4400/1990/1444
f 1776/2014/1462 1775/2011/1459 1789/2224/1608
f 1885/2023/1469 4259/2225/1609 4241/2040/1481
f 1790/2226/1558 1812/2227/1430 1813/2228/1522
f 2215/2015/1463 2222/2062/1496 2231/2229/1610
f 2215/2015/1463 2231/2229/1610 2232/2230/1611
f 1347/2010/1358 1350/2217/1602 1479/2027/1420
f 1790/2226/1558 1813/2228/1522 1791/2231/1604
f 4254/2192/1586 4240/2036/1478 4252/2172/1574
f 1772/1969/1426 1575/2153/1562 1571/2142/1554
f 4241/2040/1481 4259/2225/1609 4258/2222/1606
f 4393/1769/1308 4411/2232/1612 4403/2022/1468
f 1482/2129/1548 1400/2181/1581 1397/2025/1470
f 4390/2233/1566 4351/2095/1521 4343/2024/1461
f 2215/2015/1463 2232/2230/1611 2223/2075/1507
f 4255/2207/1596 4252/2172/1574 4245/2066/1499
f 5155/1798/1326 4981/2115/1536 4982/2234/1552
f 1400/2235/1581 1401/2236/1613 1393/2110/1534
f 4236/1942/1413 4249/2103/1528 4251/2116/1537
f 4346/2060/1494 4355/2237/1614 4345/2059/1465
f 1885/2200/1469 1886/2202/1591 4259/2238/1609
f 4405/2108/1532 4412/2239/1615 4406/2121/1542
f 2098/2073/1505 2101/2146/1557 2100/2132/1550
f 4390/2240/1566 4354/2241/1599 4351/2242/1521
f 1862/1973/1432 1781/2102/1527 1897/2166/1570
f 4985/2058/1493 4984/2055/1491 5168/2243/1616
f 4883/2052/1488 4889/2244/1617 4887/2128/1547
f 1578/2218/1438 1579/2219/1603 1813/2245/1522
f 4881/1955/1422 4882/2037/1479 4888/2185/1583
f 2225/2118/1539 2233/2246/1618 2230/2206/1595
f 4247/2069/1502 4353/2205/1594 4341/1995/1447
f 5148/1800/1328 5153/1910/1392 5045/2247/1619
f 4250/2109/1533 4260/2248/1620 4256/2208/1597
f 4244/2063/1497 4257/2209/1598 4253/2186/1584
f 5167/2203/1592 5163/2074/1506 5040/2249/1621
f 4237/1980/1439 4251/2116/1537 4257/2209/1598
f 1791/2231/1604 1813/2228/1522 1814/2250/1622
f 1788/2169/1571 1791/2220/1604 1792/2251/1623
f 1393/2110/1534 1399/2221/1605 1394/2117/1538
f 2220/2039/1480 2219/2038/1354 2371/2189/1357
f 1868/2104/1529 1783/2145/1553 1897/2252/1570
f 2221/2051/1487 2234/2253/1624 2229/2174/1576
f 1874/2254/1625 1889/2255/1626 1890/2256/1523
f 1393/2110/1534 1401/2236/1613 1399/2221/1605
f 5154/1911/1393 5162/2065/1498 5169/2257/1627
f 1781/2102/1527 1793/2258/1628 1897/2166/1570
f 4409/2184/1582 4411/2232/1612 4393/1769/1308
f 1787/2177/1579 1788/2191/1571 1815/2259/1629
f 4390/2159/1566 4340/1987/1443 4356/2260/1630
f 4250/2109/1533 4258/2222/1606 4260/2248/1620
f 1866/2086/1515 1868/2104/1529 1895/2261/1631
f 1884/2122/1519 1866/2086/1515 1895/2261/1631
f 4400/1990/1444 4413/2262/1632 4407/2176/1578
f 1395/2133/1551 1398/2194/1588 1396/2158/1565
f 1891/2263/1510 1892/2264/1633 1873/2265/1585
f 1873/2265/1585 1888/2214/1601 1887/2213/1349
f 4401/2004/1455 4407/2176/1578 4409/2184/1582
f 1891/2263/1510 1884/2266/1519 1892/2264/1633
f 5149/1841/1351 5170/2267/1634 5152/1897/1384
f 1788/2169/1571 1792/2251/1623 1815/2268/1629
f 4249/2103/1528 4254/2192/1586 4251/2116/1537
f 2097/2068/1501 2100/2132/1550 2106/2269/1635
f 5149/1841/1351 5154/1911/1393 5170/2267/1634
f 5148/1800/1328 5045/2247/1619 5162/2065/1498
f 5163/2074/1506 5164/2094/1520 5040/2249/1621
f 2093/2019/1466 2105/2211/1600 2102/2163/1568
f 2220/2039/1480 2371/2189/1357 2235/2270/1636
f 1791/2220/1604 1814/2271/1622 1792/2251/1623
f 2231/2229/1610 2222/2062/1496 2236/2272/1637
f 5157/2273/1429 5159/2138/1448 4983/2274/1638
f 1576/2155/1391 1580/2275/1639 1573/2149/1560
f 1892/2264/1633 1884/2266/1519 1893/2276/1640
f 2214/2008/1458 2233/2246/1618 2225/2118/1539
f 5153/1910/1392 5167/2203/1592 5043/2277/1641
f 1792/2251/1623 1814/2271/1622 1815/2268/1629
f 4985/2058/1493 5171/2278/1642 5166/2193/1587
f 4883/2052/1488 4879/1888/1379 4888/2185/1583
f 2229/2174/1576 2237/2279/1643 2222/2062/1496
f 2223/2075/1507 2238/2280/1644 2226/2123/1543
f 4246/2089/1516 4261/2281/1645 4247/2096/1502
f 4346/2060/1494 4350/2157/1564 4357/2282/1646
f 4246/2089/1516 4242/2054/1490 4262/2283/1647
f 4405/2108/1532 4355/2284/1614 4412/2239/1615
f 1890/2256/1523 1889/2255/1626 1894/2285/1648
f 5168/2286/1616 4984/2287/1491 5165/2288/1555
f 4404/2032/1474 4406/2121/1542 4410/2223/1607
f 1479/2027/1420 1350/2217/1602 1348/2198/1590
f 4252/2172/1574 4255/2207/1596 4254/2192/1586
f 4248/2099/1524 4256/2208/1597 4255/2207/1596
f 1571/2142/1554 1581/2289/1649 1572/2148/1559
f 4247/2096/1502 4261/2281/1645 4353/2290/1594
f 4405/2108/1532 4345/2018/1465 4355/2284/1614
f 4254/2192/1586 3080/2291/1650 4251/2116/1537
f 1781/2102/1527 1786/2171/1573 1793/2258/1628
f 5043/2277/1641 5167/2203/1592 5039/2292/1651
f 1884/2266/1519 1895/2293/1631 1893/2276/1640
f 5164/2094/1520 5160/2053/1489 5040/2249/1621
f 1570/1983/1441 1573/2149/1560 1575/2153/1562
f 4347/2077/1508 4352/2161/1567 4348/2101/1526
f 1775/2011/1459 1787/2177/1579 1789/2224/1608
f 5154/1911/1393 5169/2257/1627 5170/2267/1634
f 5160/2053/1489 5166/2193/1587 5040/2249/1621
f 5168/2286/1616 5171/2294/1642 4985/2295/1493
f 4407/2176/1578 4413/2262/1632 4414/2296/1652
f 4246/2089/1516 4262/2283/1647 4261/2281/1645
f 1400/2181/1581 1352/2106/1531 1407/2297/1653
f 1890/2256/1523 1894/2285/1648 1886/2298/1591
f 1576/1909/1391 1396/2158/1565 1580/2299/1639
f 4885/2114/1535 4990/2300/1654 4981/2134/1536
f 4410/2223/1607 4413/2262/1632 4400/1990/1444
f 4349/2120/1541 4348/2101/1526 4358/2301/1655
f 1776/2014/1462 1908/2302/1656 1779/2035/1477
f 4390/2240/1566 4359/2303/1657 4354/2241/1599
f 4354/2210/1599 4391/2304/1658 4352/2161/1567
f 1815/2305/1629 1814/2250/1622 1794/2306/1659
f 1779/2035/1477 1908/2302/1656 1786/2171/1573
f 1815/2259/1629 1816/2307/1660 1787/2177/1579
f 4986/2308/1473 5157/2273/1429 4987/2309/1661
f 5157/2273/1429 4983/2274/1638 4987/2309/1661
f 4346/2060/1494 4357/2282/1646 4355/2237/1614
f 4407/2176/1578 4414/2296/1652 4409/2184/1582
f 2228/2173/1575 2212/1954/1421 2239/2310/1662
f 5045/2247/1619 5153/1910/1392 5043/2277/1641
f 2212/1954/1421 2216/2016/1464 2240/2311/1663
f 2212/1954/1421 2240/2311/1663 2239/2310/1662
f 2232/2230/1611 2238/2280/1644 2223/2075/1507
f 4406/2121/1542 4412/2239/1615 4415/2312/1664
f 1815/2305/1629 1794/2306/1659 1816/2313/1660
f 4348/2101/1526 4360/2314/1665 4358/2301/1655
f 1400/2181/1581 1407/2297/1653 1483/2315/1666
f 1396/2158/1565 1402/2316/1667 1403/2317/1668
f 2371/2189/1357 2277/2188/1445 2241/2318/1669
f 4986/2308/1473 4988/2319/1670 5165/2288/1555
f 1398/2194/1588 1402/2316/1667 1396/2158/1565
f 4258/2222/1606 4263/2320/1671 4260/2248/1620
f 2222/2062/1496 2237/2279/1643 2236/2272/1637
f 1407/2297/1653 1352/2106/1531 1351/2321/1672
f 1889/2255/1626 1896/2322/1673 1894/2285/1648
f 2214/2008/1458 2226/2123/1543 2233/2246/1618
f 4884/2078/1509 4887/2128/1547 4890/2323/1674
f 2221/2051/1487 2224/2100/1525 2234/2253/1624
f 1776/2014/1462 1789/2224/1608 1908/2302/1656
f 4354/2241/1599 4359/2303/1657 4391/2324/1658
f 1793/2258/1628 1786/2171/1573 1901/2325/1675
f 1874/2326/1676 1896/2327/1676 1889/2328/1676
f 1399/2221/1605 1401/2236/1613 1404/2329/1677
f 4349/2120/1541 4358/2301/1655 4350/2157/1564
f 4253/2186/1584 4257/2209/1598 4264/2330/1678
f 1572/2148/1559 1581/2289/1649 1579/2219/1603
f 1580/2299/1639 1396/2158/1565 1582/2331/1679
f 1401/2236/1613 1400/2235/1581 1483/2332/1666
f 2371/2189/1357 2241/2318/1669 2242/2333/1680
f 4352/2161/1567 4361/2334/1681 4348/2101/1526
f 1787/2177/1579 1816/2307/1660 1795/2335/1682
f 2232/2230/1611 2231/2229/1610 2243/2336/1683
f 2232/2230/1611 2243/2336/1683 2244/2337/1684
f 5159/2138/1448 4982/2137/1552 4983/2274/1638
f 4251/2116/1537 4265/2338/1685 4257/2209/1598
f 5168/2286/1616 5165/2288/1555 4989/2339/1686
f 4981/2134/1536 4990/2300/1654 4982/2340/1552
f 4350/2157/1564 4358/2301/1655 4357/2282/1646
f 2232/2230/1611 2244/2337/1684 2238/2280/1644
f 4884/2078/1509 4890/2323/1674 4885/2114/1535
f 1816/2341/1660 1794/2342/1659 1795/2343/1682
f 4888/2185/1583 4891/2344/1687 4883/2052/1488
f 1398/2194/1588 1399/2221/1605 1408/2345/1688
f 4390/2159/1566 4356/2260/1630 4362/2346/1689
f 4411/2232/1612 4409/2184/1582 4416/2347/1690
f 4986/2308/1473 4987/2309/1661 4988/2319/1670
f 1874/2215/1545 1888/2214/1601 1896/2348/1673
f 4883/2052/1488 4891/2344/1687 4889/2244/1617
f 1897/2252/1570 1875/2349/1691 1868/2104/1529
f 4263/2320/1671 4258/2222/1606 4259/2225/1609
f 1402/2316/1667 1398/2194/1588 1408/2345/1688
f 1868/2350/1529 1876/2351/1692 1895/2352/1631
f 1580/2275/1639 1590/2353/1693 1573/2149/1560
f 4340/1987/1443 4353/2205/1594 4356/2260/1630
f 1399/2221/1605 1404/2329/1677 1408/2345/1688
f 4353/2290/1594 4261/2281/1645 3077/2354/1694
f 4242/2054/1490 4253/2186/1584 4262/2283/1647
f 4253/2186/1584 4264/2330/1678 4262/2283/1647
f 5040/2249/1621 5039/2292/1651 5167/2203/1592
f 2229/2174/1576 2234/2253/1624 2237/2279/1643
f 5162/2065/1498 5045/2247/1619 5047/2355/1695
f 4887/2128/1547 4889/2244/1617 4892/2356/1696
f 4982/2137/1552 4990/2357/1654 4991/2358/1697
f 4261/2281/1645 4262/2283/1647 4266/2359/1698
f 4882/2037/1479 4418/2175/1577 4893/2360/1699
f 4390/2240/1566 4362/2361/1689 4359/2303/1657
f 4882/2037/1479 4893/2360/1699 4888/2185/1583
f 1786/2171/1573 1796/2362/1700 1901/2325/1675
f 1786/2171/1573 1908/2302/1656 1796/2362/1700
f 2216/2016/1464 2227/2150/1561 2240/2311/1663
f 4257/2209/1598 4265/2338/1685 4264/2330/1678
f 2224/2100/1525 2245/2363/1701 2234/2253/1624
f 4403/2022/1468 4411/2232/1612 4417/2364/1702
f 2100/2132/1550 2101/2146/1557 2107/2365/1703
f 2371/2189/1357 2242/2333/1680 2235/2270/1636
f 5162/2065/1498 5047/2355/1695 5169/2257/1627
f 4408/2183/1504 4403/2022/1468 4896/2366/1704
f 4255/2207/1596 4256/2208/1597 4267/2367/1705
f 1886/2298/1591 1894/2285/1648 1896/2322/1673
f 4982/2137/1552 4991/2358/1697 4983/2274/1638
f 2240/2311/1663 2246/2368/1706 2239/2310/1662
f 2227/2150/1561 2220/2039/1480 2235/2270/1636
f 1573/2149/1560 1590/2353/1693 1575/2153/1562
f 4418/2369/1577 4408/2183/1504 4896/2366/1704
f 2226/2123/1543 2238/2280/1644 2233/2246/1618
f 1401/2236/1613 1405/2370/1707 1404/2329/1677
f 4359/2303/1657 4362/2371/1689 4391/2324/1658
f 3077/2354/1694 4261/2281/1645 4266/2359/1698
f 1396/2158/1565 1403/2317/1668 1582/2331/1679
f 1897/2372/1570 1798/2373/1708 1875/2374/1691
f 1582/2375/1679 1590/2353/1693 1580/2275/1639
f 2099/2119/1540 2108/2376/1709 2105/2211/1600
f 4255/2207/1596 3074/2377/1710 4254/2192/1586
f 2095/2046/1484 2104/2204/1593 2101/2146/1557
f 1401/2236/1613 1483/2332/1666 1406/2378/1711
f 1795/2335/1682 1801/2379/1712 1787/2177/1579
f 1794/2342/1659 1797/2380/1713 1795/2343/1682
f 1794/2306/1659 1814/2250/1622 1797/2381/1713
f 4357/2282/1646 4358/2301/1655 4363/2382/1714
f 1793/2258/1628 1798/2383/1708 1897/2166/1570
f 1876/2384/1692 1868/2104/1529 1875/2349/1691
f 4262/2283/1647 4264/2330/1678 3084/2385/1715
f 4262/2283/1647 3084/2385/1715 4266/2359/1698
f 4409/2184/1582 4414/2296/1652 4416/2347/1690
f 4410/2223/1607 4414/2296/1652 4413/2262/1632
f 1351/2386/1672 1352/2387/1531 1353/2388/1716
f 5165/2288/1555 4988/2319/1670 4992/2389/1717
f 2235/2270/1636 2247/2390/1718 2227/2150/1561
f 5165/2288/1555 4992/2389/1717 4989/2339/1686
f 1405/2370/1707 1401/2236/1613 1406/2378/1711
f 1402/2316/1667 1408/2345/1688 1403/2317/1668
f 1793/2258/1628 1901/2325/1675 1799/2391/1719
f 4254/2192/1586 3074/2377/1710 3080/2291/1650
f 4256/2208/1597 4260/2248/1620 3073/2392/1720
f 1582/2375/1679 1583/2393/1721 1590/2353/1693
f 1404/2329/1677 1405/2370/1707 1408/2345/1688
f 2094/2045/1483 2109/2394/1722 2103/2165/1569
f 5171/2294/1642 5168/2286/1616 4993/2395/1723
f 1814/2250/1622 1813/2228/1522 1800/2396/1724
f 2239/2310/1662 2248/2397/1725 2228/2173/1575
f 4265/2338/1685 3075/2398/1726 4264/2330/1678
f 4355/2284/1614 4367/2399/1727 4412/2239/1615
f 4361/2334/1681 4352/2161/1567 4364/2400/1728
f 1795/2343/1682 1797/2380/1713 1801/2401/1712
f 4885/2114/1535 4890/2323/1674 4894/2402/1729
f 2105/2211/1600 2110/2403/1730 2102/2163/1568
f 2099/2119/1540 2097/2068/1501 2108/2376/1709
f 4403/2022/1468 4417/2364/1702 4896/2366/1704
f 1896/2348/1673 1888/2214/1601 1898/2404/1731
f 1793/2405/1628 1799/2406/1719 1798/2373/1708
f 1575/2153/1562 1584/2407/1732 1571/2142/1554
f 1353/2388/1716 1352/2387/1531 1349/2199/1546
f 1581/2289/1649 1571/2142/1554 1584/2407/1732
f 4251/2116/1537 3080/2291/1650 4265/2338/1685
f 1797/2381/1713 1814/2250/1622 1800/2396/1724
f 5039/2408/1651 5040/2409/1621 5041/2410/1733
f 2094/2045/1483 2102/2163/1568 2109/2394/1722
f 5166/2411/1587 5042/2412/1734 5040/2409/1621
f 4256/2413/1597 3073/2414/1720 4267/2415/1705
f 2100/2132/1550 2107/2365/1703 2111/2416/1735
f 1407/2417/1653 1351/2418/1672 1483/2419/1666
f 1590/2353/1693 1585/2420/1736 1575/2153/1562
f 4893/2360/1699 4418/2175/1577 4422/2421/1737
f 1896/2322/1673 1898/2422/1731 1886/2298/1591
f 4410/2223/1607 4406/2121/1542 4415/2312/1664
f 1789/2224/1608 1618/2423/1738 1908/2302/1656
f 4989/2339/1686 4994/2424/1739 5168/2286/1616
f 4889/2244/1617 4895/2425/1740 4892/2356/1696
f 4889/2244/1617 4891/2344/1687 4895/2425/1740
f 1789/2224/1608 1787/2177/1579 1907/2426/1741
f 4990/2300/1654 4885/2114/1535 4894/2402/1729
f 1408/2427/1742 1409/2428/1742 1410/2429/1742
f 5166/2411/1587 5171/2430/1642 4995/2431/1743
f 1899/2432/1744 1886/2202/1591 1900/2433/1745
f 1801/2401/1712 1797/2380/1713 1802/2434/1746
f 1901/2435/1675 1803/2436/1747 1799/2406/1719
f 1405/2370/1707 1406/2378/1711 1414/2437/1748
f 1886/2438/1749 1898/2439/1749 1900/2440/1749
f 4992/2389/1717 4994/2424/1739 4989/2339/1686
f 5168/2286/1616 4994/2424/1739 4993/2395/1723
f 4360/2314/1665 4363/2382/1714 4358/2301/1655
f 4887/2128/1547 4892/2356/1696 4890/2323/1674
f 1408/2441/1688 1409/2442/1750 1411/2443/1751
f 4260/2248/1620 4263/2320/1671 3073/2392/1720
f 1901/2325/1675 1796/2362/1700 1803/2444/1747
f 1403/2317/1668 1586/2445/1752 1583/2446/1721
f 1403/2317/1668 1583/2446/1721 1582/2331/1679
f 1583/2447/1721 1586/2448/1752 1614/2449/1753
f 5042/2412/1734 5041/2410/1733 5040/2409/1621
f 4414/2296/1652 4419/2450/1754 4416/2347/1690
f 4353/2290/1594 4268/2451/1755 4356/2452/1630
f 4259/2238/1609 1886/2202/1591 1934/2453/1756
f 1403/2317/1668 1408/2345/1688 1446/2454/1757
f 2227/2150/1561 2247/2390/1718 2240/2311/1663
f 1408/2345/1688 1405/2370/1707 1409/2455/1750
f 1789/2224/1608 1907/2426/1741 1804/2456/1758
f 4896/2457/1704 4422/2421/1737 4418/2175/1577
f 4410/2223/1607 4419/2450/1754 4414/2296/1652
f 4888/2185/1583 4893/2360/1699 4891/2344/1687
f 5166/2411/1587 4995/2431/1743 5042/2412/1734
f 1411/2443/1751 1446/2458/1757 1408/2441/1688
f 2104/2204/1593 2260/2459/1759 2101/2146/1557
f 3075/2398/1726 3084/2385/1715 4264/2330/1678
f 2102/2163/1568 2110/2403/1730 2109/2394/1722
f 1584/2407/1732 1575/2153/1562 1587/2460/1760
f 2239/2310/1662 2246/2368/1706 2248/2397/1725
f 2244/2337/1684 2249/2461/1761 2238/2280/1644
f 2108/2376/1709 2097/2068/1501 2112/2462/1762
f 4255/2207/1596 4267/2367/1705 3074/2377/1710
f 4391/2304/1658 4365/2463/1763 4352/2161/1567
f 1797/2381/1713 1800/2396/1724 1802/2434/1746
f 4265/2338/1685 4269/2464/1764 3075/2398/1726
f 1787/2177/1579 1801/2379/1712 1907/2426/1741
f 1789/2224/1608 1804/2456/1758 1618/2423/1738
f 1899/2432/1744 1900/2433/1745 1898/2465/1731
f 1899/2432/1744 1898/2465/1731 1902/2466/1765
f 2103/2165/1569 2109/2394/1722 1356/2467/1766
f 1350/2217/1602 1354/2468/1767 1348/2198/1590
f 4355/2237/1614 4366/2469/1768 4367/2470/1727
f 1581/2289/1649 1584/2407/1732 1588/2471/1769
f 1403/2317/1668 1446/2454/1757 1586/2445/1752
f 4419/2450/1754 4410/2223/1607 4420/2472/1770
f 1575/2153/1562 1585/2420/1736 1587/2460/1760
f 2103/2165/1569 1356/2467/1766 2096/2067/1500
f 4412/2239/1615 4367/2399/1727 4415/2312/1664
f 1406/2378/1711 1483/2332/1666 1412/2473/1771
f 4362/2474/1689 4365/2475/1763 4391/2476/1658
f 1483/2419/1666 1351/2418/1672 1358/2477/1772
f 4353/2290/1594 3077/2354/1694 4268/2451/1755
f 5171/2294/1642 4993/2395/1723 4995/2478/1743
f 1411/2443/1751 1413/2479/1773 1446/2458/1757
f 4990/2357/1654 4996/2480/1774 4991/2358/1697
f 1414/2437/1748 1409/2455/1750 1405/2370/1707
f 4356/2260/1630 4368/2481/1775 4362/2346/1689
f 1414/2482/1748 1406/2378/1711 1412/2473/1771
f 1813/2228/1522 1484/2483/1776 1800/2396/1724
f 4357/2282/1646 4369/2484/1777 4355/2237/1614
f 2106/2269/1635 2112/2462/1762 2097/2068/1501
f 1583/2447/1721 1614/2449/1753 1590/2485/1693
f 1801/2401/1712 1802/2434/1746 1800/2396/1724
f 1801/2401/1712 1800/2396/1724 1805/2486/1778
f 1934/2453/1756 1886/2202/1591 1899/2432/1744
f 4355/2237/1614 4369/2484/1777 4366/2469/1768
f 2244/2337/1684 2243/2336/1683 2249/2461/1761
f 4265/2338/1685 3080/2291/1650 4269/2464/1764
f 5043/2487/1641 5039/2408/1651 5044/2488/1779
f 2238/2280/1644 2250/2489/1780 2233/2246/1618
f 1581/2289/1649 1588/2471/1769 1579/2219/1603
f 4348/2101/1526 4370/2490/1781 4360/2314/1665
f 2096/2216/1500 1355/2491/1782 1350/2217/1602
f 4896/2366/1704 4421/2492/1783 4422/2493/1737
f 4987/2309/1661 4983/2274/1638 4997/2494/1784
f 1579/2219/1603 1588/2471/1769 1487/2495/1785
f 4363/2382/1714 4369/2484/1777 4357/2282/1646
f 2105/2211/1600 2108/2376/1709 2110/2403/1730
f 1411/2443/1751 1409/2442/1750 1413/2479/1773
f 2100/2132/1550 2111/2416/1735 2106/2269/1635
f 1873/2265/1585 1903/2496/1786 1888/2214/1601
f 1414/2482/1748 1412/2473/1771 1409/2497/1750
f 4988/2319/1670 4987/2309/1661 4998/2498/1787
f 1614/2499/1788 1589/2500/1788 1590/2501/1788
f 1902/2466/1765 1932/2502/1789 1899/2432/1744
f 2228/2173/1575 2251/2503/1790 2224/2100/1525
f 4352/2161/1567 4365/2463/1763 4371/2504/1791
f 1796/2362/1700 1908/2302/1656 1803/2444/1747
f 1409/2497/1750 1412/2473/1771 1415/2505/1792
f 4368/2481/1775 4356/2260/1630 4270/2506/1793
f 2101/2146/1557 2260/2459/1759 2107/2365/1703
f 4352/2161/1567 4371/2504/1791 4364/2400/1728
f 1907/2426/1741 1801/2379/1712 1805/2507/1778
f 4368/2508/1775 4372/2509/1794 4362/2474/1689
f 4362/2474/1689 4372/2509/1794 4365/2475/1763
f 1876/2351/1692 1904/2510/1795 1895/2352/1631
f 1484/2511/1796 1813/2512/1796 1485/2513/1796
f 2228/2173/1575 2248/2397/1725 2251/2503/1790
f 1873/2265/1585 1892/2264/1633 1903/2496/1786
f 4411/2232/1612 4416/2347/1690 4417/2364/1702
f 4417/2364/1702 4423/2514/1797 4896/2366/1704
f 1932/2515/1789 1902/2466/1765 1933/2516/1798
f 1902/2466/1765 1898/2465/1731 1933/2516/1798
f 1888/2214/1601 1933/2517/1798 1898/2404/1731
f 4988/2319/1670 4998/2498/1787 4992/2389/1717
f 1409/2497/1750 1415/2505/1792 1447/2518/1799
f 1409/2442/1750 1420/2519/1800 1413/2479/1773
f 4410/2223/1607 4415/2312/1664 4424/2520/1801
f 1409/2442/1750 1447/2521/1799 1420/2519/1800
f 1348/2198/1590 1354/2468/1767 1349/2199/1546
f 1888/2214/1601 1903/2496/1786 1933/2517/1798
f 2231/2229/1610 2236/2272/1637 2252/2522/1802
f 2224/2100/1525 2251/2503/1790 2245/2363/1701
f 5045/2523/1619 5046/2524/1803 5047/2525/1695
f 1805/2507/1778 1806/2526/1804 1907/2426/1741
f 1447/2527/1799 1415/2528/1792 1412/2529/1771
f 3084/2385/1715 3075/2398/1726 3076/2530/1805
f 1590/2353/1693 1589/2531/1806 1591/2532/1807
f 1934/2453/1756 1899/2432/1744 1932/2502/1789
f 1447/2521/1799 1416/2533/1808 1420/2519/1800
f 4410/2223/1607 4424/2520/1801 4420/2472/1770
f 4348/2101/1526 4361/2334/1681 4370/2490/1781
f 4367/2399/1727 4425/2534/1809 4415/2312/1664
f 1875/2374/1691 1798/2373/1708 1935/2535/1810
f 1590/2353/1693 1591/2532/1807 1585/2420/1736
f 2096/2216/1500 1356/2536/1766 1355/2491/1782
f 1813/2245/1522 1579/2219/1603 1485/2537/1811
f 1354/2468/1767 1357/2538/1812 1349/2199/1546
f 2236/2272/1637 2237/2279/1643 2253/2539/1813
f 1806/2540/1804 1805/2541/1778 1807/2542/1814
f 4990/2357/1654 4999/2543/1815 4996/2480/1774
f 1805/2486/1778 1800/2396/1724 1484/2544/1776
f 1805/2545/1816 1484/2546/1816 1807/2547/1816
f 4363/2382/1714 4360/2314/1665 3088/2548/1817
f 2111/2416/1735 2112/2462/1762 2106/2269/1635
f 1446/2458/1757 1413/2479/1773 1417/2549/1818
f 1416/2550/1808 1447/2527/1799 1422/2551/1819
f 1908/2302/1656 1808/2552/1820 1803/2444/1747
f 1447/2527/1799 1412/2529/1771 1422/2551/1819
f 4896/2366/1704 4423/2514/1797 4421/2492/1783
f 2243/2336/1683 2254/2553/1821 2249/2461/1761
f 2243/2336/1683 2252/2522/1802 2254/2553/1821
f 1483/2419/1666 1358/2477/1772 1418/2554/1822
f 1614/2449/1753 1586/2448/1752 1446/2555/1757
f 4266/2359/1698 3078/2556/1823 3077/2354/1694
f 4416/2347/1690 4419/2450/1754 4426/2557/1824
f 4365/2475/1763 4372/2509/1794 4373/2558/1825
f 1904/2510/1795 1876/2351/1692 1875/2559/1691
f 2233/2246/1618 2250/2489/1780 2255/2560/1826
f 1803/2436/1747 1905/2561/1827 1799/2406/1719
f 1614/2449/1753 1446/2555/1757 1592/2562/1828
f 1351/2386/1672 1424/2563/1829 1358/2564/1772
f 2111/2416/1735 2107/2365/1703 2112/2462/1762
f 4365/2463/1763 4373/2565/1825 4371/2504/1791
f 2243/2336/1683 2231/2229/1610 2252/2522/1802
f 1585/2420/1736 1591/2532/1807 1587/2460/1760
f 4419/2450/1754 4420/2472/1770 4426/2557/1824
f 1413/2479/1773 1420/2519/1800 1419/2566/1830
f 1895/2352/1631 1904/2510/1795 1931/2567/1831
f 2110/2403/1730 2108/2376/1709 2113/2568/1832
f 4416/2347/1690 4426/2557/1824 4427/2569/1833
f 1907/2426/1741 1806/2526/1804 1810/2570/1834
f 1905/2561/1827 1803/2436/1747 1808/2571/1820
f 5042/2412/1734 4995/2431/1743 5048/2572/1835
f 4894/2402/1729 5000/2573/1836 4990/2300/1654
f 4991/2358/1697 4997/2494/1784 4983/2274/1638
f 1356/2467/1766 2109/2394/1722 2114/2574/1837
f 1893/2276/1640 1895/2293/1631 1931/2575/1831
f 4367/2470/1727 4366/2469/1768 4374/2576/1838
f 4267/2415/1705 3073/2414/1720 3074/2577/1710
f 3075/2578/1726 4269/2579/1764 3076/2580/1805
f 1416/2533/1808 1421/2581/1839 1420/2519/1800
f 4893/2360/1699 4897/2582/1840 4891/2344/1687
f 4363/2382/1714 3088/2548/1817 4375/2583/1841
f 1416/2550/1808 1422/2551/1819 1421/2584/1839
f 1350/2217/1602 1355/2491/1782 1354/2468/1767
f 5169/2257/1627 5047/2355/1695 5172/2585/1842
f 2107/2365/1703 2115/2586/1843 2112/2462/1762
f 1417/2549/1818 1413/2479/1773 1419/2566/1830
f 5043/2487/1641 5044/2488/1779 5045/2523/1619
f 5039/2408/1651 5041/2410/1733 5049/2587/1844
f 4415/2312/1664 4425/2534/1809 4424/2520/1801
f 4361/2334/1681 4364/2400/1728 4376/2588/1845
f 4420/2472/1770 4424/2520/1801 4428/2589/1846
f 1420/2590/1847 1421/2591/1847 1422/2592/1847
f 1420/2519/1800 1422/2593/1819 1423/2594/1848
f 4897/2582/1840 4893/2360/1699 4898/2595/1849
f 4368/2508/1775 4373/2558/1825 4372/2509/1794
f 4426/2557/1824 4420/2472/1770 4429/2596/1850
f 1799/2406/1719 1905/2561/1827 1798/2373/1708
f 1810/2597/1834 1806/2540/1804 1809/2598/1851
f 1806/2540/1804 1807/2542/1814 1809/2598/1851
f 1932/2599/1789 1933/2600/1798 1906/2601/1852
f 2237/2279/1643 2234/2253/1624 2245/2363/1701
f 4891/2344/1687 4897/2582/1840 4899/2602/1853
f 4363/2382/1714 4375/2583/1841 4369/2484/1777
f 4367/2399/1727 4374/2603/1838 4425/2534/1809
f 2233/2246/1618 2255/2560/1826 2256/2604/1854
f 4890/2323/1674 4892/2356/1696 4900/2605/1855
f 1418/2554/1822 1358/2477/1772 1424/2606/1829
f 2233/2246/1618 2256/2604/1854 2230/2206/1595
f 4266/2359/1698 3084/2385/1715 3078/2556/1823
f 4891/2344/1687 4899/2602/1853 4895/2425/1740
f 4991/2358/1697 4996/2480/1774 4997/2494/1784
f 1592/2562/1828 1593/2607/1856 1614/2449/1753
f 1614/2449/1753 1593/2607/1856 1594/2608/1857
f 4417/2364/1702 4416/2347/1690 4423/2514/1797
f 1934/2609/1756 1932/2610/1789 1906/2601/1852
f 3077/2611/1694 3078/2612/1823 4268/2613/1755
f 2250/2489/1780 2238/2280/1644 2249/2461/1761
f 1807/2542/1814 1484/2614/1858 1809/2598/1851
f 2104/2204/1593 2230/2212/1595 2260/2459/1759
f 4893/2360/1699 4422/2421/1737 4898/2595/1849
f 4368/2508/1775 3082/2615/1859 4373/2558/1825
f 1412/2529/1771 1483/2419/1666 1425/2616/1860
f 1589/2531/1806 1594/2617/1857 1591/2532/1807
f 1420/2519/1800 1423/2594/1848 1419/2566/1830
f 1418/2554/1822 1425/2616/1860 1483/2419/1666
f 1446/2458/1757 1417/2549/1818 1426/2618/1861
f 4990/2357/1654 5000/2619/1836 4999/2543/1815
f 1419/2566/1830 1432/2620/1862 1417/2549/1818
f 4994/2424/1739 4992/2389/1717 5001/2621/1863
f 4371/2504/1791 4373/2565/1825 3081/2622/1864
f 4892/2356/1696 4895/2425/1740 4901/2623/1865
f 1592/2562/1828 1446/2555/1757 1593/2607/1856
f 1804/2624/1758 1907/2625/1741 1810/2626/1834
f 4890/2323/1674 5000/2573/1836 4894/2402/1729
f 4426/2557/1824 4429/2596/1850 4430/2627/1866
f 1810/2628/1834 1809/2598/1851 1484/2614/1858
f 1810/2629/1867 1484/2630/1867 1811/2631/1867
f 4424/2520/1801 4425/2534/1809 4428/2589/1846
f 1349/2199/1546 1357/2538/1812 1353/2388/1716
f 4268/2451/1755 4270/2632/1793 4356/2452/1630
f 1587/2460/1760 1591/2532/1807 1595/2633/1868
f 2237/2279/1643 2245/2363/1701 2253/2539/1813
f 4416/2347/1690 4431/2634/1869 4423/2514/1797
f 1423/2594/1848 1422/2593/1819 1427/2635/1870
f 4422/2421/1737 4902/2636/1871 4898/2595/1849
f 4361/2334/1681 4376/2588/1845 4370/2490/1781
f 2236/2272/1637 2253/2539/1813 2252/2522/1802
f 1593/2607/1856 1446/2555/1757 1426/2637/1861
f 1804/2624/1758 1810/2626/1834 1811/2638/1872
f 1423/2594/1848 1427/2635/1870 1419/2566/1830
f 1614/2639/1753 1594/2617/1857 1589/2531/1806
f 1591/2532/1807 1594/2617/1857 1596/2640/1873
f 4425/2534/1809 4432/2641/1874 4428/2589/1846
f 2108/2376/1709 2112/2462/1762 2113/2568/1832
f 4364/2400/1728 4371/2504/1791 4377/2642/1875
f 1356/2536/1766 2114/2643/1837 1355/2491/1782
f 1417/2549/1818 1432/2620/1862 1426/2618/1861
f 4987/2309/1661 5002/2644/1876 4998/2498/1787
f 4374/2603/1838 4432/2641/1874 4425/2534/1809
f 1808/2645/1820 1908/2646/1656 1625/2647/1877
f 2365/1456/1088 967/1455/1087 2277/1992/1445
f 4370/2490/1781 3088/2548/1817 4360/2314/1665
f 1428/2648/1878 1425/2616/1860 1418/2554/1822
f 1933/2600/1798 1909/2649/1879 1906/2601/1852
f 4370/2490/1781 4378/2650/1880 3088/2548/1817
f 4368/2651/1775 4270/2652/1793 4379/2653/1881
f 4368/2508/1775 4379/2654/1881 3082/2615/1859
f 4364/2400/1728 4377/2642/1875 4376/2588/1845
f 1804/2624/1758 1811/2638/1872 1620/2655/1882
f 4366/2469/1768 4369/2484/1777 4380/2656/1883
f 1418/2554/1822 1424/2606/1829 1428/2648/1878
f 5000/2573/1836 4890/2323/1674 4903/2657/1884
f 2240/2311/1663 2247/2390/1718 2257/2658/1885
f 4366/2469/1768 4380/2656/1883 4374/2576/1838
f 3082/2615/1859 3081/2659/1864 4373/2558/1825
f 1419/2566/1830 1427/2635/1870 1429/2660/1886
f 1432/2661/1862 1434/2662/1887 1426/2637/1861
f 1798/2373/1708 1703/2663/1888 1935/2535/1810
f 3074/2577/1710 3079/2664/1889 3080/2665/1650
f 1419/2566/1830 1429/2660/1886 1432/2620/1862
f 1429/2660/1886 1427/2635/1870 1433/2666/1890
f 2115/2586/1843 2116/2667/1891 2112/2462/1762
f 1798/2373/1708 1905/2561/1827 1703/2663/1888
f 4420/2472/1770 4433/2668/1892 4429/2596/1850
f 1933/2669/1798 1903/2670/1786 1909/2671/1879
f 1934/2609/1756 1906/2601/1852 1910/2672/1893
f 1427/2635/1870 1422/2593/1819 1433/2666/1890
f 1584/2407/1732 1597/2673/1894 1588/2471/1769
f 2252/2522/1802 2258/2674/1895 2254/2553/1821
f 2245/2363/1701 2259/2675/1896 2253/2539/1813
f 2109/2394/1722 2117/2676/1897 2114/2574/1837
f 4379/2653/1881 4270/2652/1793 3090/2677/1898
f 4422/2421/1737 4421/2678/1783 4902/2636/1871
f 4428/2589/1846 4433/2668/1892 4420/2472/1770
f 1618/2679/1738 1804/2680/1758 1619/2681/1899
f 4375/2583/1841 4381/2682/1900 4369/2484/1777
f 1596/2640/1873 1594/2617/1857 1615/2683/1901
f 1595/2633/1868 1597/2673/1894 1587/2460/1760
f 1584/2407/1732 1587/2460/1760 1597/2673/1894
f 4987/2309/1661 4997/2494/1784 5002/2644/1876
f 1811/2684/1902 1484/2685/1902 1486/2686/1902
f 1422/2551/1819 1412/2529/1771 1433/2687/1890
f 2256/2604/1854 2260/2688/1759 2230/2206/1595
f 4369/2484/1777 3314/2689/1903 4380/2656/1883
f 1591/2532/1807 1596/2640/1873 1595/2633/1868
f 5039/2408/1651 5049/2587/1844 5044/2488/1779
f 4430/2627/1866 4429/2596/1850 4434/2690/1904
f 4429/2596/1850 4433/2668/1892 4434/2690/1904
f 4379/2691/1881 3081/2692/1864 3082/2693/1859
f 1594/2608/1857 1593/2607/1856 1615/2694/1901
f 4998/2498/1787 5001/2621/1863 4992/2389/1717
f 1620/2695/1882 1811/2696/1872 1486/2697/1905
f 1484/2698/1906 1485/2699/1907 1486/2697/1905
f 1908/2646/1656 1618/2700/1738 1625/2647/1877
f 4895/2425/1740 4899/2602/1853 4904/2701/1908
f 3080/2665/1650 3079/2664/1889 4269/2579/1764
f 1426/2637/1861 1598/2702/1909 1599/2703/1910
f 2118/2704/1911 2107/2365/1703 2260/2459/1759
f 1351/2386/1672 1353/2388/1716 1424/2563/1829
f 4427/2569/1833 4435/2705/1912 4416/2347/1690
f 1595/2633/1868 1596/2640/1873 1615/2683/1901
f 4371/2706/1791 3081/2707/1864 3083/2708/1913
f 2107/2365/1703 2118/2704/1911 2115/2586/1843
f 2109/2394/1722 2110/2403/1730 2117/2676/1897
f 3084/2709/1715 3076/2580/1805 3085/2710/1914
f 4900/2605/1855 4903/2657/1884 4890/2323/1674
f 4374/2576/1838 4380/2656/1883 3313/2711/1915
f 2245/2363/1701 2251/2503/1790 2261/2712/1916
f 4423/2514/1797 4436/2713/1917 4421/2492/1783
f 1579/2219/1603 1487/2495/1785 1600/2714/1918
f 1426/2637/1861 1434/2662/1887 1598/2702/1909
f 4374/2603/1838 3313/2715/1915 4432/2641/1874
f 4369/2484/1777 4381/2682/1900 3314/2689/1903
f 1359/2716/1919 1354/2468/1767 1355/2491/1782
f 4426/2557/1824 4437/2717/1920 4427/2569/1833
f 1593/2607/1856 1426/2637/1861 1599/2703/1910
f 2247/2390/1718 2235/2270/1636 851/2718/1921
f 1804/2719/1758 1620/2720/1882 1621/2721/1922
f 1432/2722/1862 1429/2660/1886 1433/2666/1890
f 3084/2709/1715 3085/2710/1914 3078/2612/1823
f 1703/2663/1888 1905/2561/1827 1630/2723/1923
f 4378/2650/1880 4370/2490/1781 4376/2588/1845
f 2260/2688/1759 2256/2604/1854 2125/2724/1924
f 1412/2529/1771 1497/2725/1925 1433/2687/1890
f 4426/2557/1824 4430/2627/1866 4437/2717/1920
f 5045/2523/1619 5044/2488/1779 5046/2524/1803
f 2242/2333/1680 851/2718/1921 2235/2270/1636
f 4993/2726/1723 5050/2727/1926 4995/2431/1743
f 1905/2561/1827 1808/2571/1820 1630/2723/1923
f 1428/2648/1878 1430/2728/1927 1425/2616/1860
f 3074/2577/1710 3073/2414/1720 3017/2729/1928
f 3088/2548/1817 4382/2730/1929 4375/2583/1841
f 4259/2731/1609 1934/2609/1756 1910/2672/1893
f 1808/2645/1820 1625/2647/1877 1630/2732/1923
f 4993/2395/1723 5057/2733/1930 5050/2734/1926
f 4263/2735/1671 4259/2736/1609 1913/2737/1931
f 2250/2489/1780 2262/2738/1932 2255/2560/1826
f 4376/2739/1845 3086/2740/1933 4378/2741/1880
f 4432/2641/1874 4438/2742/1934 4428/2589/1846
f 1431/2743/1935 1432/2744/1862 1433/2745/1890
f 4432/2641/1874 3313/2715/1915 4438/2742/1934
f 1621/2746/1922 1620/2695/1882 1486/2697/1905
f 4268/2747/1755 3087/2748/1936 4270/2652/1793
f 2248/2397/1725 2261/2712/1916 2251/2503/1790
f 1355/2491/1782 2114/2643/1837 2130/2749/1937
f 4895/2425/1740 4904/2701/1908 4901/2623/1865
f 2242/2333/1680 853/2750/1938 851/2718/1921
f 2110/2403/1730 2119/2751/1939 2117/2676/1897
f 5169/2257/1627 5172/2585/1842 5170/2267/1634
f 2112/2462/1762 2116/2667/1891 2113/2568/1832
f 1588/2752/1769 1603/2753/1940 1487/2754/1785
f 1597/2673/1894 1595/2633/1868 1601/2755/1941
f 4380/2656/1883 3314/2689/1903 3313/2711/1915
f 5042/2412/1734 5049/2587/1844 5041/2410/1733
f 2255/2560/1826 2262/2738/1932 2256/2604/1854
f 1433/2745/1890 1606/2756/1942 1431/2743/1935
f 4378/2741/1880 4382/2757/1929 3088/2758/1817
f 4269/2579/1764 3079/2664/1889 3089/2759/1943
f 4993/2395/1723 4994/2424/1739 5057/2733/1930
f 3079/2664/1889 3074/2577/1710 3018/2760/1944
f 1432/2744/1862 1602/2761/1945 1434/2762/1887
f 4439/2763/1946 4433/2668/1892 4428/2589/1846
f 4421/2678/1783 4436/2764/1917 4902/2636/1871
f 1432/2744/1862 1431/2743/1935 1602/2761/1945
f 4997/2494/1784 5003/2765/1947 5002/2644/1876
f 4379/2691/1881 3090/2766/1898 3081/2692/1864
f 1431/2743/1935 1606/2756/1942 1602/2761/1945
f 4433/2668/1892 4439/2763/1946 4434/2690/1904
f 1424/2563/1829 1353/2388/1716 1360/2767/1948
f 4995/2431/1743 5050/2727/1926 5048/2572/1835
f 1434/2768/1887 1602/2769/1945 1605/2770/1949
f 4376/2739/1845 4377/2771/1875 3086/2740/1933
f 1615/2683/1901 1616/2772/1950 1595/2633/1868
f 2245/2363/1701 2261/2712/1916 2263/2773/1951
f 4269/2579/1764 3089/2759/1943 3020/2774/1952
f 1355/2491/1782 1361/2775/1953 1359/2716/1919
f 1588/2471/1769 1597/2673/1894 1603/2776/1940
f 1412/2529/1771 1435/2777/1954 1497/2725/1925
f 4263/2778/1955 3091/2779/1955 3073/2780/1955
f 5046/2524/1803 5051/2781/1956 5047/2525/1695
f 1357/2538/1812 1354/2468/1767 1362/2782/1957
f 1893/2276/1640 1927/2783/1958 1892/2264/1633
f 4381/2784/1900 3092/2785/1959 3314/2786/1903
f 4371/2706/1791 3083/2708/1913 4377/2771/1875
f 2253/2539/1813 2258/2674/1895 2252/2522/1802
f 1605/2787/1949 1602/2761/1945 1606/2756/1942
f 1433/2687/1890 1497/2725/1925 1606/2788/1942
f 1804/2719/1758 1621/2721/1922 1622/2789/1960
f 4438/2742/1934 3316/2790/1961 4428/2589/1846
f 1892/2264/1633 1911/2791/1962 1903/2496/1786
f 2245/2363/1701 2264/2792/1963 2259/2675/1896
f 1903/2670/1786 1911/2793/1962 1909/2671/1879
f 1597/2794/1894 1488/2795/1964 1603/2753/1940
f 5042/2412/1734 5048/2572/1835 5052/2796/1965
f 4381/2682/1900 4375/2583/1841 3092/2797/1959
f 1892/2264/1633 1927/2783/1958 1911/2791/1962
f 1485/2798/1966 1600/2799/1966 1489/2800/1966
f 1804/2680/1758 1622/2801/1960 1619/2681/1899
f 3316/2790/1961 4439/2763/1946 4428/2589/1846
f 1622/2789/1960 1621/2721/1922 1623/2802/1967
f 1910/2672/1893 1906/2601/1852 1909/2649/1879
f 5001/2621/1863 4998/2498/1787 5002/2644/1876
f 1893/2276/1640 1931/2575/1831 1927/2783/1958
f 1357/2538/1812 1363/2803/1968 1353/2388/1716
f 5001/2621/1863 5004/2804/1969 4994/2424/1739
f 2115/2586/1843 2118/2704/1911 2120/2805/1970
f 1485/2537/1811 1579/2219/1603 1600/2714/1918
f 5049/2587/1844 5053/2806/1971 5044/2488/1779
f 1875/2559/1691 1935/2807/1810 1912/2808/1972
f 4892/2356/1696 4901/2623/1865 4900/2605/1855
f 1623/2809/1967 1621/2746/1922 1486/2697/1905
f 4997/2494/1784 4996/2480/1774 5003/2765/1947
f 1904/2510/1795 1875/2559/1691 1912/2808/1972
f 2242/2333/1680 2241/2318/1669 853/2750/1938
f 2246/2368/1706 2240/2311/1663 2265/2810/1973
f 2248/2397/1725 2246/2368/1706 2261/2712/1916
f 1434/2811/1887 1606/2812/1942 1604/2813/1974
f 1434/2814/1975 1605/2815/1975 1606/2816/1975
f 3089/2759/1943 3093/2817/1976 3020/2774/1952
f 2115/2586/1843 2120/2805/1970 2116/2667/1891
f 1412/2529/1771 1425/2616/1860 1435/2777/1954
f 3074/2577/1710 3017/2729/1928 3018/2760/1944
f 4996/2480/1774 4999/2543/1815 5005/2818/1977
f 2113/2568/1832 2116/2667/1891 2121/2819/1978
f 1593/2607/1856 1599/2703/1910 1615/2694/1901
f 2266/2820/1979 2249/2461/1761 2254/2553/1821
f 1434/2811/1887 1604/2813/1974 1607/2821/1980
f 4430/2627/1866 4434/2690/1904 4440/2822/1981
f 1604/2823/1974 1606/2824/1942 1608/2825/1982
f 1622/2789/1960 1623/2802/1967 1624/2826/1983
f 1597/2794/1894 1601/2827/1941 1488/2795/1964
f 5044/2488/1779 5053/2806/1971 5046/2524/1803
f 1909/2649/1879 1936/2828/1984 1910/2672/1893
f 2258/2674/1895 2267/2829/1985 2254/2553/1821
f 2110/2403/1730 2113/2568/1832 2119/2751/1939
f 4898/2595/1849 4902/2636/1871 4905/2830/1986
f 1355/2491/1782 2130/2749/1937 1361/2775/1953
f 1604/2823/1974 1608/2825/1982 1607/2821/1980
f 5049/2587/1844 5042/2412/1734 5052/2796/1965
f 1623/2809/1967 1486/2697/1905 1624/2826/1983
f 4437/2717/1920 4441/2831/1987 4427/2569/1833
f 4430/2627/1866 4440/2822/1981 4437/2717/1920
f 1606/2824/1942 1497/2832/1925 1608/2825/1982
f 3313/2715/1915 3315/2833/1988 4438/2742/1934
f 1595/2633/1868 1616/2772/1950 1601/2755/1941
f 1601/2827/1941 1616/2834/1950 1490/2835/1989
f 4897/2582/1840 4906/2836/1990 4899/2602/1853
f 5002/2644/1876 5003/2765/1947 5006/2837/1991
f 2245/2363/1701 2263/2773/1951 2264/2792/1963
f 4442/2838/1992 4443/2839/1993 4434/2690/1904
f 3078/2612/1823 3153/2840/1994 4268/2613/1755
f 1619/2681/1899 1625/2841/1877 1618/2679/1738
f 4439/2763/1946 4442/2838/1992 4434/2690/1904
f 2250/2489/1780 2249/2461/1761 2266/2820/1979
f 4378/2741/1880 3094/2842/1995 4382/2757/1929
f 2262/2738/1932 2268/2843/1996 2256/2604/1854
f 1428/2648/1878 1436/2844/1997 1430/2728/1927
f 4898/2595/1849 4906/2836/1990 4897/2582/1840
f 1425/2616/1860 1437/2845/1998 1435/2777/1954
f 3095/2846/1999 4378/2741/1880 3086/2740/1933
f 5172/2847/1842 5047/2525/1695 5051/2781/1956
f 3017/2848/1928 3073/2849/1720 3091/2850/2000
f 4269/2579/1764 3020/2774/1952 3076/2580/1805
f 1425/2616/1860 1430/2728/1927 1437/2845/1998
f 4442/2838/1992 4444/2851/2001 4443/2839/1993
f 1622/2789/1960 1624/2826/1983 1626/2852/2002
f 3083/2708/1913 3096/2853/2003 4377/2771/1875
f 4438/2742/1934 3315/2833/1988 3316/2790/1961
f 1607/2821/1980 1609/2854/2004 1434/2811/1887
f 2117/2676/1897 2119/2751/1939 2114/2574/1837
f 4378/2741/1880 3097/2855/2005 3094/2842/1995
f 4994/2424/1739 5004/2804/1969 5057/2733/1930
f 3083/2708/1913 3081/2707/1864 3099/2856/2006
f 2240/2311/1663 2257/2658/1885 2265/2810/1973
f 4375/2857/1841 4382/2757/1929 3092/2785/1959
f 1607/2821/1980 1610/2858/2007 1609/2854/2004
f 1607/2821/1980 1608/2825/1982 1610/2858/2007
f 1622/2801/1960 1626/2859/2002 1619/2681/1899
f 2114/2574/1837 2119/2751/1939 1364/2860/2008
f 4440/2822/1981 4445/2861/2009 4437/2717/1920
f 3094/2842/1995 3092/2785/1959 4382/2757/1929
f 5002/2644/1876 5007/2862/2010 5001/2621/1863
f 4437/2717/1920 4445/2861/2009 4441/2831/1987
f 1936/2863/1984 1909/2671/1879 1911/2793/1962
f 1608/2825/1982 1497/2832/1925 1611/2864/2011
f 1615/2694/1901 1599/2703/1910 1612/2865/2012
f 3092/2785/1959 3317/2866/2013 3314/2786/1903
f 4423/2514/1797 4431/2634/1869 4446/2867/2014
f 2250/2489/1780 2266/2820/1979 2262/2738/1932
f 3313/2868/1915 3314/2869/1903 3315/2870/1988
f 4434/2690/1904 4443/2839/1993 4440/2822/1981
f 1487/2754/1785 1603/2753/1940 1600/2871/1918
f 4378/2741/1880 3095/2846/1999 3097/2855/2005
f 1353/2388/1716 1363/2803/1968 1360/2767/1948
f 1434/2662/1887 1609/2872/2004 1598/2702/1909
f 1608/2825/1982 1611/2864/2011 1610/2873/2007
f 1913/2874/1931 4259/2731/1609 1910/2672/1893
f 3098/2875/2015 3095/2846/1999 3086/2740/1933
f 1354/2468/1767 1359/2716/1919 1362/2782/1957
f 2121/2819/1978 2122/2876/2016 2113/2568/1832
f 1615/2694/1901 1612/2865/2012 1616/2877/1950
f 1626/2852/2002 1624/2826/1983 1627/2878/2017
f 3316/2790/1961 4447/2879/2018 4439/2763/1946
f 4440/2822/1981 4448/2880/2019 4445/2861/2009
f 3090/2766/1898 3099/2881/2006 3081/2692/1864
f 2266/2820/1979 2254/2553/1821 2267/2829/1985
f 1624/2826/1983 1486/2697/1905 1627/2878/2017
f 1428/2648/1878 1424/2606/1829 1436/2844/1997
f 2246/2368/1706 2265/2810/1973 2261/2712/1916
f 4898/2595/1849 4905/2830/1986 4906/2836/1990
f 4427/2569/1833 4441/2831/1987 4435/2705/1912
f 4996/2480/1774 5005/2818/1977 5003/2765/1947
f 2260/2459/1759 2123/2882/2020 2118/2704/1911
f 2259/2675/1896 2258/2674/1895 2253/2539/1813
f 2130/2749/1937 2114/2643/1837 1364/2883/2008
f 1612/2884/2012 1491/2885/2021 1616/2886/1950
f 4904/2701/1908 4899/2602/1853 4907/2887/2022
f 1603/2753/1940 1488/2795/1964 1492/2888/2023
f 1910/2672/1893 1936/2828/1984 1914/2889/2024
f 1486/2697/1905 1485/2699/1907 1627/2878/2017
f 4377/2771/1875 3096/2853/2003 3086/2740/1933
f 4902/2636/1871 4908/2890/2025 4905/2830/1986
f 4902/2636/1871 4436/2764/1917 4908/2890/2025
f 3079/2664/1889 3019/2891/2026 3089/2759/1943
f 3315/2870/1988 4447/2892/2018 3316/2893/1961
f 1617/2894/2027 1610/2873/2007 1611/2864/2011
f 1612/2884/2012 1505/2895/2028 1491/2885/2021
f 1609/2854/2004 1610/2858/2007 1617/2896/2027
f 1598/2702/1909 1609/2872/2004 1558/2897/2029
f 4436/2713/1917 4423/2514/1797 4446/2867/2014
f 2265/2810/1973 2257/2658/1885 844/2898/2030
f 1599/2899/1910 1598/2900/1909 1505/2895/2028
f 2241/2318/1669 2277/2188/1445 2269/2901/2031
f 4263/2902/1671 1913/2903/1931 3091/2904/2000
f 3090/2677/1898 4270/2652/1793 3102/2905/2032
f 2118/2704/1911 2123/2882/2020 2124/2906/2033
f 3317/2907/2013 3315/2870/1988 3314/2869/1903
f 1363/2803/1968 1357/2538/1812 1365/2908/2034
f 1626/2852/2002 1627/2878/2017 1628/2909/2035
f 3092/2785/1959 3100/2910/2036 3317/2866/2013
f 2113/2568/1832 2122/2876/2016 2119/2751/1939
f 4448/2880/2019 3531/2911/2037 4445/2861/2009
f 1357/2538/1812 1362/2782/1957 1365/2908/2034
f 5002/2644/1876 5006/2837/1991 5007/2862/2010
f 5001/2621/1863 5007/2862/2010 5004/2804/1969
f 2125/2912/1924 2123/2882/2020 2260/2459/1759
f 4903/2657/1884 4900/2605/1855 4909/2913/2038
f 1609/2914/2039 1613/2915/2039 1494/2916/2039
f 3094/2842/1995 3097/2855/2005 3101/2917/2040
f 1489/2918/2041 1634/2919/2042 1485/2699/1907
f 1612/2884/2012 1599/2899/1910 1505/2895/2028
f 4440/2822/1981 4443/2839/1993 4448/2880/2019
f 1609/2854/2004 1617/2896/2027 1613/2920/2043
f 1492/2888/2023 1493/2921/2044 1603/2753/1940
f 1600/2871/1918 1603/2753/1940 1493/2921/2044
f 1360/2767/1948 1363/2803/1968 1366/2922/2045
f 1609/2923/2046 1494/2924/2046 1558/2925/2046
f 5170/2926/1634 5172/2847/1842 5173/2927/2047
f 1931/2567/1831 1904/2510/1795 1915/2928/2048
f 2116/2667/1891 2120/2805/1970 2121/2819/1978
f 1616/2834/1950 1491/2929/2021 1490/2835/1989
f 3078/2612/1823 3085/2710/1914 3153/2840/1994
f 1628/2909/2035 1627/2878/2017 1634/2919/2042
f 4439/2930/1946 4447/2892/2018 4449/2931/2049
f 3090/2766/1898 3102/2932/2032 3099/2881/2006
f 1936/2933/1984 1911/2934/1962 1914/2935/2024
f 1489/2918/2041 1600/2936/1918 1629/2937/2050
f 1600/2936/1918 1493/2938/2044 1629/2937/2050
f 4442/2838/1992 4439/2763/1946 4449/2939/2049
f 2247/2390/1718 851/2718/1921 847/2940/2051
f 3094/2842/1995 3103/2941/2052 3092/2785/1959
f 2262/2738/1932 785/2942/2053 786/2943/2054
f 5152/1897/1384 5173/2944/2047 5161/2061/1495
f 5054/2945/2055 5046/2524/1803 5053/2806/1971
f 1613/2946/2043 1617/2947/2027 1500/2948/2056
f 1910/2672/1893 1914/2889/2024 1938/2949/2057
f 3102/2905/2032 4270/2652/1793 3104/2950/2058
f 3079/2664/1889 3018/2760/1944 3019/2891/2026
f 1617/2947/2027 1495/2951/2059 1496/2952/2060
f 2247/2390/1718 847/2940/2051 2257/2658/1885
f 4903/2657/1884 4910/2953/2061 5000/2573/1836
f 1613/2946/2043 1500/2948/2056 1494/2954/2062
f 4443/2839/1993 4444/2851/2001 4448/2880/2019
f 3317/2907/2013 3108/2955/2063 3315/2870/1988
f 1619/2681/1899 1626/2859/2002 1633/2956/2064
f 3102/2932/2032 3104/2957/2058 3099/2881/2006
f 1626/2852/2002 1628/2909/2035 1634/2958/2042
f 1626/2959/2065 1634/2960/2065 1633/2961/2065
f 1500/2948/2056 1617/2947/2027 1496/2952/2060
f 3092/2785/1959 3103/2941/2052 3100/2910/2036
f 3076/2580/1805 3020/2774/1952 3024/2962/2066
f 3094/2842/1995 3101/2917/2040 3103/2941/2052
f 5003/2765/1947 5005/2818/1977 5008/2963/2067
f 3095/2846/1999 3098/2875/2015 3105/2964/2068
f 2266/2820/1979 785/2942/2053 2262/2738/1932
f 1485/2699/1907 1634/2919/2042 1627/2878/2017
f 1495/2951/2059 1617/2947/2027 1611/2965/2011
f 1910/2672/1893 1938/2966/2057 1913/2874/1931
f 5050/2727/1926 5055/2967/2069 5048/2572/1835
f 1911/2934/1962 1937/2968/2070 1914/2935/2024
f 4899/2602/1853 4906/2836/1990 4907/2887/2022
f 2256/2604/1854 2268/2843/1996 2270/2969/2071
f 2120/2805/1970 2126/2970/2072 2121/2819/1978
f 3086/2740/1933 3096/2853/2003 3098/2875/2015
f 1365/2908/2034 1362/2782/1957 1367/2971/2073
f 3524/2972/2074 4444/2851/2001 4442/2838/1992
f 4441/2831/1987 4450/2973/2075 4435/2705/1912
f 3524/2972/2074 4442/2838/1992 4449/2939/2049
f 5000/2619/1836 5009/2974/2076 4999/2543/1815
f 786/2943/2054 2268/2843/1996 2262/2738/1932
f 1619/2681/1899 1633/2956/2064 1632/2975/2077
f 5152/1897/1384 5170/2267/1634 5173/2944/2047
f 1558/2976/2029 1565/2977/2078 1598/2978/1909
f 1437/2845/1998 1438/2979/2079 1435/2777/1954
f 4449/2931/2049 4447/2892/2018 3318/2980/2080
f 1424/2563/1829 1360/2767/1948 1439/2981/2081
f 5000/2573/1836 4910/2953/2061 5009/2982/2076
f 3528/2983/2082 4448/2880/2019 4451/2984/2083
f 1649/2985/2084 1488/2795/1964 1601/2827/1941
f 4441/2831/1987 4445/2861/2009 3531/2911/2037
f 1488/2795/1964 1649/2985/2084 1492/2888/2023
f 2261/2712/1916 2265/2810/1973 846/2986/2085
f 5049/2587/1844 5052/2796/1965 5056/2987/2086
f 4268/2613/1755 3153/2840/1994 3087/2988/1936
f 2261/2712/1916 846/2986/2085 2263/2773/1951
f 5003/2765/1947 5008/2963/2067 5006/2837/1991
f 4270/2652/1793 3106/2989/2087 3107/2990/2088
f 3076/2580/1805 3024/2962/2066 3085/2710/1914
f 3317/2866/2013 3100/2910/2036 3108/2991/2063
f 2258/2674/1895 2259/2675/1896 840/2992/2089
f 2264/2792/1963 2263/2773/1951 2259/2675/1896
f 2256/2604/1854 2270/2969/2071 2125/2724/1924
f 1611/2993/2011 1497/2994/1925 1498/2995/2090
f 1490/2835/1989 1499/2996/2091 1601/2827/1941
f 1494/2954/2062 1500/2948/2056 1558/2997/2029
f 3095/2846/1999 3109/2998/2092 3097/2855/2005
f 5046/2524/1803 5054/2945/2055 5051/2781/1956
f 1558/2976/2029 1500/2999/2056 1559/3000/2093
f 1490/2835/1989 1491/2929/2021 1501/3001/2094
f 2258/2674/1895 840/2992/2089 842/3002/2095
f 4444/2851/2001 4451/3003/2083 4448/2880/2019
f 1914/2889/2024 1937/3004/2070 1938/2949/2057
f 1430/2728/1927 1436/2844/1997 1437/2845/1998
f 1436/3005/1997 1424/2563/1829 1439/2981/2081
f 1611/2993/2011 1498/2995/2090 1495/3006/2059
f 4448/2880/2019 3528/2983/2082 3531/2911/2037
f 1366/2922/2045 1363/2803/1968 1365/2908/2034
f 3097/2855/2005 3109/2998/2092 3101/2917/2040
f 1435/2777/1954 1507/3007/2096 1497/2725/1925
f 4900/2605/1855 4901/2623/1865 4909/2913/2038
f 4270/2652/1793 3087/2748/1936 3106/2989/2087
f 1362/2782/1957 1359/2716/1919 1368/3008/2097
f 1505/2895/2028 1598/2900/1909 1502/3009/2098
f 1630/3010/1923 1625/2841/1877 1631/3011/2099
f 1500/3012/2056 1503/3013/2100 1559/3014/2093
f 1500/2948/2056 1496/2952/2060 1503/3013/2100
f 3108/2955/2063 3319/3015/2101 3315/2870/1988
f 5050/2727/1926 5057/3016/1930 5055/2967/2069
f 4999/2543/1815 5009/2974/2076 5005/2818/1977
f 5048/2572/1835 5055/2967/2069 5052/2796/1965
f 3083/2708/1913 3099/2856/2006 3039/3017/2102
f 2121/2819/1978 2126/2970/2072 2127/3018/2103
f 2122/2876/2016 2128/3019/2104 2119/2751/1939
f 1361/2775/1953 2130/2749/1937 1369/3020/2105
f 1438/2979/2079 1437/2845/1998 1436/2844/1997
f 4446/2867/2014 4452/3021/2106 4436/2713/1917
f 4270/2652/1793 3107/2990/2088 3104/2950/2058
f 3524/2972/2074 4451/3003/2083 4444/2851/2001
f 1499/2996/2091 1490/2835/1989 1501/3001/2094
f 1632/3022/2107 1633/3023/2107 1634/3024/2107
f 1559/3000/2093 1560/3025/2108 1558/2976/2029
f 3315/2870/1988 3319/3015/2101 4447/2892/2018
f 1632/3026/2077 1634/3027/2042 1635/3028/2109
f 1559/3014/2093 1503/3013/2100 1560/3029/2108
f 2267/2829/1985 2271/3030/2110 2266/2820/1979
f 3018/3031/1944 3017/2848/1928 3019/3032/2026
f 1601/2827/1941 1499/2996/2091 1649/2985/2084
f 2267/2829/1985 2258/2674/1895 842/3002/2095
f 2267/2829/1985 842/3002/2095 2271/3030/2110
f 2257/2658/1885 2272/3033/2111 844/2898/2030
f 1503/3013/2100 1496/2952/2060 1495/2951/2059
f 1938/3034/2057 1937/3035/2070 1916/3036/2112
f 1619/2681/1899 1632/2975/2077 1635/3037/2109
f 5053/2806/1971 5049/2587/1844 5056/2987/2086
f 1364/2860/2008 2119/2751/1939 2128/3019/2104
f 1501/3001/2094 1491/2929/2021 1504/3038/2113
f 1361/2775/1953 1369/3020/2105 1359/2716/1919
f 3100/2910/2036 3110/3039/2114 3108/2991/2063
f 3100/2910/2036 3103/2941/2052 3110/3039/2114
f 2118/2704/1911 2129/3040/2115 2120/2805/1970
f 1562/3041/2116 1565/2977/2078 1558/2976/2029
f 3319/3015/2101 3320/3042/2117 4447/2892/2018
f 1491/2929/2021 1505/3043/2028 1504/3038/2113
f 2257/2658/1885 847/2940/2051 2272/3033/2111
f 4447/2892/2018 3320/3042/2117 3318/2980/2080
f 2259/2675/1896 2273/3044/2118 2274/3045/2119
f 3019/2891/2026 3093/2817/1976 3089/2759/1943
f 3020/3046/1952 3093/3047/1976 3111/3048/2120
f 3020/2774/1952 3111/3049/2120 3024/2962/2066
f 1366/2922/2045 1365/2908/2034 1370/3050/2121
f 1364/2860/2008 2128/3019/2104 1373/3051/2122
f 3318/2980/2080 3321/3052/2123 4449/2931/2049
f 4904/2701/1908 4911/3053/2124 4901/2623/1865
f 5008/2963/2067 5010/3054/2125 5006/2837/1991
f 4449/3055/2126 3322/3056/2126 3524/3057/2126
f 1505/3058/2127 1502/3059/2127 1504/3060/2127
f 1619/2681/1899 1635/3037/2109 1636/3061/2128
f 3524/3062/2129 3525/3063/2129 3530/3064/2129
f 3524/3065/2130 3530/3066/2130 4451/3067/2130
f 1560/3029/2108 1503/3013/2100 1506/3068/2131
f 3524/3069/2132 3526/3070/2133 3525/3071/2134
f 3104/2957/2058 3112/3072/2135 3099/2881/2006
f 1492/2888/2023 1649/2985/2084 1493/2921/2044
f 2259/2675/1896 2263/2773/1951 2273/3044/2118
f 5004/2804/1969 5007/2862/2010 5011/3073/2136
f 4908/2890/2025 4436/2764/1917 4452/3074/2106
f 2274/3045/2119 840/2992/2089 2259/2675/1896
f 967/3075/2137 843/3076/2138 2277/3077/2139
f 3039/3017/2102 3099/2856/2006 3112/3078/2135
f 5057/2733/1930 5004/2804/1969 5072/3079/2140
f 1497/2994/1925 1507/3080/2096 1508/3081/2141
f 1364/2860/2008 1373/3051/2122 2130/3082/1937
f 5007/2862/2010 5006/2837/1991 5012/3083/2142
f 5172/2847/1842 5051/2781/1956 5058/3084/2143
f 3108/2991/2063 3110/3039/2114 3319/3085/2101
f 3526/3070/2133 3524/3069/2132 3527/3086/2144
f 1558/2976/2029 1560/3025/2108 1561/3087/2145
f 1635/3028/2109 1634/3027/2042 1636/3088/2128
f 1904/2510/1795 1912/2808/1972 1915/2928/2048
f 3322/3089/2146 4449/2931/2049 3321/3052/2123
f 1503/3013/2100 1495/2951/2059 1506/3068/2131
f 1619/2681/1899 1636/3061/2128 1639/3090/2147
f 1598/2978/1909 1565/2977/2078 1502/3091/2098
f 3318/2980/2080 3320/3042/2117 3321/3052/2123
f 1558/2976/2029 1561/3087/2145 1562/3041/2116
f 3017/2848/1928 3091/2850/2000 3021/3092/2148
f 5173/2927/2047 5172/2847/1842 5059/3093/2149
f 4904/2701/1908 4907/2887/2022 4911/3053/2124
f 2241/2318/1669 2269/2901/2031 853/2750/1938
f 4416/2347/1690 3533/3094/2150 4431/2634/1869
f 1619/2681/1899 1637/3095/2151 1625/2841/1877
f 1619/2681/1899 1639/3090/2147 1637/3095/2151
f 1560/3029/2108 1506/3068/2131 1509/3096/2152
f 1636/3088/2128 1638/3097/2153 1639/3098/2147
f 1362/2782/1957 1368/3008/2097 1367/2971/2073
f 3526/3070/2133 3527/3099/2144 3530/3100/2154
f 3526/3070/2133 3530/3100/2154 3525/3071/2134
f 1938/3034/2057 1916/3036/2112 1919/3101/2155
f 4431/2634/1869 4453/3102/2156 4446/2867/2014
f 1636/3088/2128 1634/3027/2042 1638/3097/2153
f 3095/2846/1999 3105/2964/2068 3109/2998/2092
f 1625/2841/1877 1637/3095/2151 1631/3011/2099
f 2268/2843/1996 786/2943/2054 781/3103/2157
f 2121/2819/1978 2127/3018/2103 2122/2876/2016
f 3104/2950/2058 3107/2990/2088 3112/3104/2135
f 1498/2995/2090 1497/2994/1925 1508/3081/2141
f 1502/3091/2098 1510/3105/2158 1504/3038/2113
f 1495/3006/2059 1498/2995/2090 1511/3106/2159
f 4446/2867/2014 4453/3102/2156 4454/3107/2160
f 1501/3001/2094 1504/3038/2113 1510/3105/2158
f 1935/3108/1810 1703/3109/1888 1918/3110/2161
f 3101/2917/2040 3113/3111/2162 3103/2941/2052
f 1931/2567/1831 1915/2928/2048 1927/3112/1958
f 1634/2919/2042 1489/2918/2041 1640/3113/2163
f 1919/3101/2155 1916/3036/2112 1917/3114/2164
f 3112/3115/2135 3117/3116/2165 3039/3117/2102
f 2118/2704/1911 2124/2906/2033 2129/3040/2115
f 5053/2806/1971 5060/3118/2166 5054/2945/2055
f 3524/3119/2132 3322/3120/2146 3527/3121/2144
f 3101/2917/2040 3109/2998/2092 3113/3111/2162
f 1643/3122/2167 1634/2919/2042 1640/3113/2163
f 1506/3123/2131 1495/3006/2059 1509/3124/2152
f 3103/2941/2052 3113/3111/2162 3110/3039/2114
f 1935/2807/1810 1918/3125/2161 1912/2808/1972
f 1435/2777/1954 1438/2979/2079 1507/3007/2096
f 1916/3036/2112 1937/2968/2070 1917/3114/2164
f 4451/3126/2083 4456/3127/2168 3528/3128/2082
f 1502/3091/2098 1565/2977/2078 1512/3129/2169
f 2268/2843/1996 781/3103/2157 2270/2969/2071
f 3322/3089/2146 3321/3052/2123 3406/3130/2170
f 4416/2347/1690 4435/2705/1912 3533/3094/2150
f 1561/3131/2145 1560/3029/2108 1514/3132/2171
f 1560/3029/2108 1509/3096/2152 1514/3132/2171
f 1501/3001/2094 1510/3105/2158 1563/3133/2172
f 1639/3134/2147 1638/3097/2153 1634/3027/2042
f 1502/3091/2098 1512/3129/2169 1510/3105/2158
f 3098/2875/2015 3096/2853/2003 3105/2964/2068
f 1436/2844/1997 1439/3135/2081 1375/3136/2173
f 3105/2964/2068 3114/3137/2174 3109/2998/2092
f 1369/3020/2105 1368/3008/2097 1359/2716/1919
f 4907/2887/2022 4906/2836/1990 4911/3053/2124
f 5005/2818/1977 5009/2974/2076 5013/3138/2175
f 3113/3111/2162 3109/2998/2092 3114/3137/2174
f 1938/3139/2176 1919/3140/2176 1921/3141/2176
f 1937/2968/2070 1911/2934/1962 1920/3142/2177
f 1919/3101/2155 1917/3114/2164 1921/3143/2178
f 4901/2623/1865 4912/3144/2179 4909/2913/2038
f 1509/3124/2152 1495/3006/2059 1511/3106/2159
f 1436/2844/1997 1375/3136/2173 1379/3145/2180
f 3321/3052/2123 3320/3042/2117 3323/3146/2181
f 3319/3085/2101 3110/3039/2114 3324/3147/2182
f 1369/3020/2105 1371/3148/2183 1368/3008/2097
f 1912/2808/1972 1918/3125/2161 1915/2928/2048
f 3319/3015/2101 3324/3149/2182 3320/3042/2117
f 3322/3120/2146 3325/3150/2184 3527/3121/2144
f 1927/3112/1958 1915/2928/2048 1922/3151/2185
f 1561/3131/2145 1514/3132/2171 1513/3152/2186
f 3527/3099/2144 3325/3153/2184 3530/3100/2154
f 1509/3124/2152 1511/3106/2159 1514/3154/2171
f 1937/2968/2070 1920/3142/2177 1917/3114/2164
f 1703/3109/1888 1704/3155/2187 1918/3110/2161
f 1561/3156/2145 1513/3152/2186 1562/3157/2116
f 1360/2767/1948 1372/3158/2188 1439/2981/2081
f 3107/2990/2088 3106/2989/2087 3115/3159/2189
f 3039/3017/2102 3096/2853/2003 3083/2708/1913
f 1639/3090/2147 1642/3160/2190 1637/3095/2151
f 1703/3109/1888 1630/3161/1923 1704/3155/2187
f 1639/3162/2147 1634/3163/2042 1641/3164/2191
f 3085/2710/1914 3024/2962/2066 3023/3165/2192
f 4903/2657/1884 4909/2913/2038 4910/2953/2061
f 2130/2749/1937 1373/3166/2122 1374/3167/2193
f 1639/3162/2147 1641/3164/2191 1642/3168/2190
f 1911/2934/1962 1923/3169/2194 1920/3142/2177
f 1373/3051/2122 2128/3019/2104 628/3170/2195
f 1641/3164/2191 1634/3163/2042 1643/3171/2167
f 3113/3111/2162 3116/3172/2196 3110/3039/2114
f 1366/2922/2045 1370/3050/2121 1360/2767/1948
f 3107/2990/2088 3117/3173/2165 3112/3104/2135
f 2265/2810/1973 844/2898/2030 846/2986/2085
f 1911/2934/1962 1927/3174/1958 1923/3169/2194
f 1920/3142/2177 1921/3143/2178 1917/3114/2164
f 1649/2985/2084 1499/2996/2091 1515/3175/2197
f 5056/2987/2086 5061/3176/2198 5053/2806/1971
f 1913/3177/1931 1939/3178/2199 1924/3179/2200
f 5051/2781/1956 5062/3180/2201 5058/3084/2143
f 4446/2867/2014 4454/3107/2160 4452/3021/2106
f 1499/2996/2091 1501/3001/2094 1516/3181/2202
f 1439/2981/2081 1372/3158/2188 1375/3182/2173
f 1365/2908/2034 1367/2971/2073 1376/3183/2203
f 1642/3168/2190 1641/3164/2191 1643/3171/2167
f 1513/3152/2186 1514/3132/2171 1517/3184/2204
f 2273/3044/2118 2263/2773/1951 846/2986/2085
f 1562/3157/2116 1513/3152/2186 1520/3185/2205
f 1913/3186/1931 1938/3187/2057 1925/3188/2206
f 1913/3186/1931 1925/3188/2206 1939/3189/2199
f 2124/2906/2033 787/3190/2207 2129/3040/2115
f 5005/2818/1977 5014/3191/2208 5008/2963/2067
f 1365/2908/2034 1376/3183/2203 1370/3050/2121
f 2120/2805/1970 2129/3040/2115 2126/2970/2072
f 2130/2749/1937 1374/3167/2193 1369/3020/2105
f 2266/2820/1979 2271/3030/2110 784/3192/2209
f 1370/3050/2121 1372/3158/2188 1360/2767/1948
f 3106/2989/2087 3087/2748/1936 3115/3159/2189
f 1516/3181/2202 1501/3001/2094 1563/3133/2172
f 3406/3193/2170 3331/3194/2210 3322/3195/2146
f 1915/2928/2048 1706/3196/2211 1922/3151/2185
f 4431/2634/1869 3533/3094/2150 4453/3102/2156
f 3325/3197/2184 3322/3195/2146 3331/3194/2210
f 1938/3198/2212 1921/3199/2212 1925/3200/2212
f 1510/3105/2158 1512/3129/2169 1518/3201/2213
f 1512/3129/2169 1565/2977/2078 1518/3201/2213
f 5055/2967/2069 5057/3016/1930 5016/3202/2214
f 5056/2987/2086 5052/2796/1965 5063/3203/2215
f 4909/2913/2038 4913/3204/2216 4910/2953/2061
f 1438/2979/2079 1436/2844/1997 1440/3205/2217
f 1513/3152/2186 1517/3184/2204 1520/3185/2205
f 1704/3155/2187 1630/3161/1923 1705/3206/2218
f 3107/2990/2088 3118/3207/2219 3117/3173/2165
f 2123/3208/2020 2125/2724/1924 2131/3209/2220
f 1637/3210/2151 1642/3168/2190 1643/3171/2167
f 4910/2953/2061 4913/3204/2216 5009/2982/2076
f 4441/2831/1987 3531/2911/2037 4455/3211/2221
f 1514/3154/2171 1511/3106/2159 1517/3212/2204
f 1517/3212/2204 1511/3106/2159 1519/3213/2222
f 3321/3052/2123 3334/3214/2223 3407/3215/2224
f 2125/2724/1924 2270/2969/2071 2131/3209/2220
f 1507/3080/2096 1438/3216/2079 1508/3081/2141
f 1510/3105/2158 1518/3201/2213 1563/3133/2172
f 3406/3193/2170 3326/3217/2225 3331/3194/2210
f 3113/3111/2162 3114/3137/2174 3119/3218/2226
f 3107/2990/2088 3115/3159/2189 3118/3219/2219
f 1915/2928/2048 1918/3125/2161 1706/3196/2211
f 1913/2903/1931 1924/3220/2200 3091/2904/2000
f 5172/2847/1842 5058/3084/2143 5059/3093/2149
f 786/2943/2054 2275/3221/2227 781/3103/2157
f 1939/3178/2199 1925/3222/2206 1926/3223/2228
f 1925/3222/2206 1921/3224/2178 1926/3223/2228
f 1374/3167/2193 1373/3166/2122 628/3225/2195
f 3406/3130/2170 3321/3052/2123 3407/3215/2224
f 2266/2820/1979 784/3192/2209 785/2942/2053
f 3406/3193/2170 3407/3226/2224 3326/3217/2225
f 3110/3039/2114 3116/3172/2196 3324/3147/2182
f 3320/3042/2117 3327/3227/2229 3323/3146/2181
f 1920/3142/2177 1923/3169/2194 1921/3143/2178
f 2127/3018/2103 2126/2970/2072 623/3228/2230
f 4901/2623/1865 4911/3053/2124 4912/3144/2179
f 1305/3229/2231 843/3230/2138 967/3231/2137
f 3116/3172/2196 3113/3111/2162 3120/3232/2232
f 1520/3185/2205 1517/3184/2204 1519/3233/2222
f 3017/2848/1928 3021/3092/2148 3019/3032/2026
f 1922/3234/2233 1706/3235/2233 1927/3236/2233
f 4906/2836/1990 4914/3237/2234 4911/3053/2124
f 1637/3095/2151 1643/3238/2167 1645/3239/2235
f 1924/3179/2200 1939/3178/2199 1928/3240/2236
f 5004/2804/1969 5011/3073/2136 5072/3079/2140
f 1630/3161/1923 1631/3241/2099 1705/3206/2218
f 3320/3042/2117 3324/3149/2182 3327/3227/2229
f 3325/3242/2184 3529/3243/2237 3530/3244/2154
f 3022/3245/2238 3023/3246/2192 3024/3247/2066
f 785/2942/2053 2276/3248/2239 786/2943/2054
f 1489/2918/2041 1629/2937/2050 1640/3113/2163
f 5006/2837/1991 5010/3054/2125 5012/3083/2142
f 4915/3249/2240 4908/2890/2025 4452/3074/2106
f 1520/3250/2241 1521/3251/2241 1525/3252/2241
f 3529/3243/2237 4451/3126/2083 3530/3244/2154
f 1637/3095/2151 1647/3253/2242 1631/3011/2099
f 1637/3095/2151 1645/3239/2235 1647/3253/2242
f 1520/3185/2205 1519/3233/2222 1521/3254/2243
f 3117/3116/2165 3152/3255/2244 3039/3117/2102
f 1499/2996/2091 1522/3256/2245 1515/3175/2197
f 1629/2937/2050 1493/2938/2044 1644/3257/2246
f 1939/3178/2199 1926/3223/2228 1928/3240/2236
f 3096/2853/2003 3121/3258/2247 3105/2964/2068
f 1645/3259/2235 1643/3260/2167 1646/3261/2248
f 1923/3169/2194 1926/3223/2228 1921/3143/2178
f 840/2992/2089 2274/3045/2119 841/3262/2249
f 840/3263/2089 841/3264/2249 842/3265/2095
f 3323/3146/2181 3334/3214/2223 3321/3052/2123
f 1511/3106/2159 1523/3266/2250 1519/3213/2222
f 2277/3267/1445 843/3268/2138 2269/3269/2031
f 1372/3158/2188 1370/3050/2121 1377/3270/2251
f 5007/2862/2010 5012/3083/2142 5011/3073/2136
f 3113/3111/2162 3119/3218/2226 3120/3232/2232
f 1440/3205/2217 1436/2844/1997 1441/3271/2252
f 1643/3122/2167 1640/3113/2163 1710/3272/2253
f 3118/3207/2219 3152/3273/2244 3117/3173/2165
f 1516/3181/2202 1563/3133/2172 1524/3274/2254
f 1521/3275/2243 1519/3276/2222 1525/3277/2255
f 1647/3278/2242 1645/3259/2235 1646/3261/2248
f 3326/3217/2225 3408/3279/2256 3331/3194/2210
f 2270/3280/2071 781/3281/2157 782/3282/2257
f 2270/3280/2071 782/3282/2257 783/3283/2258
f 1927/3174/1958 1706/3284/2211 1720/3285/2259
f 3334/3286/2223 3328/3287/2260 3407/3288/2224
f 1520/3185/2205 1525/3289/2255 1562/3157/2116
f 3323/3146/2181 3329/3290/2261 3334/3214/2223
f 1526/3291/2262 1567/3292/2263 1562/3293/2116
f 3116/3172/2196 3122/3294/2264 3324/3147/2182
f 5052/2796/1965 5055/2967/2069 5063/3203/2215
f 1368/3008/2097 1376/3183/2203 1367/2971/2073
f 1518/3295/2213 1565/3296/2078 1566/3297/2265
f 1562/3293/2116 1525/3277/2255 1526/3291/2262
f 5009/2982/2076 4913/3204/2216 4916/3298/2266
f 1516/3181/2202 1522/3256/2245 1499/2996/2091
f 1563/3299/2172 1566/3297/2265 1564/3300/2267
f 4908/2890/2025 4906/2836/1990 4905/2830/1986
f 1436/2844/1997 1379/3145/2180 1441/3271/2252
f 1524/3274/2254 1563/3133/2172 1564/3301/2267
f 4441/2831/1987 4455/3211/2221 4450/2973/2075
f 1563/3299/2172 1518/3295/2213 1566/3297/2265
f 5009/2974/2076 4916/3302/2266 5013/3138/2175
f 3327/3227/2229 3329/3290/2261 3323/3146/2181
f 784/3303/2209 2276/3304/2239 785/3305/2053
f 1646/3306/2248 1643/3122/2167 1710/3272/2253
f 844/3307/2030 845/3308/2268 846/3309/2085
f 1375/3182/2173 1372/3158/2188 1378/3310/2269
f 1498/2995/2090 1508/3081/2141 1527/3311/2270
f 1565/3312/2078 1562/3293/2116 1567/3292/2263
f 2123/2882/2020 787/3190/2207 2124/2906/2033
f 3039/3017/2102 3121/3258/2247 3096/2853/2003
f 3407/3313/2224 3328/3287/2260 3408/3314/2256
f 3407/3226/2224 3408/3279/2256 3326/3217/2225
f 3093/3047/1976 3025/3315/2271 3111/3048/2120
f 3085/2710/1914 3023/3165/2192 3153/2840/1994
f 847/3316/2051 848/3317/2272 2272/3318/2111
f 1631/3241/2099 1647/3319/2242 1650/3320/2273
f 3116/3172/2196 3120/3232/2232 3122/3294/2264
f 1629/2937/2050 1648/3321/2274 1640/3113/2163
f 2271/3322/2110 849/3323/2275 784/3324/2209
f 2270/2969/2071 783/3325/2258 2131/3209/2220
f 628/3170/2195 2128/3019/2104 625/3326/2276
f 4450/2973/2075 3598/3327/2277 4435/2705/1912
f 3019/3032/2026 3026/3328/2278 3093/3047/1976
f 1526/3291/2262 1525/3277/2255 1529/3329/2279
f 3111/3048/2120 3022/3245/2238 3024/3247/2066
f 3118/3207/2219 3123/3330/2280 3152/3273/2244
f 1525/3277/2255 1519/3276/2222 1529/3329/2279
f 1522/3256/2245 1528/3331/2281 1515/3175/2197
f 3105/2964/2068 3124/3332/2282 3114/3137/2174
f 1644/3257/2246 1493/2938/2044 1697/3333/2283
f 1565/3312/2078 1567/3292/2263 1566/3334/2265
f 2273/3335/2118 846/3309/2085 850/3336/2284
f 2128/3019/2104 2122/2876/2016 625/3326/2276
f 1631/3241/2099 1650/3320/2273 1713/3337/2285
f 3528/2983/2082 4456/3338/2168 3531/2911/2037
f 5051/2781/1956 5054/2945/2055 5062/3180/2201
f 1493/2938/2044 1649/3339/2084 1697/3333/2283
f 3408/3340/2256 3330/3341/2286 3331/3342/2210
f 1526/3291/2262 1529/3329/2279 1531/3343/2287
f 5005/2818/1977 5013/3138/2175 5014/3191/2208
f 1522/3256/2245 1516/3181/2202 1524/3274/2254
f 1650/3344/2273 1647/3278/2242 1710/3345/2253
f 1647/3278/2242 1646/3261/2248 1710/3345/2253
f 3324/3147/2182 3122/3294/2264 3327/3346/2229
f 1706/3347/2211 1918/3110/2161 1737/3348/2288
f 4452/3021/2106 4454/3107/2160 4453/3102/2156
f 1529/3349/2279 1519/3213/2222 1523/3266/2250
f 1567/3292/2263 1526/3291/2262 1532/3350/2289
f 3021/3092/2148 3027/3351/2290 3019/3032/2026
f 5008/2963/2067 5015/3352/2291 5010/3054/2125
f 842/3265/2095 849/3323/2275 2271/3322/2110
f 1438/3216/2079 1530/3353/2292 1508/3081/2141
f 1379/3354/2180 1375/3182/2173 1378/3310/2269
f 1526/3355/2262 1531/3356/2287 1532/3357/2289
f 1704/3155/2187 1707/3358/2293 1918/3110/2161
f 1564/3300/2267 1566/3297/2265 1568/3359/2294
f 1650/3360/2273 1710/3361/2253 1651/3362/2295
f 1927/3174/1958 1720/3285/2259 1923/3169/2194
f 3331/3342/2210 3529/3363/2237 3325/3364/2184
f 3087/2748/1936 3125/3365/2296 3115/3159/2189
f 3153/3366/1994 3125/3365/2296 3087/2748/1936
f 4912/3144/2179 4911/3053/2124 4917/3367/2297
f 5056/2987/2086 5063/3203/2215 5061/3176/2198
f 1368/3008/2097 1371/3148/2183 1376/3183/2203
f 5057/2733/1930 5072/3079/2140 5016/3368/2214
f 847/3316/2051 851/3369/1921 852/3370/2298
f 4908/2890/2025 4915/3249/2240 4906/2836/1990
f 3114/3137/2174 3124/3332/2282 3126/3371/2299
f 3152/3255/2244 3127/3372/2300 3039/3117/2102
f 1531/3343/2287 1529/3329/2279 1534/3373/2301
f 3331/3342/2210 3330/3341/2286 3529/3363/2237
f 3118/3219/2219 3115/3159/2189 3123/3374/2280
f 1498/2995/2090 1527/3311/2270 1533/3375/2302
f 1440/3205/2217 1530/3376/2292 1438/2979/2079
f 1928/3240/2236 1926/3223/2228 3032/3377/2303
f 1924/3179/2200 1928/3240/2236 3032/3377/2303
f 1529/3349/2279 1523/3266/2250 1534/3378/2301
f 2127/3018/2103 623/3228/2230 2122/2876/2016
f 1532/3357/2289 1531/3356/2287 1535/3379/2304
f 1522/3256/2245 1524/3274/2254 1528/3331/2281
f 1369/3020/2105 1380/3380/2305 1371/3148/2183
f 1379/3354/2180 1378/3310/2269 1381/3381/2306
f 851/3369/1921 853/3382/1938 852/3370/2298
f 1650/3320/2273 1708/3383/2307 1713/3337/2285
f 3334/3286/2223 3332/3384/2308 3328/3287/2260
f 1531/3343/2287 1534/3373/2301 1535/3385/2304
f 1650/3360/2273 1651/3362/2295 1708/3386/2307
f 3093/3047/1976 3026/3328/2278 3025/3315/2271
f 1649/3339/2084 1515/3387/2197 1697/3333/2283
f 1924/3179/2200 3032/3377/2303 3091/3388/2000
f 1923/3169/2194 1720/3285/2259 1926/3223/2228
f 3019/3032/2026 3027/3351/2290 3026/3328/2278
f 1440/3205/2217 1441/3271/2252 1530/3376/2292
f 5011/3073/2136 5017/3389/2309 5072/3079/2140
f 3408/3314/2256 3328/3287/2260 3332/3384/2308
f 2126/2970/2072 2129/3040/2115 622/3390/2310
f 1566/3297/2265 1567/3391/2263 1568/3359/2294
f 2123/2882/2020 2131/3392/2220 787/3190/2207
f 2273/3335/2118 850/3336/2284 2274/3393/2119
f 1708/3394/2307 1651/3395/2295 1709/3396/2311
f 3531/3397/2037 4456/3127/2168 3532/3398/2312
f 1377/3270/2251 1370/3050/2121 1382/3399/2313
f 3025/3315/2271 3022/3245/2238 3111/3048/2120
f 3333/3400/2314 3334/3401/2314 3332/3402/2314
f 1651/3403/2315 1710/3404/2315 1709/3405/2315
f 1372/3158/2188 1377/3270/2251 1378/3310/2269
f 3408/3340/2256 3332/3406/2308 3330/3341/2286
f 5053/2806/1971 5061/3176/2198 5064/3407/2316
f 5053/2806/1971 5064/3407/2316 5060/3118/2166
f 786/3408/2054 2276/3304/2239 2275/3409/2227
f 1370/3050/2121 1376/3183/2203 1382/3399/2313
f 1710/3410/2253 1711/3411/2317 1709/3412/2311
f 3125/3413/2296 3028/3414/2318 3115/3415/2189
f 5008/2963/2067 5014/3191/2208 5015/3352/2291
f 1532/3357/2289 1535/3379/2304 1536/3416/2319
f 3122/3294/2264 3128/3417/2320 3327/3346/2229
f 787/3190/2207 622/3390/2310 2129/3040/2115
f 3114/3137/2174 3126/3371/2299 3119/3218/2226
f 847/3316/2051 852/3370/2298 848/3317/2272
f 2269/3269/2031 854/3418/2321 853/3382/1938
f 3091/2850/2000 3029/3419/2322 3021/3092/2148
f 3022/3245/2238 3025/3315/2271 3030/3420/2323
f 1536/3421/2319 1535/3385/2304 1534/3373/2301
f 5011/3073/2136 5012/3083/2142 5018/3422/2324
f 1926/3223/2228 1720/3285/2259 3032/3377/2303
f 1705/3206/2218 1631/3241/2099 1704/3155/2187
f 1564/3301/2267 1568/3423/2294 1524/3274/2254
f 4456/3127/2168 4451/3126/2083 3346/3424/2325
f 1707/3358/2293 1704/3155/2187 1712/3425/2326
f 1374/3167/2193 1380/3380/2305 1369/3020/2105
f 1536/3416/2319 1537/3426/2327 1532/3357/2289
f 1536/3421/2319 1534/3373/2301 1537/3427/2327
f 3123/3428/2280 3127/3372/2300 3152/3255/2244
f 1708/3394/2307 1709/3396/2311 1711/3429/2317
f 3105/2964/2068 3121/3258/2247 3124/3332/2282
f 1567/3391/2263 1538/3430/2328 1568/3359/2294
f 3128/3417/2320 3122/3294/2264 3120/3232/2232
f 1532/3431/2289 1539/3432/2329 1567/3391/2263
f 1441/3271/2252 1379/3145/2180 1381/3433/2306
f 4909/2913/2038 4912/3144/2179 5028/3434/2330
f 4906/2836/1990 4918/3435/2331 4914/3237/2234
f 2274/3393/2119 855/3436/2332 841/3264/2249
f 4906/2836/1990 4915/3249/2240 4918/3435/2331
f 5126/3437/1146 5161/3438/1495 5065/3439/1427
f 1524/3274/2254 1568/3423/2294 1528/3331/2281
f 3123/3440/2280 3115/3415/2189 3031/3441/2333
f 3123/3428/2280 3031/3442/2333 3127/3372/2300
f 3021/3092/2148 3029/3419/2322 3027/3351/2290
f 1713/3443/2285 1708/3394/2307 1711/3429/2317
f 1713/3444/2285 1711/3445/2317 1714/3446/2334
f 3153/3447/1994 3023/3246/2192 3125/3448/2296
f 1706/3284/2211 1737/3449/2288 1720/3285/2259
f 3025/3315/2271 3026/3328/2278 3030/3420/2323
f 1644/3257/2246 1697/3333/2283 1652/3450/2335
f 3091/2850/2000 3032/3451/2303 3029/3419/2322
f 1530/3376/2292 1441/3271/2252 1442/3452/2336
f 4451/3126/2083 3529/3243/2237 3346/3424/2325
f 3531/3397/2037 3532/3398/2312 4455/3453/2221
f 1528/3454/2281 1568/3455/2294 1540/3456/2337
f 1532/3357/2289 1537/3426/2327 1539/3457/2329
f 4453/3102/2156 3533/3094/2150 3535/3458/2338
f 3115/3415/2189 3028/3414/2318 3031/3441/2333
f 842/3265/2095 841/3264/2249 849/3323/2275
f 1378/3310/2269 1377/3270/2251 1383/3459/2339
f 1537/3427/2327 1534/3373/2301 1539/3460/2329
f 1704/3155/2187 1631/3241/2099 1712/3425/2326
f 1629/2937/2050 1644/3257/2246 1648/3321/2274
f 1713/3337/2285 1714/3461/2334 1716/3462/2340
f 3128/3417/2320 3129/3463/2341 3327/3346/2229
f 3334/3286/2223 3335/3464/2342 3332/3384/2308
f 5055/2967/2069 5066/3465/2343 5063/3203/2215
f 1710/3410/2253 1715/3466/2344 1711/3411/2317
f 4913/3204/2216 4909/2913/2038 5028/3434/2330
f 5016/3202/2214 5066/3465/2343 5055/2967/2069
f 1528/3467/2281 1540/3468/2337 1541/3469/2345
f 3119/3218/2226 3128/3417/2320 3120/3232/2232
f 3533/3470/2150 3534/3471/2346 3535/3472/2338
f 1515/3473/2197 1528/3474/2281 1676/3475/2347
f 1539/3476/2329 1534/3477/2301 1544/3478/2348
f 1710/3410/2253 1640/3479/2163 1715/3466/2344
f 2131/3480/2220 783/3283/2258 787/3481/2207
f 2122/2876/2016 623/3228/2230 624/3482/2349
f 3026/3328/2278 3033/3483/2350 3030/3420/2323
f 3023/3246/2192 3022/3245/2238 3034/3484/2351
f 1523/3266/2250 1671/3485/2352 1534/3378/2301
f 1498/2995/2090 1533/3375/2302 1542/3486/2353
f 3327/3346/2229 3129/3463/2341 3329/3487/2261
f 1714/3446/2334 1711/3445/2317 1716/3488/2340
f 5011/3073/2136 5018/3422/2324 5017/3389/2309
f 2126/3489/2072 622/3490/2310 790/3491/2354
f 1540/3468/2337 1568/3359/2294 1541/3469/2345
f 1631/3241/2099 1716/3462/2340 1712/3425/2326
f 1631/3241/2099 1713/3337/2285 1716/3462/2340
f 2122/2876/2016 624/3482/2349 625/3326/2276
f 1530/3376/2292 1442/3452/2336 1443/3492/2355
f 4455/3453/2221 3532/3398/2312 3536/3493/2356
f 3336/3494/2357 3337/3495/2358 3329/3290/2261
f 1534/3378/2301 1543/3496/2359 1544/3497/2348
f 3329/3290/2261 3337/3495/2358 3334/3214/2223
f 1567/3391/2263 1698/3498/2360 1538/3430/2328
f 5061/3176/2198 5063/3203/2215 5067/3499/2361
f 1534/3378/2301 1671/3485/2352 1543/3496/2359
f 1378/3310/2269 1384/3500/2362 1381/3381/2306
f 1374/3167/2193 628/3225/2195 1/3501/2363
f 1676/3502/2347 1528/3503/2281 1653/3504/2364
f 1539/3505/2329 1544/3497/2348 1543/3496/2359
f 3029/3506/2322 3032/3377/2303 1929/3507/2365
f 2274/3393/2119 850/3336/2284 855/3436/2332
f 1378/3310/2269 1383/3459/2339 1384/3500/2362
f 1567/3391/2263 1539/3432/2329 1698/3498/2360
f 1441/3271/2252 1381/3433/2306 1442/3452/2336
f 5012/3083/2142 5010/3054/2125 5019/3508/2366
f 1528/3467/2281 1541/3469/2345 1653/3509/2364
f 4911/3053/2124 4914/3237/2234 4917/3367/2297
f 4435/2705/1912 3598/3327/2277 3533/3094/2150
f 1376/3183/2203 1385/3510/2367 1382/3399/2313
f 1374/3167/2193 1/3501/2363 1380/3380/2305
f 4455/3453/2221 3537/3511/2368 4450/3512/2075
f 623/3513/2230 2126/3489/2072 624/3514/2349
f 1539/3505/2329 1543/3496/2359 1545/3515/2369
f 1737/3348/2288 1918/3110/2161 1738/3516/2370
f 3533/3470/2150 3538/3517/2371 3534/3471/2346
f 1716/3488/2340 1711/3445/2317 1717/3518/2372
f 1384/3500/2362 1386/3519/2373 1381/3381/2306
f 1508/3081/2141 1530/3353/2292 1546/3520/2374
f 3124/3332/2282 3121/3258/2247 3130/3521/2375
f 3533/3470/2150 3598/3522/2277 3538/3517/2371
f 4450/3512/2075 3537/3511/2368 3598/3523/2277
f 5060/3118/2166 5068/3524/2376 5054/2945/2055
f 3329/3487/2261 3129/3463/2341 3336/3525/2357
f 1382/3399/2313 1385/3510/2367 1387/3526/2377
f 3337/3527/2358 3335/3464/2342 3334/3286/2223
f 3030/3420/2323 3034/3484/2351 3022/3245/2238
f 4915/3249/2240 4452/3074/2106 4919/3528/2378
f 3125/3448/2296 3023/3246/2192 3071/3529/2379
f 1508/3081/2141 1546/3520/2374 1527/3311/2270
f 1648/3321/2274 1644/3257/2246 1724/3530/2380
f 1568/3359/2294 1538/3430/2328 1547/3531/2381
f 1568/3359/2294 1547/3531/2381 1541/3469/2345
f 1511/3106/2159 1498/2995/2090 1542/3486/2353
f 844/3307/2030 2272/3318/2111 856/3532/2382
f 1697/3533/2283 1515/3473/2197 1676/3475/2347
f 1545/3515/2369 1543/3496/2359 1549/3534/2383
f 1539/3432/2329 1545/3535/2369 1548/3536/2384
f 3126/3371/2299 3041/3537/2385 3119/3218/2226
f 1716/3462/2340 1717/3538/2372 1712/3425/2326
f 1377/3270/2251 1387/3526/2377 1383/3459/2339
f 1717/3518/2372 1711/3445/2317 1739/3539/2386
f 1546/3520/2374 1530/3353/2292 1443/3540/2355
f 3032/3377/2303 1720/3285/2259 1930/3541/2387
f 3032/3377/2303 1930/3541/2387 1929/3507/2365
f 1539/3432/2329 1548/3536/2384 1698/3498/2360
f 5013/3138/2175 4916/3302/2266 5020/3542/2388
f 1442/3452/2336 1381/3433/2306 1444/3543/2389
f 5063/3203/2215 5069/3544/2390 5067/3499/2361
f 3121/3258/2247 3039/3017/2102 3130/3521/2375
f 1712/3425/2326 1717/3538/2372 1718/3545/2391
f 1523/3266/2250 1511/3106/2159 1542/3486/2353
f 4914/3237/2234 4920/3546/2392 4917/3367/2297
f 781/3281/2157 2275/3409/2227 782/3282/2257
f 3119/3218/2226 3131/3547/2393 3128/3417/2320
f 3124/3332/2282 3130/3521/2375 3126/3371/2299
f 1737/3548/2288 1719/3549/2394 1720/3550/2259
f 5060/3118/2166 5064/3407/2316 5068/3524/2376
f 625/3551/2276 624/3514/2349 626/3552/2395
f 3529/3243/2237 3342/3553/2396 3346/3424/2325
f 855/3436/2332 857/3554/2397 841/3264/2249
f 1545/3555/2398 1549/3556/2398 1550/3557/2398
f 1918/3110/2161 1707/3358/2293 1721/3558/2399
f 3127/3559/2300 3031/3441/2333 3035/3560/2400
f 3335/3561/2342 3344/3562/2401 3332/3406/2308
f 1381/3381/2306 1386/3519/2373 1444/3563/2389
f 1929/3564/2365 3027/3351/2290 3029/3419/2322
f 1737/3548/2288 1738/3565/2370 1719/3549/2394
f 1644/3257/2246 1652/3450/2335 1724/3530/2380
f 3337/3495/2358 3336/3494/2357 3132/3566/2402
f 1527/3311/2270 1546/3520/2374 1533/3375/2302
f 1376/3183/2203 1371/3148/2183 4/3567/2403
f 5058/3084/2143 5070/3568/2404 5071/3569/2405
f 1377/3270/2251 1382/3399/2313 1387/3526/2377
f 1640/3479/2163 1648/3570/2274 1715/3466/2344
f 3034/3484/2351 3030/3420/2323 3036/3571/2406
f 5054/2945/2055 5068/3524/2376 5062/3180/2201
f 1543/3496/2359 1550/3572/2407 1549/3534/2383
f 1545/3573/2369 1550/3572/2407 1657/3574/2408
f 3031/3441/2333 3028/3414/2318 3037/3575/2409
f 3027/3351/2290 3038/3576/2410 3026/3328/2278
f 1386/3519/2373 1384/3500/2362 1444/3563/2389
f 788/3577/2411 789/3578/2412 622/3579/2310
f 789/3578/2412 790/3580/2354 622/3579/2310
f 1442/3452/2336 1445/3581/2413 1443/3492/2355
f 4455/3453/2221 3536/3493/2356 3537/3511/2368
f 3027/3351/2290 1929/3564/2365 3038/3576/2410
f 4913/3204/2216 5028/3434/2330 4916/3298/2266
f 5016/3202/2214 5072/3582/2140 5023/3583/2414
f 3337/3527/2358 3132/3584/2402 3338/3585/2415
f 846/3309/2085 858/3586/2416 850/3336/2284
f 4912/3144/2179 3997/3587/2417 5028/3434/2330
f 787/3481/2207 788/3577/2411 622/3579/2310
f 3332/3406/2308 3339/3588/2418 3330/3341/2286
f 1653/3504/2364 1547/3589/2381 1654/3590/2419
f 1541/3591/2345 1547/3589/2381 1653/3504/2364
f 5012/3083/2142 5019/3508/2366 5018/3422/2324
f 3132/3584/2402 3340/3592/2420 3338/3585/2415
f 3529/3363/2237 3330/3341/2286 3341/3593/2421
f 5017/3389/2309 5021/3594/2422 5072/3079/2140
f 1676/3475/2347 1655/3595/2423 1697/3533/2283
f 3041/3537/2385 3044/3596/2424 3119/3218/2226
f 3337/3527/2358 3338/3585/2415 3335/3464/2342
f 1918/3110/2161 1721/3558/2399 1738/3516/2370
f 1548/3536/2384 1545/3535/2369 1656/3597/2425
f 848/3317/2272 856/3532/2382 2272/3318/2111
f 3031/3441/2333 3037/3575/2409 3035/3560/2400
f 3335/3561/2342 3338/3598/2415 3344/3562/2401
f 783/3283/2258 782/3282/2257 791/3599/2426
f 846/3309/2085 845/3308/2268 858/3586/2416
f 1545/3535/2369 1657/3600/2408 1656/3597/2425
f 1717/3518/2372 1739/3539/2386 1718/3601/2391
f 4452/3021/2106 4453/3102/2156 3545/3602/2427
f 5061/3176/2198 5067/3499/2361 5064/3407/2316
f 3336/3525/2357 3129/3463/2341 3134/3603/2428
f 5058/3084/2143 5071/3569/2405 5059/3093/2149
f 3044/3596/2424 3053/3604/2429 3119/3218/2226
f 1712/3425/2326 1718/3545/2391 1707/3358/2293
f 5062/3180/2201 5070/3568/2404 5058/3084/2143
f 3340/3605/2420 3344/3562/2401 3338/3598/2415
f 1720/3550/2259 1719/3549/2394 1930/3606/2387
f 3336/3525/2357 3133/3607/2430 3132/3608/2402
f 3119/3218/2226 3053/3604/2429 3131/3547/2393
f 3336/3525/2357 3134/3603/2428 3133/3607/2430
f 5010/3054/2125 5015/3352/2291 5019/3508/2366
f 3330/3341/2286 3339/3588/2418 3341/3593/2421
f 1711/3411/2317 1722/3609/2431 1739/3610/2386
f 789/3578/2412 788/3577/2411 790/3580/2354
f 1648/3570/2274 1723/3611/2432 1715/3466/2344
f 1538/3430/2328 1698/3498/2360 1547/3531/2381
f 1929/3507/2365 1930/3541/2387 3038/3612/2410
f 1543/3496/2359 1671/3485/2352 1550/3572/2407
f 1376/3183/2203 4/3567/2403 1385/3510/2367
f 1718/3601/2391 1739/3539/2386 1722/3613/2431
f 4912/3144/2179 4917/3367/2297 3997/3587/2417
f 3129/3463/2341 3128/3417/2320 3049/3614/2433
f 1523/3266/2250 1542/3486/2353 1671/3485/2352
f 852/3370/2298 853/3382/1938 854/3418/2321
f 3071/3529/2379 3023/3246/2192 3034/3484/2351
f 3332/3406/2308 3344/3562/2401 3339/3588/2418
f 3130/3521/2375 3041/3537/2385 3126/3371/2299
f 3132/3584/2402 3343/3615/2434 3340/3592/2420
f 3536/3493/2356 3539/3616/2435 3537/3511/2368
f 1371/3148/2183 1380/3380/2305 3/3617/2436
f 3036/3571/2406 3030/3420/2323 3033/3483/2350
f 4453/3618/2156 3535/3472/2338 3540/3619/2437
f 3127/3559/2300 3035/3560/2400 3039/3620/2102
f 1648/3570/2274 1724/3621/2380 1723/3611/2432
f 3529/3363/2237 3341/3593/2421 3342/3622/2396
f 1711/3411/2317 1715/3466/2344 1722/3609/2431
f 5016/3202/2214 5023/3583/2414 5066/3465/2343
f 625/3551/2276 626/3552/2395 627/3623/2438
f 5013/3138/2175 5020/3542/2388 5022/3624/2439
f 5013/3138/2175 5022/3624/2439 5014/3191/2208
f 3132/3584/2402 3133/3625/2430 3343/3615/2434
f 1371/3148/2183 3/3617/2436 4/3567/2403
f 1444/3543/2389 1445/3581/2413 1442/3452/2336
f 5072/3079/2140 5021/3594/2422 5023/3626/2414
f 844/3307/2030 859/3627/2440 845/3308/2268
f 1548/3628/2384 1658/3629/2441 1698/3630/2360
f 1548/3628/2384 1656/3631/2425 1658/3629/2441
f 5014/3191/2208 5024/3632/2442 5015/3352/2291
f 1657/3574/2408 1550/3572/2407 1663/3633/2443
f 3340/3605/2420 3343/3634/2434 3344/3562/2401
f 1652/3635/2335 1725/3636/2444 1724/3621/2380
f 1443/3492/2355 1445/3581/2413 1554/3637/2445
f 3125/3413/2296 3071/3638/2379 3028/3414/2318
f 1930/3606/2387 1719/3549/2394 1726/3639/2446
f 3037/3575/2409 3040/3640/2447 3035/3560/2400
f 849/3323/2275 860/3641/2448 784/3324/2209
f 5173/2927/2047 5073/3642/2449 5161/3438/1495
f 1653/3504/2364 1654/3590/2419 1676/3502/2347
f 1656/3643/2425 1657/3644/2408 1663/3645/2443
f 1658/3646/2441 1656/3643/2425 1663/3645/2443
f 3343/3647/2434 3133/3648/2430 3351/3649/2450
f 850/3336/2284 858/3586/2416 861/3650/2451
f 3129/3463/2341 3049/3614/2433 3134/3603/2428
f 1652/3635/2335 1661/3651/2452 1725/3636/2444
f 783/3283/2258 792/3652/2453 787/3481/2207
f 1676/3502/2347 1654/3590/2419 1659/3653/2454
f 3343/3654/2455 3351/3655/2455 3344/3656/2455
f 1698/3630/2360 1658/3629/2441 1660/3657/2456
f 4456/3127/2168 3346/3424/2325 3532/3398/2312
f 3028/3414/2318 3071/3638/2379 3037/3575/2409
f 1533/3375/2302 1551/3658/2457 1542/3486/2353
f 784/3303/2209 860/3659/2448 2276/3304/2239
f 1660/3660/2458 1658/3661/2458 1662/3662/2458
f 1698/3663/2360 1667/3664/2459 1547/3589/2381
f 1718/3601/2391 1722/3613/2431 1740/3665/2460
f 1658/3666/2461 1663/3667/2461 1662/3668/2461
f 844/3307/2030 856/3532/2382 859/3627/2440
f 3134/3669/2428 3351/3649/2450 3133/3648/2430
f 1707/3358/2293 1718/3545/2391 1740/3670/2460
f 1652/3671/2335 1697/3533/2283 1661/3672/2452
f 5063/3203/2215 5066/3465/2343 5069/3544/2390
f 1697/3533/2283 1655/3595/2423 1661/3672/2452
f 3536/3493/2356 3541/3673/2462 3539/3616/2435
f 3341/3593/2421 3339/3588/2418 3409/3674/2463
f 783/3283/2258 791/3599/2426 792/3652/2453
f 3130/3521/2375 3135/3675/2464 3041/3537/2385
f 1698/3630/2360 1660/3657/2456 1664/3676/2465
f 2275/3409/2227 793/3677/2466 782/3282/2257
f 1660/3678/2467 1662/3679/2467 1663/3680/2467
f 1660/3681/2456 1663/3682/2443 1664/3683/2465
f 3532/3398/2312 3541/3673/2462 3536/3493/2356
f 1698/3630/2360 1664/3676/2465 1667/3684/2459
f 1383/3459/2339 1387/3526/2377 6/3685/2468
f 3134/3669/2428 3136/3686/2469 3351/3649/2450
f 3346/3424/2325 3542/3687/2470 3532/3398/2312
f 3035/3560/2400 3040/3640/2447 3039/3620/2102
f 3342/3688/2396 3345/3689/2471 3346/3690/2325
f 3341/3593/2421 3409/3674/2463 3342/3622/2396
f 628/3170/2195 625/3326/2276 627/3691/2438
f 3026/3328/2278 3038/3576/2410 3033/3483/2350
f 1533/3375/2302 1552/3692/2472 1551/3658/2457
f 3347/3693/2473 3409/3674/2463 3339/3588/2418
f 5017/3389/2309 5018/3422/2324 5025/3694/2474
f 1546/3520/2374 1552/3692/2472 1533/3375/2302
f 3537/3511/2368 3539/3616/2435 3543/3695/2475
f 3130/3696/2375 3039/3620/2102 3135/3697/2464
f 6/3685/2468 1384/3500/2362 1383/3459/2339
f 5019/3508/2366 5026/3698/2476 5018/3422/2324
f 1671/3485/2352 1663/3633/2443 1550/3572/2407
f 3598/3522/2277 3544/3699/2477 3538/3517/2371
f 3339/3588/2418 3344/3562/2401 3148/3700/2478
f 1707/3358/2293 1740/3670/2460 1721/3558/2399
f 1740/3665/2460 1722/3613/2431 1727/3701/2479
f 4453/3618/2156 3540/3619/2437 3545/3702/2427
f 1664/3683/2465 1663/3682/2443 1668/3703/2480
f 3034/3484/2351 3036/3571/2406 3071/3529/2379
f 4915/3249/2240 4921/3704/2481 4918/3435/2331
f 3534/3471/2346 3546/3705/2482 3535/3472/2338
f 849/3323/2275 862/3706/2483 860/3641/2448
f 3339/3588/2418 3148/3700/2478 3347/3693/2473
f 1663/3682/2443 1665/3707/2484 1666/3708/2485
f 3134/3603/2428 3049/3614/2433 3137/3709/2486
f 4914/3237/2234 3996/3710/2487 4920/3546/2392
f 1667/3684/2459 1664/3676/2465 1668/3711/2480
f 3041/3712/2385 3135/3697/2464 3057/3713/2488
f 1738/3516/2370 1721/3558/2399 1728/3714/2489
f 1738/3565/2370 1728/3715/2489 1729/3716/2490
f 1721/3558/2399 1740/3670/2460 1728/3717/2489
f 4452/3718/2106 3545/3702/2427 4919/3719/2378
f 3134/3669/2428 3137/3720/2486 3136/3686/2469
f 1715/3466/2344 1723/3611/2432 1730/3721/2491
f 3049/3614/2433 3139/3722/2492 3137/3709/2486
f 1667/3723/2459 1668/3724/2480 1669/3725/2493
f 1663/3682/2443 1666/3708/2485 1668/3703/2480
f 3348/3726/2494 3342/3688/2396 3409/3727/2463
f 845/3308/2268 863/3728/2495 858/3586/2416
f 5015/3352/2291 5027/3729/2496 5019/3508/2366
f 1/3730/2363 628/3731/2195 629/3732/2497
f 3538/3517/2371 3544/3699/2477 3534/3471/2346
f 1/3733/2363 2/3734/2498 1380/3735/2305
f 788/3577/2411 787/3481/2207 794/3736/2499
f 5161/3438/1495 5073/3642/2449 4099/3737/2500
f 1668/3703/2480 1666/3708/2485 1669/3738/2493
f 3041/3537/2385 3057/3739/2488 3044/3596/2424
f 3128/3417/2320 3131/3547/2393 3049/3614/2433
f 1738/3565/2370 1729/3716/2490 1719/3549/2394
f 3033/3483/2350 3038/3576/2410 3042/3740/2501
f 1740/3741/2460 1727/3742/2479 1728/3743/2489
f 5024/3632/2442 5014/3191/2208 5022/3624/2439
f 3532/3398/2312 3542/3687/2470 3541/3673/2462
f 3039/3620/2102 3040/3640/2447 3135/3697/2464
f 849/3323/2275 841/3264/2249 864/3744/2502
f 1930/3606/2387 1726/3639/2446 3038/3745/2410
f 3036/3571/2406 3033/3483/2350 3042/3740/2501
f 1654/3590/2419 1547/3589/2381 1670/3746/2503
f 4916/3302/2266 5028/3747/2330 4922/3748/2504
f 624/3514/2349 2126/3489/2072 630/3749/2505
f 3137/3720/2486 3141/3750/2506 3136/3686/2469
f 3139/3751/2492 3138/3752/2507 3137/3720/2486
f 1663/3682/2443 1671/3753/2352 1665/3707/2484
f 849/3323/2275 864/3744/2502 862/3706/2483
f 790/3580/2354 788/3577/2411 634/3754/2508
f 3137/3720/2486 3138/3752/2507 3141/3750/2506
f 1654/3590/2419 1670/3746/2503 1659/3653/2454
f 3139/3722/2492 3049/3614/2433 3142/3755/2509
f 627/3623/2438 631/3756/2510 628/3731/2195
f 3598/3522/2277 3543/3757/2475 3544/3699/2477
f 3342/3688/2396 3348/3726/2494 3345/3689/2471
f 1443/3540/2355 1553/3758/2511 1546/3520/2374
f 3071/3529/2379 3036/3571/2406 3042/3740/2501
f 3346/3424/2325 3345/3759/2471 3542/3687/2470
f 2276/3304/2239 860/3659/2448 795/3760/2512
f 3037/3575/2409 3071/3638/2379 3040/3640/2447
f 1667/3723/2459 1669/3725/2493 1672/3761/2513
f 3535/3472/2338 3546/3705/2482 3547/3762/2514
f 3534/3471/2346 3544/3699/2477 3546/3705/2482
f 1722/3609/2431 1715/3466/2344 1727/3742/2479
f 1444/3543/2389 1555/3763/2515 1445/3581/2413
f 1445/3581/2413 1555/3763/2515 1554/3637/2445
f 1669/3738/2493 1673/3764/2516 1672/3765/2513
f 3139/3722/2492 3142/3755/2509 3140/3766/2517
f 1673/3764/2516 1669/3738/2493 1666/3708/2485
f 3598/3523/2277 3537/3511/2368 3543/3695/2475
f 3539/3616/2435 3541/3673/2462 3548/3767/2518
f 3135/3697/2464 3040/3640/2447 3043/3768/2519
f 1665/3707/2484 1679/3769/2520 1666/3708/2485
f 3348/3726/2494 3409/3727/2463 3349/3770/2521
f 1387/3526/2377 1385/3510/2367 4/3567/2403
f 5068/3524/2376 5074/3771/2522 5062/3180/2201
f 1667/3723/2459 1672/3761/2513 1677/3772/2523
f 3139/3773/2492 3140/3774/2517 3141/3775/2506
f 3139/3751/2492 3141/3750/2506 3138/3752/2507
f 1672/3776/2513 1673/3764/2516 1666/3708/2485
f 3044/3777/2424 3057/3778/2488 3045/3779/2524
f 4915/3780/2240 4919/3719/2378 4921/3781/2481
f 4916/3302/2266 4922/3748/2504 5020/3542/2388
f 3071/3529/2379 3042/3740/2501 3046/3782/2525
f 5059/3093/2149 5073/3642/2449 5173/2927/2047
f 3136/3686/2469 3141/3750/2506 3351/3649/2450
f 1715/3466/2344 1730/3721/2491 1727/3742/2479
f 787/3481/2207 792/3652/2453 794/3736/2499
f 1554/3783/2445 1555/3784/2515 130/3785/2526
f 1444/3563/2389 125/3786/2527 1555/3787/2515
f 3542/3687/2470 3549/3788/2528 3541/3673/2462
f 3142/3789/2509 3143/3790/2529 3140/3774/2517
f 2275/3409/2227 2276/3304/2239 793/3677/2466
f 3044/3777/2424 3045/3779/2524 3058/3791/2530
f 1677/3772/2523 1672/3761/2513 1674/3792/2531
f 3140/3774/2517 3143/3790/2529 3141/3775/2506
f 628/3731/2195 631/3756/2510 629/3732/2497
f 3535/3472/2338 3547/3762/2514 3540/3619/2437
f 1553/3758/2511 1443/3540/2355 129/3793/2532
f 1546/3520/2374 1553/3758/2511 1552/3692/2472
f 1672/3761/2513 1666/3708/2485 1674/3792/2531
f 9/3794/2533 1387/3526/2377 4/3567/2403
f 1677/3772/2523 1674/3792/2531 1675/3795/2534
f 5066/3465/2343 5075/3796/2535 5069/3544/2390
f 1727/3742/2479 1730/3721/2491 1728/3743/2489
f 3042/3740/2501 3038/3576/2410 3047/3797/2536
f 1444/3563/2389 1384/3500/2362 125/3786/2527
f 1380/3735/2305 2/3734/2498 3/3798/2436
f 5067/3499/2361 5076/3799/2537 5064/3407/2316
f 1674/3792/2531 1666/3708/2485 1679/3769/2520
f 1676/3475/2347 1699/3800/2538 1655/3595/2423
f 1676/3502/2347 1659/3653/2454 1670/3746/2503
f 1676/3801/2539 1670/3802/2539 1699/3803/2539
f 1655/3595/2423 1732/3804/2540 1661/3672/2452
f 1675/3795/2534 1674/3792/2531 1679/3769/2520
f 3057/3713/2488 3135/3697/2464 3043/3768/2519
f 1724/3621/2380 1725/3636/2444 1723/3611/2432
f 3071/3638/2379 3072/3805/2541 3040/3640/2447
f 3409/3674/2463 3347/3693/2473 3350/3806/2542
f 1719/3549/2394 1729/3716/2490 1726/3639/2446
f 1667/3664/2459 1677/3807/2523 1547/3589/2381
f 3347/3693/2473 3411/3808/2543 3350/3806/2542
f 3142/3755/2509 3049/3614/2433 3145/3809/2544
f 1655/3595/2423 1699/3800/2538 1732/3804/2540
f 3539/3616/2435 3548/3767/2518 3543/3695/2475
f 3344/3562/2401 3351/3810/2450 3148/3700/2478
f 4914/3237/2234 4918/3435/2331 3996/3710/2487
f 1677/3772/2523 1675/3795/2534 1679/3769/2520
f 3071/3529/2379 3046/3782/2525 3072/3811/2541
f 1554/3783/2445 129/3793/2532 1443/3540/2355
f 3409/3727/2463 3350/3812/2542 3349/3770/2521
f 6/3685/2468 1387/3526/2377 1388/3813/2545
f 5066/3465/2343 5023/3583/2414 5075/3796/2535
f 3053/3604/2429 3144/3814/2546 3131/3547/2393
f 3141/3775/2506 3143/3790/2529 3056/3815/2547
f 3148/3700/2478 3411/3808/2543 3347/3693/2473
f 790/3491/2354 630/3749/2505 2126/3489/2072
f 841/3264/2249 857/3554/2397 864/3744/2502
f 861/3650/2451 858/3586/2416 865/3816/2548
f 3145/3817/2544 3146/3818/2549 3142/3789/2509
f 3044/3596/2424 3058/3819/2530 3053/3604/2429
f 5021/3594/2422 5078/3820/2550 5023/3626/2414
f 3143/3790/2529 3142/3789/2509 3146/3818/2549
f 3038/3745/2410 1726/3639/2446 3047/3821/2536
f 9/3794/2533 1388/3813/2545 1387/3526/2377
f 1/3733/2363 633/3822/2551 2/3734/2498
f 850/3336/2284 861/3650/2451 855/3436/2332
f 3040/3640/2447 3072/3805/2541 3043/3768/2519
f 3131/3547/2393 3144/3814/2546 3049/3614/2433
f 1741/3823/2552 1728/3743/2489 1730/3721/2491
f 845/3308/2268 859/3627/2440 863/3728/2495
f 3141/3775/2506 3147/3824/2553 3351/3825/2450
f 1677/3772/2523 1700/3826/2554 1680/3827/2555
f 3351/3825/2450 3147/3824/2553 3148/3828/2478
f 4/3829/2403 3/3798/2436 5/3830/2556
f 1677/3831/2557 1678/3832/2557 1679/3833/2557
f 1677/3772/2523 1679/3769/2520 1700/3826/2554
f 626/3552/2395 624/3514/2349 630/3749/2505
f 1723/3611/2432 1725/3636/2444 1731/3834/2558
f 788/3577/2411 794/3736/2499 796/3835/2559
f 1542/3486/2353 1551/3658/2457 1556/3836/2560
f 3349/3770/2521 3350/3812/2542 3410/3837/2561
f 858/3586/2416 863/3728/2495 865/3816/2548
f 626/3552/2395 632/3838/2562 627/3623/2438
f 3548/3767/2518 3550/3839/2563 3543/3695/2475
f 5021/3594/2422 5017/3389/2309 5078/3820/2550
f 5015/3352/2291 5024/3632/2442 5027/3729/2496
f 629/3732/2497 633/3840/2551 1/3730/2363
f 5018/3422/2324 5026/3698/2476 5025/3694/2474
f 3143/3790/2529 3146/3818/2549 3056/3815/2547
f 1384/3500/2362 128/3841/2564 125/3786/2527
f 3057/3713/2488 3043/3768/2519 3048/3842/2565
f 855/3436/2332 861/3650/2451 866/3843/2566
f 3146/3818/2549 3145/3817/2544 3056/3815/2547
f 1680/3844/2555 1700/3845/2554 1683/3846/2567
f 1723/3611/2432 1731/3834/2558 1730/3721/2491
f 855/3436/2332 866/3843/2566 857/3554/2397
f 3049/3847/2433 3144/3848/2546 3149/3849/2568
f 862/3706/2483 867/3850/2569 860/3641/2448
f 5017/3389/2309 5025/3694/2474 5078/3820/2550
f 3145/3809/2544 3049/3614/2433 3150/3851/2570
f 1677/3852/2523 1680/3844/2555 1681/3853/2571
f 1547/3589/2381 1677/3807/2523 1670/3746/2503
f 3549/3788/2528 3551/3854/2572 3541/3673/2462
f 3543/3757/2475 3552/3855/2573 3544/3699/2477
f 3997/3587/2417 3999/3856/2574 5028/3434/2330
f 3542/3687/2470 3345/3759/2471 3353/3857/2575
f 2/3734/2498 639/3858/2576 3/3798/2436
f 3050/3859/2577 3046/3782/2525 3042/3740/2501
f 3042/3740/2501 3047/3797/2536 3051/3860/2578
f 1552/3692/2472 1553/3758/2511 188/3861/2579
f 4917/3367/2297 4920/3546/2392 3997/3587/2417
f 1680/3844/2555 1682/3862/2580 1681/3853/2571
f 1680/3844/2555 1683/3846/2567 1682/3862/2580
f 1384/3500/2362 6/3685/2468 128/3841/2564
f 5020/3542/2388 4922/3748/2504 5022/3624/2439
f 1725/3636/2444 1661/3651/2452 1731/3834/2558
f 3542/3687/2470 3353/3857/2575 3549/3788/2528
f 3042/3740/2501 3051/3860/2578 3052/3863/2581
f 1551/3658/2457 1552/3692/2472 1556/3836/2560
f 3049/3614/2433 3149/3864/2568 3150/3851/2570
f 3053/3865/2429 3058/3866/2530 3144/3848/2546
f 1677/3852/2523 1681/3853/2571 1670/3867/2503
f 5019/3508/2366 5027/3729/2496 5026/3698/2476
f 1732/3804/2540 1699/3800/2538 1702/3868/2582
f 3150/3869/2570 3151/3870/2583 3056/3815/2547
f 3345/3689/2471 3352/3871/2584 3353/3872/2575
f 5023/3583/2414 5077/3873/2585 5075/3796/2535
f 788/3577/2411 796/3835/2559 634/3754/2508
f 1682/3874/2580 1683/3875/2567 1700/3876/2554
f 3150/3869/2570 3056/3815/2547 3145/3817/2544
f 792/3652/2453 791/3599/2426 794/3736/2499
f 6/3877/2468 1388/3878/2545 7/3879/2586
f 3350/3806/2542 3411/3808/2543 3410/3880/2561
f 1681/3853/2571 1682/3862/2580 1685/3881/2587
f 3349/3770/2521 3410/3837/2561 3354/3882/2588
f 1699/3800/2538 1670/3883/2503 1702/3868/2582
f 1681/3853/2571 1684/3884/2589 1670/3867/2503
f 3150/3885/2590 3149/3886/2590 3151/3887/2590
f 3054/3888/2591 3147/3889/2553 3056/3890/2547
f 3056/3815/2547 3147/3824/2553 3141/3775/2506
f 5062/3180/2201 5074/3771/2522 5070/3568/2404
f 4/3829/2403 8/3891/2592 9/3892/2533
f 1685/3893/2587 1682/3874/2580 1687/3894/2593
f 1554/3783/2445 130/3785/2526 129/3793/2532
f 1682/3874/2580 1700/3876/2554 1687/3894/2593
f 3541/3673/2462 3551/3854/2572 3548/3767/2518
f 1552/3692/2472 1557/3895/2594 1556/3836/2560
f 1665/3707/2484 1671/3753/2352 1701/3896/2595
f 1679/3769/2520 1665/3707/2484 1700/3897/2554
f 5023/3583/2414 5078/3898/2550 5077/3873/2585
f 3046/3782/2525 3050/3859/2577 3072/3811/2541
f 1681/3853/2571 1685/3881/2587 1686/3899/2596
f 1685/3881/2587 1690/3900/2597 1686/3899/2596
f 1685/3901/2598 1687/3902/2598 1690/3903/2598
f 3149/3904/2568 3055/3905/2599 3056/3906/2547
f 3149/3907/2600 3056/3908/2600 3151/3909/2600
f 864/3744/2502 857/3554/2397 866/3843/2566
f 790/3491/2354 634/3910/2508 635/3911/2601
f 3043/3768/2519 3072/3805/2541 3048/3842/2565
f 1686/3899/2596 1690/3900/2597 1688/3912/2602
f 3348/3726/2494 3355/3913/2603 3345/3689/2471
f 1728/3715/2489 1741/3914/2552 1729/3716/2490
f 9/3892/2533 8/3891/2592 10/3915/2604
f 782/3282/2257 797/3916/2605 791/3599/2426
f 4918/3917/2331 3554/3918/2606 3996/3919/2487
f 3149/3904/2568 3059/3920/2607 3055/3905/2599
f 9/3892/2533 10/3915/2604 1388/3878/2545
f 1661/3651/2452 1732/3921/2540 490/3922/2608
f 3042/3740/2501 3052/3863/2581 3050/3859/2577
f 125/3923/2527 126/3924/2609 1555/3925/2515
f 1741/3926/2610 1733/3927/2610 486/3928/2610
f 128/3929/2564 6/3877/2468 7/3879/2586
f 3348/3726/2494 3349/3770/2521 3355/3913/2603
f 3045/3930/2611 3057/3931/2611 3058/3932/2611
f 3551/3854/2572 3550/3839/2563 3548/3767/2518
f 1553/3758/2511 129/3793/2532 188/3861/2579
f 3551/3854/2572 3549/3788/2528 3353/3857/2575
f 3345/3689/2471 3355/3913/2603 3352/3871/2584
f 1730/3721/2491 1733/3933/2612 1741/3823/2552
f 1733/3933/2612 1730/3721/2491 1731/3834/2558
f 1681/3853/2571 1686/3899/2596 1684/3884/2589
f 1542/3486/2353 1556/3836/2560 1671/3485/2352
f 1388/3878/2545 11/3934/2613 7/3879/2586
f 3149/3849/2568 3144/3848/2546 3059/3935/2607
f 854/3418/2321 2269/3269/2031 968/3936/2614
f 629/3732/2497 631/3756/2510 633/3840/2551
f 3544/3699/2477 3553/3937/2615 3546/3705/2482
f 630/3749/2505 790/3491/2354 635/3911/2601
f 1665/3707/2484 1701/3896/2595 1700/3897/2554
f 5025/3694/2474 5026/3698/2476 5029/3938/2616
f 3543/3757/2475 3599/3939/2617 3552/3855/2573
f 1686/3899/2596 1688/3912/2602 1689/3940/2618
f 3057/3941/2488 3048/3942/2565 3058/3866/2530
f 1688/3943/2602 1690/3944/2597 1687/3945/2593
f 1741/3914/2552 486/3946/2619 1729/3716/2490
f 3349/3770/2521 3354/3882/2588 3355/3913/2603
f 3144/3848/2546 3060/3947/2620 3059/3935/2607
f 5024/3632/2442 5030/3948/2621 5027/3729/2496
f 5022/3624/2439 4922/3748/2504 4002/3949/2622
f 1687/3894/2593 1700/3876/2554 1701/3950/2595
f 1689/3951/2618 1688/3943/2602 1687/3945/2593
f 3059/3920/2607 3065/3952/2623 3055/3905/2599
f 1731/3834/2558 1661/3651/2452 1733/3933/2612
f 125/3923/2527 127/3953/2624 126/3924/2609
f 487/3954/2625 1729/3716/2490 486/3946/2619
f 1684/3884/2589 1686/3899/2596 1691/3955/2626
f 3411/3808/2543 3148/3700/2478 3356/3956/2627
f 4919/3719/2378 3554/3957/2606 4921/3781/2481
f 3411/3958/2543 3357/3959/2628 3410/3837/2561
f 3543/3695/2475 3555/3960/2629 3599/3961/2617
f 3147/3824/2553 3054/3962/2591 3148/3828/2478
f 3547/3762/2514 3556/3963/2630 3540/3619/2437
f 1686/3899/2596 1689/3940/2618 1691/3955/2626
f 3059/3935/2607 3060/3947/2620 3061/3964/2631
f 125/3923/2527 128/3965/2564 127/3953/2624
f 3061/3966/2631 3065/3952/2623 3059/3920/2607
f 4921/3967/2481 3554/3918/2606 4918/3917/2331
f 5069/3544/2390 5079/3968/2632 5067/3499/2361
f 1552/3692/2472 188/3861/2579 1557/3895/2594
f 1733/3933/2612 1734/3969/2633 486/3970/2619
f 1726/3639/2446 1729/3716/2490 1735/3971/2634
f 5022/3624/2439 5031/3972/2635 5024/3632/2442
f 626/3552/2395 630/3749/2505 632/3838/2562
f 3072/3805/2541 3062/3973/2636 3048/3842/2565
f 1689/3951/2618 1687/3945/2593 491/3974/2637
f 3056/3890/2547 3055/3975/2599 3065/3976/2623
f 3060/3947/2620 3144/3848/2546 3064/3977/2638
f 1726/3639/2446 1735/3971/2634 499/3978/2639
f 3997/3979/2417 4920/3980/2392 3998/3981/2640
f 3058/3866/2530 3064/3977/2638 3144/3848/2546
f 3060/3982/2620 3063/3983/2641 3065/3984/2623
f 3060/3985/2620 3065/3952/2623 3061/3966/2631
f 1691/3986/2626 491/3974/2637 1694/3987/2642
f 1689/3951/2618 491/3974/2637 1691/3986/2626
f 129/3988/2532 130/3989/2526 131/3990/2643
f 3411/3958/2543 3356/3991/2627 3357/3959/2628
f 1726/3639/2446 499/3978/2639 3047/3821/2536
f 3410/3837/2561 3357/3959/2628 3358/3992/2644
f 1388/3878/2545 10/3915/2604 11/3934/2613
f 1691/3955/2626 1692/3993/2645 1684/3884/2589
f 1691/3986/2626 1694/3987/2642 1692/3994/2645
f 3058/3866/2530 3067/3995/2646 3064/3977/2638
f 3544/3699/2477 3552/3855/2573 3553/3937/2615
f 1661/3651/2452 1734/3969/2633 1733/3933/2612
f 3353/3857/2575 3412/3996/2647 3551/3854/2572
f 3353/3857/2575 3466/3997/2648 3412/3996/2647
f 3352/3871/2584 3359/3998/2649 3353/3872/2575
f 1729/3716/2490 487/3954/2625 1735/3971/2634
f 10/3915/2604 12/3999/2650 11/3934/2613
f 1671/3485/2352 1556/3836/2560 501/4000/2651
f 5024/3632/2442 5031/3972/2635 5030/3948/2621
f 793/3677/2466 2276/3304/2239 798/4001/2652
f 1684/3884/2589 1692/3993/2645 1695/4002/2653
f 1732/3921/2540 1702/4003/2582 490/3922/2608
f 3060/3982/2620 3064/4004/2638 3063/3983/2641
f 3/3798/2436 639/3858/2576 5/3830/2556
f 1670/3867/2503 1684/3884/2589 1695/4002/2653
f 1692/3994/2645 1694/3987/2642 1693/4005/2654
f 1694/4006/2642 491/4007/2637 1693/4005/2654
f 1556/4008/2560 494/4009/2655 501/4010/2651
f 5028/3434/2330 3999/3856/2574 4922/4011/2504
f 5025/3694/2474 5029/3938/2616 5078/3820/2550
f 3056/3890/2547 3065/3976/2623 3054/3888/2591
f 2/3734/2498 633/3822/2551 639/3858/2576
f 5067/3499/2361 5079/3968/2632 5076/3799/2537
f 5064/3407/2316 5076/3799/2537 5068/3524/2376
f 852/3370/2298 868/4012/2656 848/3317/2272
f 3543/3695/2475 3550/3839/2563 3555/3960/2629
f 791/3599/2426 799/4013/2657 794/3736/2499
f 3551/3854/2572 3412/3996/2647 3550/3839/2563
f 7/3879/2586 134/4014/2658 128/3929/2564
f 1701/3896/2595 1671/3753/2352 501/4015/2651
f 3067/3995/2646 3058/3866/2530 3048/3942/2565
f 1670/3867/2503 1695/4002/2653 1702/4016/2582
f 1555/4017/2515 132/4018/2659 130/3989/2526
f 635/3911/2601 636/4019/2660 630/3749/2505
f 3355/3913/2603 3359/3998/2649 3352/3871/2584
f 126/3924/2609 180/4020/2661 1555/3925/2515
f 848/3317/2272 868/4012/2656 856/3532/2382
f 7/3879/2586 11/3934/2613 13/4021/2662
f 3546/3705/2482 3553/3937/2615 3547/3762/2514
f 1695/4022/2653 1692/3994/2645 1693/4005/2654
f 1687/3894/2593 1701/3950/2595 491/4023/2637
f 1734/3969/2633 1661/3651/2452 490/3922/2608
f 130/3989/2526 132/4018/2659 131/3990/2643
f 3063/4024/2663 3064/4025/2663 3065/4026/2663
f 3356/4027/2664 3148/4028/2664 2953/4029/2664
f 3354/3882/2588 3410/3837/2561 3358/3992/2644
f 3064/4030/2638 3066/4031/2665 3065/3976/2623
f 5027/3729/2496 5032/4032/2666 5026/3698/2476
f 5075/3796/2535 5080/4033/2667 5069/3544/2390
f 4/3829/2403 14/4034/2668 8/3891/2592
f 1695/4022/2653 1693/4005/2654 1696/4035/2669
f 188/4036/2579 129/4037/2532 131/4038/2643
f 188/4036/2579 131/4038/2643 189/4039/2670
f 3357/3959/2628 3356/3991/2627 2953/4040/2671
f 3997/3979/2417 3998/3981/2640 3999/4041/2574
f 3547/3762/2514 3553/3937/2615 3557/4042/2672
f 2276/3304/2239 795/3760/2512 798/4001/2652
f 3354/3882/2588 3360/4043/2673 3355/3913/2603
f 8/3891/2592 14/4034/2668 10/3915/2604
f 3550/3839/2563 3558/4044/2674 3555/3960/2629
f 3065/3976/2623 3066/4031/2665 3054/3888/2591
f 126/3924/2609 127/3953/2624 180/4020/2661
f 1555/4017/2515 180/4045/2661 133/4046/2675
f 1696/4035/2669 1693/4005/2654 491/4007/2637
f 128/3965/2564 134/4047/2658 127/3953/2624
f 1695/4048/2653 1696/4049/2669 484/4050/2676
f 1734/3969/2633 1736/4051/2677 486/3970/2619
f 795/3760/2512 860/3659/2448 867/4052/2569
f 1702/4016/2582 1695/4002/2653 485/4053/2678
f 3358/3992/2644 3360/4043/2673 3354/3882/2588
f 1556/4008/2560 190/4054/2679 494/4009/2655
f 3358/3992/2644 3357/3959/2628 3154/4055/2680
f 3066/4031/2665 2955/4056/2681 3054/3888/2591
f 631/3756/2510 627/3623/2438 637/4057/2682
f 1702/4003/2582 485/4058/2678 490/3922/2608
f 1695/4048/2653 484/4050/2676 485/4059/2678
f 3050/3859/2577 2947/4060/2683 3072/3811/2541
f 486/4061/2619 1736/4062/2677 487/4063/2625
f 3067/4064/2646 3066/4031/2665 3064/4030/2638
f 1556/4008/2560 1557/4065/2594 190/4054/2679
f 5022/3624/2439 4002/3949/2622 5031/3972/2635
f 3555/3960/2629 3559/4066/2684 3599/3961/2617
f 1555/4017/2515 133/4046/2675 132/4018/2659
f 1734/3969/2633 490/3922/2608 1736/4051/2677
f 3355/3913/2603 3360/4043/2673 3361/4067/2685
f 3540/3619/2437 3556/3963/2630 3560/4068/2686
f 189/4039/2670 191/4069/2687 188/4036/2579
f 3052/3863/2581 2947/4060/2683 3050/3859/2577
f 3353/4070/2688 3359/4071/2688 3466/4072/2688
f 1557/4065/2594 188/4036/2579 191/4069/2687
f 485/4059/2678 484/4050/2676 488/4073/2689
f 3355/3913/2603 3361/4067/2685 3359/3998/2649
f 3054/3888/2591 2951/4074/2690 3148/4075/2478
f 782/3282/2257 793/3677/2466 797/3916/2605
f 484/4050/2676 1696/4049/2669 488/4073/2689
f 3052/3863/2581 3051/3860/2578 3068/4076/2691
f 127/3953/2624 134/4047/2658 180/4020/2661
f 2953/4040/2671 3154/4055/2680 3357/3959/2628
f 794/3736/2499 800/4077/2692 796/3835/2559
f 485/4078/2678 489/4079/2693 490/4080/2608
f 1696/4049/2669 491/4081/2637 492/4082/2694
f 7/3879/2586 13/4021/2662 134/4014/2658
f 3361/4067/2685 3362/4083/2695 3359/3998/2649
f 3067/4064/2646 3069/4084/2696 3066/4031/2665
f 4919/3719/2378 3545/3702/2427 3561/4085/2697
f 3148/4075/2478 2951/4074/2690 2953/4086/2698
f 861/3650/2451 865/3816/2548 869/4087/2699
f 3553/3937/2615 3552/3855/2573 3562/4088/2700
f 132/4018/2659 196/4089/2701 131/3990/2643
f 485/4059/2678 488/4073/2689 493/4090/2702
f 489/4079/2693 485/4078/2678 493/4091/2702
f 627/3623/2438 632/3838/2562 637/4057/2682
f 3048/3842/2565 3069/4084/2696 3067/4064/2646
f 3358/3992/2644 3154/4055/2680 3363/4092/2703
f 490/4080/2608 489/4079/2693 1736/4062/2677
f 1696/4049/2669 492/4082/2694 488/4073/2689
f 4/3829/2403 5/3830/2556 14/4034/2668
f 864/3744/2502 866/3843/2566 870/4093/2704
f 3550/3839/2563 3412/3996/2647 3558/4044/2674
f 3540/3619/2437 3560/4068/2686 3545/3702/2427
f 3359/3998/2649 3364/4094/2705 3466/4095/2648
f 133/4046/2675 180/4045/2661 135/4096/2706
f 867/3850/2569 862/3706/2483 871/4097/2707
f 133/4046/2675 136/4098/2708 132/4018/2659
f 491/4081/2637 1701/4099/2595 492/4082/2694
f 1557/4065/2594 191/4069/2687 190/4054/2679
f 3358/3992/2644 3363/4092/2703 3360/4043/2673
f 3047/3797/2536 2949/4100/2709 3051/3860/2578
f 3051/3860/2578 2949/4100/2709 3068/4076/2691
f 195/4101/2710 494/4102/2710 192/4103/2710
f 637/4057/2682 638/4104/2711 631/3756/2510
f 487/4063/2625 566/4105/2712 1735/4106/2634
f 3072/3805/2541 2947/4107/2683 3062/3973/2636
f 494/4009/2655 190/4054/2679 504/4108/2713
f 133/4046/2675 135/4096/2706 136/4098/2708
f 3552/3855/2573 3599/3939/2617 3562/4088/2700
f 5069/3544/2390 5080/4033/2667 5079/3968/2632
f 3363/4092/2703 3154/4055/2680 3365/4109/2714
f 3047/4110/2536 499/4111/2639 2949/4112/2709
f 132/4018/2659 136/4098/2708 196/4089/2701
f 494/4009/2655 504/4108/2713 192/4113/2715
f 5027/3729/2496 5033/4114/2716 5032/4032/2666
f 797/3916/2605 793/3677/2466 801/4115/2717
f 3048/3842/2565 3062/3973/2636 3069/4084/2696
f 866/3843/2566 861/3650/2451 872/4116/2718
f 3066/4031/2665 3069/4084/2696 2955/4056/2681
f 189/4039/2670 131/4038/2643 193/4117/2719
f 489/4079/2693 495/4118/2720 1736/4062/2677
f 487/4063/2625 1736/4062/2677 496/4119/2721
f 191/4069/2687 189/4039/2670 194/4120/2722
f 3359/3998/2649 3362/4083/2695 3364/4094/2705
f 489/4079/2693 493/4091/2702 497/4121/2723
f 3553/3937/2615 3562/4088/2700 3557/4042/2672
f 501/4010/2651 494/4009/2655 195/4122/2724
f 5031/3972/2635 4145/4123/2725 5030/3948/2621
f 499/4111/2639 500/4124/2726 2949/4112/2709
f 3555/3960/2629 3558/4044/2674 3559/4066/2684
f 487/4063/2625 498/4125/2727 566/4105/2712
f 1736/4062/2677 495/4118/2720 496/4119/2721
f 3366/4126/2728 3360/4043/2673 3363/4092/2703
f 3412/4127/2647 3466/4128/2648 3369/4129/2729
f 489/4079/2693 497/4121/2723 495/4118/2720
f 499/4130/2639 1735/4106/2634 500/4131/2726
f 2947/4132/2683 2948/4133/2730 3062/4134/2636
f 1701/4099/2595 501/4135/2651 492/4082/2694
f 3052/3863/2581 3068/4076/2691 3070/4136/2731
f 638/4104/2711 633/3840/2551 631/3756/2510
f 5029/3938/2616 5034/4137/2732 5078/3820/2550
f 3547/3762/2514 3557/4042/2672 3556/3963/2630
f 3466/4128/2648 3364/4138/2705 3369/4129/2729
f 4919/3719/2378 3561/4085/2697 3563/4139/2733
f 5071/3569/2405 5070/3568/2404 4156/4140/2734
f 493/4090/2702 488/4073/2689 492/4082/2694
f 5027/3729/2496 5030/3948/2621 5033/4114/2716
f 3360/4043/2673 3366/4126/2728 3367/4141/2735
f 3054/3888/2591 2955/4056/2681 2951/4074/2690
f 3361/4067/2685 3360/4043/2673 3362/4083/2695
f 4919/3719/2378 3563/4139/2733 3554/3957/2606
f 3360/4043/2673 3367/4141/2735 3362/4083/2695
f 487/4063/2625 496/4119/2721 498/4125/2727
f 3154/4142/2736 2953/4143/2736 2957/4144/2736
f 3052/3863/2581 3070/4136/2731 2947/4060/2683
f 791/3599/2426 802/4145/2737 799/4013/2657
f 3364/4094/2705 3362/4083/2695 3368/4146/2738
f 3412/3996/2647 3413/4147/2739 3558/4044/2674
f 3558/4044/2674 3413/4147/2739 3559/4066/2684
f 492/4082/2694 502/4148/2740 493/4090/2702
f 796/3835/2559 800/4077/2692 634/3754/2508
f 3562/4088/2700 3599/3939/2617 3564/4149/2741
f 859/3627/2440 873/4150/2742 863/3728/2495
f 13/4021/2662 12/3999/2650 134/4014/2658
f 1735/4106/2634 566/4105/2712 500/4131/2726
f 862/3706/2483 864/3744/2502 871/4097/2707
f 4920/3980/2392 3996/3919/2487 4000/4151/2743
f 4920/3980/2392 4000/4151/2743 3998/3981/2640
f 794/3736/2499 799/4013/2657 803/4152/2744
f 3560/4068/2686 3556/3963/2630 3565/4153/2745
f 180/4045/2661 18/4154/2746 135/4096/2706
f 3364/4094/2705 3368/4146/2738 3369/4155/2729
f 639/4156/2576 633/3840/2551 640/4157/2747
f 501/4135/2651 502/4148/2740 492/4082/2694
f 496/4119/2721 503/4158/2748 498/4125/2727
f 13/4021/2662 11/3934/2613 12/3999/2650
f 3068/4159/2691 2949/4160/2709 3070/4161/2731
f 2947/4132/2683 3070/4161/2731 2950/4162/2749
f 497/4121/2723 558/4163/2750 495/4118/2720
f 3999/4041/2574 4001/4164/2751 4922/4165/2504
f 5075/3796/2535 5077/3873/2585 5080/4033/2667
f 859/3627/2440 856/3532/2382 873/4150/2742
f 630/3749/2505 636/4019/2660 632/3838/2562
f 502/4148/2740 501/4135/2651 195/4166/2724
f 3996/3919/2487 3554/3918/2606 4000/4151/2743
f 193/4117/2719 131/4038/2643 138/4167/2752
f 3560/4068/2686 3561/4085/2697 3545/3702/2427
f 791/3599/2426 797/3916/2605 802/4145/2737
f 3564/4149/2741 3566/4168/2753 3562/4088/2700
f 3366/4126/2728 3370/4169/2754 3367/4141/2735
f 2951/4170/2690 2952/4171/2755 2953/4172/2698
f 2949/4160/2709 2954/4173/2756 3070/4161/2731
f 5076/3799/2537 5079/3968/2632 5081/4174/2757
f 3562/4088/2700 3566/4168/2753 3567/4175/2758
f 3366/4126/2728 3363/4092/2703 3371/4176/2759
f 2955/4177/2681 2952/4171/2755 2951/4170/2690
f 5059/3093/2149 4159/4178/2760 5073/3642/2449
f 180/4045/2661 137/4179/2761 18/4154/2746
f 869/4087/2699 865/3816/2548 863/3728/2495
f 196/4180/2701 138/4167/2752 131/4038/2643
f 3154/4181/2762 2957/4182/2763 3372/4183/2764
f 189/4039/2670 193/4117/2719 194/4120/2722
f 5077/3873/2585 5078/3898/2550 5082/4184/2765
f 3413/4185/2739 3412/4127/2647 3414/4186/2766
f 3365/4109/2714 3372/4187/2764 3363/4092/2703
f 3599/3961/2617 3559/4066/2684 3568/4188/2767
f 3599/3939/2617 3568/4189/2767 3564/4149/2741
f 3362/4083/2695 3367/4141/2735 3368/4146/2738
f 3562/4088/2700 3567/4175/2758 3557/4042/2672
f 2955/4177/2681 3069/4190/2696 2952/4171/2755
f 804/4191/2768 801/4115/2717 793/3677/2466
f 191/4069/2687 197/4192/2769 190/4054/2679
f 5026/3698/2476 5035/4193/2770 5029/3938/2616
f 856/3532/2382 868/4012/2656 873/4150/2742
f 3070/4161/2731 2954/4173/2756 2950/4162/2749
f 2947/4132/2683 2950/4162/2749 2948/4133/2730
f 493/4090/2702 502/4148/2740 497/4194/2723
f 195/4166/2724 192/4195/2715 502/4148/2740
f 196/4089/2701 136/4098/2708 138/4196/2752
f 864/3744/2502 874/4197/2771 871/4097/2707
f 3557/4042/2672 3567/4175/2758 3569/4198/2772
f 864/3744/2502 870/4093/2704 874/4197/2771
f 866/3843/2566 875/4199/2773 870/4093/2704
f 866/3843/2566 872/4116/2718 875/4199/2773
f 134/4014/2658 137/4200/2761 180/4201/2661
f 3412/4127/2647 3369/4129/2729 3414/4186/2766
f 3559/4066/2684 3413/4147/2739 3570/4202/2774
f 191/4069/2687 194/4120/2722 197/4192/2769
f 2956/4203/2775 3069/4204/2696 3062/4134/2636
f 3365/4205/2776 3154/4206/2776 3372/4207/2776
f 2953/4172/2698 2952/4171/2755 2957/4208/2763
f 135/4096/2706 18/4154/2746 136/4098/2708
f 5059/3093/2149 5071/3569/2405 4156/4140/2734
f 3363/4092/2703 3372/4187/2764 3371/4176/2759
f 3367/4141/2735 3370/4169/2754 3373/4209/2777
f 3998/3981/2640 4001/4164/2751 3999/4041/2574
f 634/3910/2508 641/4210/2778 635/3911/2601
f 2948/4133/2730 2956/4203/2775 3062/4134/2636
f 504/4108/2713 190/4054/2679 198/4211/2779
f 2949/4160/2709 500/4212/2726 2958/4213/2780
f 496/4119/2721 495/4118/2720 503/4158/2748
f 4002/4214/2622 4922/4165/2504 4003/4215/2781
f 2949/4160/2709 2958/4213/2780 2954/4173/2756
f 497/4194/2723 502/4148/2740 558/4216/2750
f 5074/3771/2522 5068/3524/2376 4163/4217/2782
f 798/4001/2652 795/3760/2512 805/4218/2783
f 3368/4146/2738 3367/4141/2735 3374/4219/2784
f 138/4167/2752 199/4220/2785 193/4117/2719
f 197/4192/2769 194/4120/2722 199/4220/2785
f 3368/4221/2738 3414/4186/2766 3369/4129/2729
f 800/4077/2692 806/4222/2786 634/3754/2508
f 201/4223/2787 136/4098/2708 139/4224/2788
f 566/4105/2712 498/4125/2727 568/4225/2789
f 2957/4208/2763 2952/4171/2755 3010/4226/2790
f 138/4196/2752 136/4098/2708 201/4223/2787
f 5032/4032/2666 5033/4114/2716 4151/4227/2791
f 799/4013/2657 802/4145/2737 803/4152/2744
f 3069/4204/2696 2956/4203/2775 2959/4228/2792
f 3370/4169/2754 3366/4126/2728 3371/4176/2759
f 3559/4066/2684 3570/4202/2774 3568/4188/2767
f 2957/4182/2763 3010/4229/2790 3372/4183/2764
f 2948/4133/2730 2960/4230/2793 2956/4203/2775
f 2960/4230/2793 2948/4133/2730 2950/4162/2749
f 2958/4231/2780 500/4232/2726 565/4233/2794
f 502/4148/2740 192/4195/2715 558/4216/2750
f 193/4117/2719 199/4220/2785 194/4120/2722
f 5026/3698/2476 5032/4032/2666 5035/4193/2770
f 5029/3938/2616 5035/4193/2770 5034/4137/2732
f 852/3370/2298 876/4234/2795 868/4012/2656
f 5070/3568/2404 5074/3771/2522 4156/4140/2734
f 3413/4185/2739 3414/4186/2766 3571/4235/2796
f 3413/4147/2739 3571/4236/2796 3570/4202/2774
f 3367/4141/2735 3375/4237/2797 3374/4219/2784
f 869/4087/2699 863/3728/2495 877/4238/2798
f 500/4232/2726 566/4239/2712 565/4233/2794
f 863/3728/2495 873/4150/2742 878/4240/2799
f 136/4098/2708 18/4154/2746 140/4241/2800
f 3564/4149/2741 3568/4189/2767 3566/4168/2753
f 5080/4033/2667 4148/4242/2801 5079/3968/2632
f 201/4223/2787 139/4224/2788 141/4243/2802
f 636/4019/2660 642/4244/2803 632/3838/2562
f 793/3677/2466 798/4001/2652 807/4245/2804
f 634/3754/2508 806/4222/2786 641/4246/2778
f 861/3650/2451 869/4087/2699 872/4116/2718
f 3370/4169/2754 3371/4176/2759 3373/4209/2777
f 3373/4209/2777 3376/4247/2805 3367/4141/2735
f 192/4248/2715 504/4249/2713 559/4250/2806
f 5030/3948/2621 5036/4251/2807 5033/4114/2716
f 2954/4173/2756 2961/4252/2808 2950/4162/2749
f 566/4239/2712 567/4253/2809 565/4233/2794
f 503/4158/2748 495/4118/2720 558/4163/2750
f 3554/3918/2606 4004/4254/2810 4000/4151/2743
f 136/4098/2708 140/4241/2800 139/4224/2788
f 137/4200/2761 134/4014/2658 15/4255/2811
f 138/4167/2752 200/4256/2812 199/4220/2785
f 793/3677/2466 807/4245/2804 804/4191/2768
f 12/3999/2650 16/4257/2813 134/4014/2658
f 794/3736/2499 803/4152/2744 800/4077/2692
f 3371/4176/2759 3372/4187/2764 3377/4258/2814
f 3367/4141/2735 3376/4247/2805 3375/4237/2797
f 190/4054/2679 197/4192/2769 198/4211/2779
f 568/4225/2789 498/4125/2727 505/4259/2815
f 632/3838/2562 642/4244/2803 637/4057/2682
f 498/4125/2727 506/4260/2816 505/4259/2815
f 4922/4165/2504 4001/4164/2751 4003/4215/2781
f 3069/4190/2696 2959/4261/2792 2952/4171/2755
f 795/3760/2512 867/4052/2569 805/4218/2783
f 566/4239/2712 568/4262/2789 567/4253/2809
f 503/4158/2748 558/4163/2750 507/4263/2817
f 3554/3918/2606 3563/4264/2733 4004/4254/2810
f 3570/4202/2774 3600/4265/2818 3568/4188/2767
f 201/4266/2787 141/4267/2802 138/4167/2752
f 5077/3873/2585 5083/4268/2819 5080/4033/2667
f 3570/4202/2774 3571/4236/2796 3600/4265/2818
f 3371/4176/2759 3377/4258/2814 3373/4209/2777
f 141/4267/2802 200/4256/2812 138/4167/2752
f 3414/4186/2766 3368/4221/2738 3415/4269/2820
f 802/4145/2737 808/4270/2821 803/4152/2744
f 198/4211/2779 559/4271/2806 504/4108/2713
f 565/4233/2794 569/4272/2822 2958/4231/2780
f 2950/4162/2749 2962/4273/2823 2960/4230/2793
f 2950/4162/2749 2961/4252/2808 2962/4273/2823
f 870/4093/2704 875/4199/2773 874/4197/2771
f 2954/4173/2756 2958/4213/2780 2961/4252/2808
f 498/4125/2727 503/4158/2748 506/4260/2816
f 3368/4146/2738 3374/4219/2784 3415/4274/2820
f 2269/3269/2031 843/3268/2138 879/4275/2824
f 5083/4268/2819 5077/3873/2585 5082/4184/2765
f 197/4192/2769 202/4276/2825 198/4211/2779
f 3010/4226/2790 2952/4171/2755 2963/4277/2826
f 134/4014/2658 16/4257/2813 15/4255/2811
f 800/4077/2692 803/4152/2744 808/4270/2821
f 3372/4183/2764 3010/4229/2790 2964/4278/2827
f 137/4200/2761 17/4279/2828 18/4280/2746
f 2269/3269/2031 879/4275/2824 968/3936/2614
f 3372/4187/2764 3378/4281/2829 3377/4258/2814
f 5068/3524/2376 5076/3799/2537 4163/4217/2782
f 137/4200/2761 15/4255/2811 17/4279/2828
f 3374/4219/2784 3379/4282/2830 3415/4274/2820
f 3600/4283/2818 3571/4235/2796 3416/4284/2831
f 3372/4183/2764 2964/4278/2827 3378/4285/2829
f 3998/3981/2640 4005/4286/2832 4001/4164/2751
f 503/4158/2748 508/4287/2833 506/4260/2816
f 199/4220/2785 200/4256/2812 203/4288/2834
f 3375/4237/2797 3380/4289/2835 3374/4219/2784
f 3568/4189/2767 3600/4290/2818 3572/4291/2836
f 18/4154/2746 19/4292/2837 140/4241/2800
f 3571/4235/2796 3414/4186/2766 3416/4284/2831
f 4000/4151/2743 4005/4286/2832 3998/3981/2640
f 198/4211/2779 202/4276/2825 559/4271/2806
f 800/4077/2692 808/4270/2821 809/4293/2838
f 2952/4171/2755 3011/4294/2839 2963/4277/2826
f 2952/4171/2755 2959/4261/2792 3011/4294/2839
f 569/4272/2822 565/4233/2794 2969/4295/2840
f 503/4158/2748 507/4263/2817 508/4287/2833
f 192/4248/2715 507/4296/2817 558/4297/2750
f 2964/4298/2827 3010/4299/2790 2965/4300/2841
f 637/4057/2682 642/4244/2803 638/4104/2711
f 3375/4237/2797 3376/4247/2805 3380/4289/2835
f 565/4233/2794 567/4253/2809 2969/4295/2840
f 141/4267/2802 139/4301/2788 144/4302/2842
f 636/4019/2660 635/3911/2601 641/4210/2778
f 640/4157/2747 633/3840/2551 638/4104/2711
f 3373/4209/2777 3377/4258/2814 3376/4247/2805
f 5032/4032/2666 5037/4303/2843 5035/4193/2770
f 3377/4258/2814 3378/4281/2829 3381/4304/2844
f 5080/4033/2667 5083/4268/2819 4148/4242/2801
f 18/4280/2746 17/4279/2828 19/4305/2837
f 192/4248/2715 559/4250/2806 507/4296/2817
f 3414/4186/2766 3415/4269/2820 3416/4284/2831
f 3377/4258/2814 3381/4304/2844 3376/4247/2805
f 203/4288/2834 204/4306/2845 199/4220/2785
f 3415/4269/2820 3379/4307/2830 3416/4284/2831
f 863/3728/2495 878/4240/2799 877/4238/2798
f 3378/4285/2829 2964/4278/2827 3217/4308/2846
f 3567/4175/2758 3573/4309/2847 3574/4310/2848
f 3568/4189/2767 3572/4291/2836 3575/4311/2849
f 2959/4312/2792 2966/4313/2850 3011/4314/2839
f 200/4256/2812 141/4267/2802 203/4288/2834
f 197/4192/2769 199/4220/2785 202/4276/2825
f 797/3916/2605 801/4115/2717 802/4145/2737
f 2959/4228/2792 2956/4203/2775 2967/4315/2851
f 203/4288/2834 141/4267/2802 205/4316/2852
f 5078/3820/2550 5034/4137/2732 4149/4317/2853
f 5078/3898/2550 4149/4318/2853 5082/4184/2765
f 571/4319/2854 568/4225/2789 505/4259/2815
f 3566/4168/2753 3568/4189/2767 3575/4311/2849
f 5032/4032/2666 4151/4227/2791 5037/4303/2843
f 3010/4226/2790 2963/4277/2826 2965/4320/2841
f 3567/4175/2758 3574/4310/2848 3569/4198/2772
f 2956/4203/2775 2960/4230/2793 2967/4315/2851
f 877/4238/2798 878/4240/2799 869/4087/2699
f 139/4224/2788 142/4321/2855 143/4322/2856
f 139/4224/2788 206/4323/2857 144/4324/2842
f 3379/4282/2830 3374/4219/2784 3417/4325/2858
f 2965/4300/2841 3217/4326/2846 2964/4298/2827
f 805/4218/2783 867/4052/2569 810/4327/2859
f 639/3858/2576 20/4328/2860 5/3830/2556
f 3566/4168/2753 3573/4309/2847 3567/4175/2758
f 3374/4219/2784 3380/4289/2835 3417/4325/2858
f 3376/4247/2805 3227/4329/2861 3380/4289/2835
f 5074/3771/2522 4154/4330/2862 4156/4140/2734
f 3378/4331/2829 3217/4332/2846 3227/4333/2861
f 854/3418/2321 968/3936/2614 852/3370/2298
f 3376/4247/2805 3381/4304/2844 3227/4329/2861
f 14/4034/2668 12/3999/2650 10/3915/2604
f 202/4276/2825 199/4220/2785 204/4306/2845
f 3556/3963/2630 3557/4042/2672 3565/4153/2745
f 3561/4085/2697 3576/4334/2863 3563/4139/2733
f 3380/4289/2835 3227/4329/2861 3382/4335/2864
f 140/4241/2800 19/4292/2837 145/4336/2865
f 2961/4252/2808 2958/4213/2780 2968/4337/2866
f 203/4288/2834 205/4316/2852 204/4306/2845
f 140/4241/2800 142/4321/2855 139/4224/2788
f 559/4338/2806 207/4339/2867 509/4340/2868
f 4003/4215/2781 4001/4164/2751 4006/4341/2869
f 3381/4304/2844 3378/4281/2829 3227/4329/2861
f 507/4263/2817 510/4342/2870 508/4287/2833
f 139/4224/2788 143/4322/2856 206/4323/2857
f 15/4255/2811 21/4343/2871 17/4279/2828
f 2966/4313/2850 2959/4312/2792 3012/4344/2872
f 508/4287/2833 510/4342/2870 511/4345/2873
f 567/4253/2809 570/4346/2874 2969/4295/2840
f 569/4347/2822 2968/4337/2866 2958/4213/2780
f 144/4302/2842 206/4348/2857 147/4349/2875
f 2959/4228/2792 2967/4315/2851 3012/4350/2872
f 5031/4351/2635 4002/4352/2622 4007/4353/2876
f 140/4241/2800 145/4336/2865 142/4321/2855
f 3379/4307/2830 3417/4354/2858 3383/4355/2877
f 12/3999/2650 22/4356/2878 16/4257/2813
f 569/4347/2822 2969/4357/2840 2968/4337/2866
f 5059/3093/2149 4156/4140/2734 5084/4358/2879
f 639/4156/2576 640/4157/2747 643/4359/2880
f 207/4360/2867 202/4276/2825 204/4306/2845
f 202/4361/2825 207/4339/2867 559/4338/2806
f 2963/4277/2826 3013/4362/2881 2965/4320/2841
f 3011/4314/2839 2966/4313/2850 3013/4363/2881
f 3011/4294/2839 3013/4362/2881 2963/4277/2826
f 19/4305/2837 17/4279/2828 30/4364/2882
f 3566/4168/2753 3575/4311/2849 3573/4309/2847
f 2967/4315/2851 2960/4230/2793 2962/4273/2823
f 567/4253/2809 568/4262/2789 570/4346/2874
f 507/4263/2817 559/4365/2806 512/4366/2883
f 867/4052/2569 880/4367/2884 810/4327/2859
f 3379/4307/2830 3418/4368/2885 3416/4284/2831
f 2965/4300/2841 2975/4369/2886 3217/4326/2846
f 143/4322/2856 142/4321/2855 146/4370/2887
f 3416/4284/2831 3418/4368/2885 3419/4371/2888
f 3380/4289/2835 3382/4335/2864 3417/4325/2858
f 807/4245/2804 811/4372/2889 804/4191/2768
f 206/4323/2857 143/4322/2856 147/4373/2875
f 5030/3948/2621 4145/4123/2725 5036/4251/2807
f 2962/4273/2823 2961/4252/2808 2968/4337/2866
f 636/4019/2660 644/4374/2890 642/4244/2803
f 2962/4273/2823 2968/4337/2866 2970/4375/2891
f 143/4322/2856 148/4376/2892 147/4373/2875
f 571/4377/2854 570/4346/2874 568/4262/2789
f 144/4302/2842 208/4378/2893 141/4267/2802
f 513/4379/2894 559/4380/2806 509/4381/2868
f 205/4316/2852 141/4267/2802 208/4378/2893
f 510/4342/2870 507/4263/2817 512/4366/2883
f 508/4287/2833 511/4345/2873 506/4260/2816
f 5082/4184/2765 5085/4382/2895 5083/4268/2819
f 805/4218/2783 810/4327/2859 798/4001/2652
f 3227/4333/2861 3217/4332/2846 3218/4383/2896
f 147/4349/2875 209/4384/2897 144/4302/2842
f 3557/4042/2672 3569/4198/2772 3574/4310/2848
f 208/4378/2893 204/4306/2845 205/4316/2852
f 506/4260/2816 514/4385/2898 505/4259/2815
f 559/4365/2806 513/4386/2894 512/4366/2883
f 143/4322/2856 146/4370/2887 148/4376/2892
f 639/3858/2576 643/4387/2880 20/4328/2860
f 3416/4284/2831 3419/4371/2888 3600/4283/2818
f 3417/4325/2858 3382/4335/2864 3383/4388/2877
f 3217/4326/2846 2975/4369/2886 2971/4389/2899
f 807/4245/2804 798/4001/2652 810/4327/2859
f 871/4097/2707 874/4197/2771 867/3850/2569
f 3379/4307/2830 3383/4355/2877 3418/4368/2885
f 144/4302/2842 209/4384/2897 208/4378/2893
f 4163/4217/2782 5086/4390/2900 5074/3771/2522
f 800/4077/2692 809/4293/2838 806/4222/2786
f 3382/4335/2864 3227/4329/2861 3384/4391/2901
f 147/4373/2875 148/4376/2892 243/4392/2902
f 641/4210/2778 645/4393/2903 636/4019/2660
f 867/3850/2569 874/4197/2771 880/4394/2884
f 3560/4068/2686 3576/4334/2863 3561/4085/2697
f 807/4245/2804 810/4327/2859 811/4372/2889
f 4151/4227/2791 5033/4114/2716 5036/4251/2807
f 4007/4353/2876 4144/4395/2904 5031/4351/2635
f 2967/4315/2851 2962/4273/2823 2970/4375/2891
f 204/4306/2845 208/4378/2893 516/4396/2905
f 869/4087/2699 878/4240/2799 881/4397/2906
f 19/4292/2837 185/4398/2907 145/4336/2865
f 147/4399/2875 243/4400/2902 218/4401/2908
f 3382/4335/2864 3384/4391/2901 3385/4402/2909
f 645/4393/2903 641/4210/2778 646/4403/2910
f 147/4399/2875 210/4404/2911 211/4405/2912
f 146/4370/2887 142/4321/2855 181/4406/2913
f 209/4384/2897 212/4407/2914 208/4378/2893
f 147/4399/2875 213/4408/2915 210/4404/2911
f 4099/3737/2500 5073/3642/2449 4159/4178/2760
f 869/4087/2699 882/4409/2916 872/4116/2718
f 147/4399/2875 218/4401/2908 213/4408/2915
f 801/4115/2717 812/4410/2917 802/4145/2737
f 3013/4362/2881 2983/4411/2918 2965/4320/2841
f 19/4305/2837 30/4364/2882 23/4412/2919
f 3575/4311/2849 3572/4291/2836 3577/4413/2920
f 147/4349/2875 211/4414/2912 209/4384/2897
f 148/4376/2892 146/4370/2887 149/4415/2921
f 516/4396/2905 208/4378/2893 214/4416/2922
f 22/4356/2878 24/4417/2923 16/4257/2813
f 570/4346/2874 572/4418/2924 2969/4295/2840
f 20/4419/2860 643/4359/2880 25/4420/2925
f 3563/4139/2733 3576/4334/2863 3578/4421/2926
f 243/4392/2902 148/4376/2892 183/4422/2927
f 509/4381/2868 515/4423/2928 513/4379/2894
f 213/4408/2915 215/4424/2929 210/4404/2911
f 208/4378/2893 212/4407/2914 214/4416/2922
f 3419/4371/2888 3418/4368/2885 3420/4425/2930
f 145/4336/2865 185/4398/2907 157/4426/2931
f 3217/4427/2846 2971/4428/2899 3155/4429/2932
f 3418/4368/2885 3383/4355/2877 3420/4425/2930
f 5034/4137/2732 5035/4193/2770 5038/4430/2933
f 513/4379/2894 515/4423/2928 512/4431/2883
f 638/4104/2711 642/4244/2803 647/4432/2934
f 207/4339/2867 516/4433/2905 517/4434/2935
f 209/4384/2897 211/4414/2912 212/4407/2914
f 207/4339/2867 517/4434/2935 509/4340/2868
f 213/4408/2915 216/4435/2936 215/4424/2929
f 4003/4215/2781 4007/4436/2876 4002/4214/2622
f 142/4321/2855 154/4437/2937 181/4406/2913
f 146/4370/2887 182/4438/2938 151/4439/2939
f 3217/4427/2846 3155/4429/2932 3157/4440/2940
f 207/4360/2867 204/4306/2845 516/4396/2905
f 2968/4337/2866 2969/4357/2840 2972/4441/2941
f 210/4404/2911 215/4424/2929 217/4442/2942
f 3560/4068/2686 3565/4153/2745 3576/4334/2863
f 506/4260/2816 511/4345/2873 514/4385/2898
f 211/4405/2912 210/4404/2911 217/4442/2942
f 3600/4290/2818 3419/4443/2888 3422/4444/2943
f 243/4445/2902 184/4446/2944 218/4447/2908
f 218/4448/2945 226/4449/2945 213/4450/2945
f 142/4321/2855 145/4336/2865 155/4451/2946
f 3227/4452/2861 3228/4453/2947 3384/4454/2901
f 3218/4455/2896 3228/4453/2947 3227/4452/2861
f 216/4435/2936 219/4456/2948 215/4424/2929
f 3382/4335/2864 3385/4402/2909 3383/4388/2877
f 509/4381/2868 517/4457/2935 515/4423/2928
f 213/4408/2915 226/4458/2949 216/4435/2936
f 215/4424/2929 219/4456/2948 217/4459/2942
f 5079/3968/2632 4148/4242/2801 5081/4174/2757
f 16/4257/2813 24/4417/2923 15/4255/2811
f 3563/4264/2733 3578/4460/2926 4004/4254/2810
f 148/4376/2892 149/4415/2921 183/4422/2927
f 214/4461/2922 212/4462/2914 516/4463/2905
f 3600/4290/2818 3422/4444/2943 3572/4291/2836
f 5059/3093/2149 5084/4358/2879 4159/4178/2760
f 142/4321/2855 155/4451/2946 154/4437/2937
f 146/4370/2887 151/4439/2939 149/4415/2921
f 211/4405/2912 217/4442/2942 220/4464/2950
f 511/4345/2873 510/4342/2870 512/4366/2883
f 804/4191/2768 811/4372/2889 813/4465/2951
f 3217/4427/2846 3157/4440/2940 3218/4466/2896
f 20/4328/2860 25/4467/2925 5/3830/2556
f 5083/4268/2819 5087/4468/2952 4148/4242/2801
f 211/4414/2912 222/4469/2953 223/4470/2954
f 3229/4471/2955 3232/4472/2956 3384/4454/2901
f 183/4422/2927 184/4473/2944 243/4392/2902
f 19/4305/2837 23/4412/2919 185/4474/2907
f 184/4446/2944 226/4475/2949 218/4447/2908
f 181/4406/2913 182/4438/2938 146/4370/2887
f 154/4476/2937 150/4477/2957 181/4478/2913
f 516/4463/2905 212/4462/2914 221/4479/2958
f 149/4480/2921 151/4481/2939 152/4482/2959
f 2965/4320/2841 2978/4483/2960 2975/4484/2886
f 211/4485/2961 220/4486/2961 231/4487/2961
f 211/4488/2912 231/4489/2962 222/4490/2953
f 517/4457/2935 530/4491/2963 515/4423/2928
f 3013/4363/2881 2966/4313/2850 2973/4492/2964
f 516/4433/2905 221/4493/2958 517/4434/2935
f 149/4480/2921 152/4482/2959 162/4494/2965
f 3383/4355/2877 3385/4495/2909 3420/4425/2930
f 3384/4391/2901 3232/4496/2956 3231/4497/2966
f 3218/4466/2896 3157/4440/2940 3159/4498/2967
f 220/4499/2950 217/4459/2942 231/4500/2968
f 2971/4428/2899 2979/4501/2969 3155/4429/2932
f 17/4279/2828 21/4343/2871 26/4502/2970
f 2965/4320/2841 2983/4411/2918 2978/4483/2960
f 211/4414/2912 223/4470/2954 229/4503/2971
f 4001/4164/2751 4005/4286/2832 4008/4504/2972
f 802/4145/2737 812/4410/2917 808/4270/2821
f 5076/3799/2537 5081/4174/2757 4163/4217/2782
f 874/4197/2771 875/4199/2773 883/4505/2973
f 145/4336/2865 157/4426/2931 155/4451/2946
f 181/4478/2913 153/4506/2974 182/4507/2938
f 154/4508/2937 155/4509/2946 158/4510/2975
f 223/4511/2954 222/4490/2953 231/4489/2962
f 5031/4351/2635 4144/4395/2904 4145/4512/2725
f 182/4513/2938 152/4482/2959 151/4481/2939
f 229/4503/2971 223/4470/2954 224/4514/2976
f 3218/4466/2896 3159/4498/2967 3228/4515/2947
f 223/4516/2977 231/4517/2977 224/4518/2977
f 217/4459/2942 225/4519/2978 231/4500/2968
f 219/4456/2948 225/4519/2978 217/4459/2942
f 219/4456/2948 216/4435/2936 226/4520/2949
f 149/4480/2921 162/4494/2965 183/4521/2927
f 183/4521/2927 162/4494/2965 184/4522/2944
f 512/4431/2883 515/4423/2928 530/4491/2963
f 221/4479/2958 212/4462/2914 526/4523/2979
f 2971/4389/2899 2975/4369/2886 2977/4524/2980
f 182/4507/2938 153/4506/2974 156/4525/2981
f 3384/4454/2901 3228/4453/2947 3229/4471/2955
f 185/4526/2907 28/4527/2982 157/4528/2931
f 3385/4402/2909 3384/4391/2901 3231/4497/2966
f 181/4478/2913 158/4510/2975 153/4506/2974
f 154/4529/2983 158/4530/2983 150/4531/2983
f 157/4528/2931 159/4532/2984 155/4509/2946
f 211/4414/2912 227/4533/2985 212/4407/2914
f 517/4457/2935 221/4534/2958 530/4491/2963
f 868/4012/2656 876/4234/2795 970/4535/2986
f 3155/4429/2932 2979/4501/2969 3157/4440/2940
f 23/4536/2919 27/4537/2987 185/4538/2907
f 229/4503/2971 227/4533/2985 211/4414/2912
f 4000/4151/2743 4009/4539/2988 4005/4286/2832
f 3572/4291/2836 3422/4444/2943 3577/4413/2920
f 227/4533/2985 229/4503/2971 228/4540/2989
f 5034/4137/2732 5038/4430/2933 4149/4317/2853
f 872/4116/2718 884/4541/2990 875/4199/2773
f 810/4327/2859 814/4542/2991 811/4372/2889
f 642/4244/2803 644/4374/2890 648/4543/2992
f 512/4431/2883 530/4491/2963 511/4544/2873
f 3231/4497/2966 3386/4545/2993 3385/4402/2909
f 229/4546/2971 230/4547/2994 228/4548/2989
f 24/4417/2923 21/4343/2871 15/4255/2811
f 2971/4389/2899 2977/4524/2980 2974/4549/2995
f 157/4528/2931 28/4527/2982 32/4550/2996
f 185/4538/2907 27/4537/2987 28/4551/2982
f 2975/4552/2886 2976/4553/2997 2977/4554/2980
f 2975/4552/2886 2978/4555/2960 2976/4553/2997
f 2969/4357/2840 611/4556/2998 2972/4441/2941
f 157/4528/2931 32/4550/2996 159/4532/2984
f 882/4409/2916 869/4087/2699 881/4397/2906
f 224/4557/2976 231/4558/2968 230/4547/2994
f 159/4532/2984 158/4510/2975 155/4509/2946
f 229/4546/2971 224/4557/2976 230/4547/2994
f 4000/4151/2743 4004/4254/2810 4009/4539/2988
f 2979/4559/2969 2971/4389/2899 2982/4560/2999
f 150/4477/2957 158/4510/2975 181/4478/2913
f 153/4506/2974 158/4510/2975 156/4525/2981
f 227/4533/2985 228/4540/2989 233/4561/3000
f 182/4513/2938 156/4562/2981 186/4563/3001
f 225/4519/2978 161/4564/3002 231/4565/2968
f 182/4513/2938 186/4563/3001 152/4482/2959
f 219/4456/2948 226/4520/2949 161/4564/3002
f 184/4522/2944 162/4494/2965 226/4566/2949
f 227/4533/2985 232/4567/3003 212/4407/2914
f 25/4467/2925 29/4568/3004 5/3830/2556
f 212/4407/2914 232/4567/3003 519/4569/3005
f 511/4345/2873 518/4570/3006 514/4385/2898
f 2979/4501/2969 3156/4571/3007 3157/4440/2940
f 227/4533/2985 233/4561/3000 232/4572/3003
f 5161/3438/1495 4099/3737/2500 5065/3439/1427
f 530/4491/2963 221/4534/2958 526/4573/2979
f 640/4157/2747 638/4104/2711 649/4574/3008
f 3420/4425/2930 3421/4575/3009 3467/4576/3010
f 12/3999/2650 14/4034/2668 22/4356/2878
f 511/4345/2873 530/4577/2963 518/4570/3006
f 156/4525/2981 158/4510/2975 186/4578/3001
f 2971/4389/2899 2974/4549/2995 2982/4560/2999
f 2970/4375/2891 2968/4337/2866 2972/4441/2941
f 17/4279/2828 26/4502/2970 30/4364/2882
f 23/4536/2919 30/4579/2882 31/4580/3011
f 2969/4295/2840 572/4418/2924 611/4581/2998
f 23/4536/2919 31/4580/3011 27/4537/2987
f 4003/4215/2781 4006/4341/2869 4007/4436/2876
f 152/4582/2959 186/4578/3001 160/4583/3012
f 28/4551/2982 31/4580/3011 32/4584/2996
f 28/4551/2982 27/4537/2987 31/4580/3011
f 225/4519/2978 219/4456/2948 161/4564/3002
f 2974/4585/2995 2977/4554/2980 2976/4553/2997
f 228/4548/2989 230/4547/2994 233/4586/3000
f 232/4587/3003 233/4588/3000 234/4589/3013
f 212/4590/2914 520/4591/3014 526/4592/2979
f 519/4593/3005 520/4591/3014 212/4590/2914
f 3156/4571/3007 2979/4501/2969 3163/4594/3015
f 519/4595/3005 232/4587/3003 234/4589/3013
f 3231/4497/2966 3387/4596/3016 3386/4545/2993
f 3419/4371/2888 3420/4425/2930 3422/4597/2943
f 3385/4402/2909 3393/4598/3017 3388/4599/3018
f 3385/4402/2909 3386/4545/2993 3393/4598/3017
f 2980/4600/3019 2981/4601/3020 2970/4375/2891
f 3420/4425/2930 3388/4602/3018 3421/4575/3009
f 2967/4315/2851 2970/4375/2891 2981/4601/3020
f 519/4603/3005 537/4604/3021 520/4605/3014
f 519/4606/3005 533/4607/3022 537/4608/3021
f 3385/4495/2909 3388/4602/3018 3420/4425/2930
f 3386/4545/2993 3389/4609/3023 3393/4598/3017
f 514/4385/2898 518/4570/3006 521/4610/3024
f 3156/4571/3007 3163/4594/3015 3157/4611/2940
f 571/4377/2854 572/4418/2924 570/4346/2874
f 2974/4585/2995 2976/4553/2997 2982/4612/2999
f 3231/4497/2966 3390/4613/3025 3387/4596/3016
f 2967/4315/2851 2981/4601/3020 3012/4350/2872
f 3157/4614/2940 3163/4615/3015 3158/4616/3026
f 3232/4617/2956 3229/4618/2955 3230/4619/3027
f 3232/4620/3028 3230/4621/3028 3234/4622/3028
f 2970/4375/2891 2972/4441/2941 2980/4600/3019
f 533/4607/3022 519/4606/3005 234/4623/3013
f 636/4019/2660 645/4393/2903 644/4374/2890
f 2983/4624/2918 3013/4625/2881 2984/4626/3029
f 3163/4594/3015 2979/4501/2969 2985/4627/3030
f 520/4605/3014 537/4604/3021 526/4628/2979
f 3386/4545/2993 3387/4596/3016 3391/4629/3031
f 2979/4501/2969 2982/4630/2999 2985/4627/3030
f 3231/4631/2966 3232/4632/2956 3233/4633/3032
f 3231/4631/2966 3233/4633/3032 3237/4634/3033
f 3229/4618/2955 3239/4635/3034 3240/4636/3035
f 2978/4637/2960 2983/4624/2918 3014/4638/3036
f 526/4628/2979 537/4604/3021 538/4639/3037
f 158/4510/2975 32/4550/2996 186/4578/3001
f 2982/4612/2999 2976/4553/2997 2985/4640/3030
f 3157/4614/2940 3158/4616/3026 3221/4641/3038
f 22/4356/2878 14/4034/2668 33/4642/3039
f 3232/4632/2956 3234/4643/3040 3233/4633/3032
f 32/4584/2996 31/4580/3011 34/4644/3041
f 3159/4645/3042 3160/4646/3042 3228/4647/3042
f 3386/4545/2993 3392/4648/3043 3389/4609/3023
f 2966/4313/2850 3012/4344/2872 2973/4492/2964
f 159/4532/2984 32/4550/2996 158/4510/2975
f 3391/4629/3031 3400/4649/3044 3386/4545/2993
f 186/4578/3001 32/4550/2996 160/4583/3012
f 3228/4650/2947 3235/4651/3045 3229/4652/2955
f 3157/4440/2940 3219/4653/3046 3159/4498/2967
f 526/4628/2979 538/4639/3037 522/4654/3047
f 526/4655/2979 522/4656/3047 524/4657/3048
f 3386/4545/2993 3400/4649/3044 3399/4658/3049
f 3387/4596/3016 3390/4613/3025 3391/4629/3031
f 3229/4618/2955 3236/4659/3050 3230/4619/3027
f 3157/4614/2940 3221/4641/3038 3161/4660/3051
f 3229/4661/2955 3235/4662/3045 3238/4663/3052
f 3231/4664/2966 3237/4665/3033 3242/4666/3053
f 3231/4664/2966 3242/4666/3053 3390/4667/3025
f 3229/4668/3054 3238/4669/3054 3239/4670/3054
f 2981/4601/3020 2980/4600/3019 2986/4671/3055
f 3157/4614/2940 3161/4660/3051 3219/4672/3046
f 3221/4673/3038 3158/4674/3026 3162/4675/3056
f 21/4343/2871 35/4676/3057 26/4502/2970
f 3237/4665/3033 3233/4677/3032 3242/4666/3053
f 3230/4619/3027 3236/4659/3050 3233/4633/3032
f 3230/4619/3027 3233/4633/3032 3234/4643/3040
f 3388/4678/3018 3393/4679/3017 3394/4680/3058
f 3229/4618/2955 3240/4636/3035 3236/4659/3050
f 3392/4648/3043 3386/4545/2993 3399/4658/3049
f 523/4681/3059 525/4682/3059 526/4683/3059
f 3158/4674/3026 3163/4684/3015 3162/4675/3056
f 526/4685/3060 524/4686/3060 527/4687/3060
f 526/4688/3061 527/4689/3061 525/4690/3061
f 530/4691/2963 526/4692/2979 561/4693/3062
f 3389/4609/3023 3392/4648/3043 3399/4658/3049
f 3163/4684/3015 2985/4694/3030 3162/4675/3056
f 526/4695/3063 525/4696/3063 534/4697/3063
f 30/4579/2882 36/4698/3064 31/4580/3011
f 3420/4425/2930 3423/4699/3065 3422/4597/2943
f 525/4700/3066 527/4701/3067 522/4656/3047
f 3388/4702/3018 3401/4703/3068 3421/4704/3009
f 505/4259/2815 514/4385/2898 571/4319/2854
f 3388/4702/3018 3397/4705/3069 3396/4706/3070
f 3421/4707/3009 3401/4708/3068 3424/4709/3071
f 3388/4702/3018 3396/4706/3070 3401/4703/3068
f 3393/4679/3017 3389/4710/3023 3395/4711/3072
f 809/4293/2838 808/4270/2821 815/4712/3073
f 3393/4679/3017 3395/4711/3072 3394/4680/3058
f 3577/4413/2920 3579/4713/3074 3575/4311/2849
f 874/4197/2771 883/4505/2973 880/4394/2884
f 3388/4714/3075 3398/4715/3075 3397/4716/3075
f 3420/4425/2930 3467/4576/3010 3425/4717/3076
f 530/4718/3077 528/4719/3078 532/4720/3079
f 530/4721/3080 532/4722/3080 529/4723/3080
f 530/4691/3081 561/4693/3082 536/4724/3083
f 640/4157/2747 649/4574/3008 643/4359/2880
f 530/4725/3084 529/4726/3084 531/4727/3084
f 3159/4728/3085 3164/4729/3085 3220/4730/3085
f 530/4731/3086 531/4732/3086 532/4733/3086
f 30/4579/2882 26/4502/2970 36/4698/3064
f 3390/4734/3087 3242/4735/3087 3391/4736/3087
f 530/4577/2963 532/4737/3079 518/4570/3006
f 3396/4738/3070 3397/4739/3069 3398/4740/3088
f 533/4741/3089 234/4742/3089 537/4743/3089
f 561/4744/3090 526/4745/3090 534/4746/3090
f 3401/4747/3068 3470/4748/3091 3424/4709/3071
f 2985/4694/3030 3222/4749/3092 3162/4675/3056
f 525/4700/3066 522/4656/3047 534/4750/3093
f 535/4751/3094 530/4752/3094 561/4753/3094
f 3388/4678/3018 3394/4680/3058 3398/4754/3088
f 524/4657/3048 522/4656/3047 527/4701/3067
f 3421/4707/3009 3426/4755/3095 3427/4756/3096
f 3399/4757/3049 3395/4711/3072 3389/4710/3023
f 3240/4758/3097 3239/4759/3097 3238/4760/3097
f 2983/4624/2918 2984/4626/3029 3014/4638/3036
f 3159/4730/2967 3165/4761/3098 3220/4728/3099
f 3219/4672/3046 3165/4761/3098 3159/4730/2967
f 3219/4672/3046 3161/4660/3051 3165/4761/3098
f 3228/4762/3100 3160/4763/3100 3220/4764/3100
f 3399/4757/3049 3400/4765/3044 3395/4711/3072
f 3161/4660/3051 3221/4766/3038 3162/4767/3056
f 3228/4650/2947 3220/4768/3099 3235/4651/3045
f 3421/4707/3009 3424/4709/3071 3426/4755/3095
f 26/4502/2970 35/4676/3057 36/4698/3064
f 530/4769/3101 536/4770/3101 528/4771/3101
f 3421/4707/3009 3427/4756/3096 3430/4772/3102
f 809/4293/2838 815/4712/3073 806/4222/2786
f 3421/4707/3009 3430/4772/3102 3432/4773/3103
f 801/4115/2717 816/4774/3104 812/4410/2917
f 152/4582/2959 161/4775/3002 162/4776/2965
f 3420/4425/2930 3425/4717/3076 3469/4777/3105
f 811/4372/2889 814/4542/2991 813/4465/2951
f 3421/4707/3009 3432/4773/3103 3467/4778/3010
f 3577/4413/2920 3422/4444/2943 3579/4713/3074
f 536/4779/3083 561/4780/3082 532/4720/3079
f 226/4781/2949 162/4776/2965 161/4775/3002
f 3426/4755/3095 3424/4709/3071 3470/4748/3091
f 518/4570/3006 560/4782/3106 521/4610/3024
f 804/4191/2768 813/4465/2951 801/4115/2717
f 528/4719/3078 536/4779/3083 532/4720/3079
f 3467/4783/3010 3468/4784/3107 3425/4785/3076
f 3427/4786/3096 3426/4787/3095 3428/4788/3108
f 3240/4789/3035 3241/4790/3109 3236/4791/3050
f 531/4792/3110 529/4793/3110 532/4794/3110
f 3396/4738/3070 3398/4740/3088 3401/4795/3068
f 3467/4778/3010 3432/4773/3103 3431/4796/3111
f 3468/4797/3107 3467/4778/3010 3471/4798/3112
f 2985/4640/3030 2976/4553/2997 3015/4799/3113
f 3420/4425/2930 3469/4777/3105 3423/4699/3065
f 3395/4711/3072 3398/4754/3088 3394/4680/3058
f 3236/4791/3050 3241/4790/3109 3233/4800/3032
f 2976/4553/2997 2978/4555/2960 3015/4799/3113
f 3425/4785/3076 3468/4784/3107 3429/4801/3114
f 3235/4662/3045 3220/4802/3099 3238/4663/3052
f 3391/4803/3115 3242/4804/3115 3400/4805/3115
f 3427/4786/3096 3428/4788/3108 3430/4806/3102
f 230/4807/2994 562/4808/3116 233/4809/3000
f 3242/4810/3053 3233/4800/3032 3241/4790/3109
f 31/4580/3011 36/4698/3064 34/4644/3041
f 2981/4601/3020 2987/4811/3117 3012/4350/2872
f 537/4812/3021 562/4813/3116 538/4814/3037
f 2985/4694/3030 3015/4815/3113 3222/4749/3092
f 3161/4660/3051 3162/4767/3056 3165/4761/3098
f 3240/4789/3035 3238/4663/3052 3241/4790/3109
f 2972/4441/2941 611/4556/2998 2980/4600/3019
f 4145/4512/2725 4144/4395/2904 5036/4816/2807
f 641/4210/2778 817/4817/3118 646/4403/2910
f 3401/4795/3068 3398/4740/3088 3470/4818/3091
f 3467/4778/3010 3431/4796/3111 3471/4798/3112
f 873/4150/2742 868/4012/2656 970/4535/2986
f 3431/4819/3111 3432/4820/3103 3433/4821/3119
f 21/4343/2871 24/4417/2923 35/4676/3057
f 3425/4785/3076 3429/4801/3114 3469/4822/3105
f 518/4570/3006 532/4823/3079 560/4782/3106
f 3430/4806/3102 3428/4788/3108 3433/4821/3119
f 3432/4820/3103 3430/4806/3102 3433/4821/3119
f 3014/4824/3036 3015/4799/3113 2978/4555/2960
f 641/4246/2778 806/4222/2786 817/4825/3118
f 872/4116/2718 882/4409/2916 884/4541/2990
f 4148/4242/2801 4146/4826/3120 5081/4174/2757
f 3242/4810/3053 3241/4790/3109 3400/4827/3044
f 537/4812/3021 234/4828/3013 562/4813/3116
f 3557/4042/2672 3580/4829/3121 3565/4153/2745
f 514/4385/2898 539/4830/3122 571/4319/2854
f 3469/4822/3105 3429/4801/3114 3434/4831/3123
f 3470/4832/3091 3398/4833/3088 3428/4788/3108
f 3429/4801/3114 3435/4834/3124 3434/4831/3123
f 514/4385/2898 521/4610/3024 539/4830/3122
f 522/4835/3047 538/4814/3037 562/4813/3116
f 5074/3771/2522 5086/4390/2900 4154/4330/2862
f 3429/4801/3114 3468/4784/3107 3435/4834/3124
f 3471/4836/3112 3431/4819/3111 3433/4821/3119
f 3470/4832/3091 3428/4788/3108 3426/4787/3095
f 3471/4836/3112 3433/4821/3119 3435/4834/3124
f 3579/4713/3074 3422/4444/2943 3581/4837/3125
f 3471/4836/3112 3435/4834/3124 3468/4784/3107
f 3469/4822/3105 3436/4838/3126 3423/4839/3065
f 234/4840/3013 233/4809/3000 562/4808/3116
f 3238/4663/3052 3220/4802/3099 3241/4790/3109
f 3395/4841/3072 3402/4842/3127 3398/4843/3088
f 875/4199/2773 884/4541/2990 883/4505/2973
f 3423/4699/3065 3437/4844/3128 3422/4597/2943
f 4005/4286/2832 4010/4845/3129 4008/4504/2972
f 3220/4802/3099 3166/4846/3130 3241/4790/3109
f 3220/4728/3099 3165/4761/3098 3222/4847/3092
f 572/4418/2924 571/4377/2854 573/4848/3131
f 230/4807/2994 231/4849/2968 562/4808/3116
f 4001/4164/2751 4008/4504/2972 4011/4850/3132
f 14/4034/2668 5/3830/2556 29/4568/3004
f 3469/4822/3105 3434/4831/3123 3436/4838/3126
f 3013/4363/2881 2973/4492/2964 2988/4851/3133
f 3565/4153/2745 3582/4852/3134 3576/4334/2863
f 4001/4164/2751 4011/4850/3132 4006/4341/2869
f 3013/4363/2881 2988/4851/3133 2984/4626/3029
f 3433/4821/3119 3428/4788/3108 3438/4853/3135
f 160/4583/3012 32/4550/2996 187/4854/3136
f 3165/4761/3098 3162/4767/3056 3222/4847/3092
f 3436/4838/3126 3439/4855/3137 3423/4839/3065
f 4149/4318/2853 5085/4382/2895 5082/4184/2765
f 560/4856/3106 532/4857/3079 540/4858/3138
f 5081/4859/2757 4146/4860/3120 4147/4861/3139
f 521/4610/3024 541/4862/3140 539/4830/3122
f 521/4610/3024 560/4782/3106 541/4862/3140
f 3436/4838/3126 3434/4831/3123 3439/4855/3137
f 3434/4831/3123 3435/4834/3124 3439/4855/3137
f 3422/4597/2943 3437/4844/3128 3585/4863/3141
f 3220/4864/3099 3222/4749/3092 3166/4865/3130
f 884/4541/2990 882/4409/2916 885/4866/3142
f 5083/4268/2819 5085/4382/2895 5087/4468/2952
f 24/4417/2923 37/4867/3143 35/4676/3057
f 29/4568/3004 33/4642/3039 14/4034/2668
f 3395/4841/3072 3400/4868/3044 3403/4869/3144
f 2981/4601/3020 2986/4671/3055 2989/4870/3145
f 3573/4309/2847 3575/4311/2849 3583/4871/3146
f 562/4813/3116 534/4872/3093 522/4835/3047
f 3395/4841/3072 3403/4869/3144 3402/4842/3127
f 3428/4788/3108 3398/4833/3088 3438/4853/3135
f 3423/4839/3065 3440/4873/3147 3437/4874/3128
f 22/4356/2878 38/4875/3148 39/4876/3149
f 813/4465/2951 818/4877/3150 801/4115/2717
f 3423/4839/3065 3439/4855/3137 3440/4873/3147
f 2973/4492/2964 3012/4344/2872 2988/4851/3133
f 5035/4878/2770 5037/4879/2843 5038/4880/2933
f 22/4356/2878 39/4876/3149 24/4417/2923
f 3015/4881/3113 3014/4638/3036 2990/4882/3151
f 2984/4626/3029 2988/4851/3133 3014/4638/3036
f 3574/4310/2848 3573/4309/2847 3584/4883/3152
f 3422/4444/2943 3585/4884/3141 3581/4837/3125
f 968/3936/2614 876/4234/2795 852/3370/2298
f 2981/4601/3020 2989/4870/3145 2987/4811/3117
f 3400/4827/3044 3241/4790/3109 3403/4885/3144
f 3575/4311/2849 3579/4713/3074 3583/4871/3146
f 645/4393/2903 650/4886/3153 644/4374/2890
f 3437/4874/3128 3440/4873/3147 3585/4887/3141
f 532/4857/3079 561/4888/3082 542/4889/3154
f 541/4890/3140 560/4856/3106 543/4891/3155
f 163/4892/3156 34/4644/3041 36/4698/3064
f 3398/4843/3088 3402/4842/3127 3404/4893/3157
f 2989/4870/3145 2986/4671/3055 2991/4894/3158
f 2980/4600/3019 2991/4894/3158 2986/4671/3055
f 611/4556/2998 574/4895/3159 2980/4600/3019
f 3439/4855/3137 3435/4834/3124 3440/4873/3147
f 3398/4833/3088 3404/4896/3157 3438/4853/3135
f 540/4858/3138 543/4891/3155 560/4856/3106
f 3015/4815/3113 2992/4897/3160 3222/4749/3092
f 638/4104/2711 651/4898/3161 649/4574/3008
f 231/4849/2968 244/4899/3162 562/4808/3116
f 2988/4851/3133 2990/4882/3151 3014/4638/3036
f 36/4698/3064 35/4676/3057 40/4900/3163
f 3222/4749/3092 2992/4897/3160 3167/4901/3164
f 2992/4902/3160 3015/4881/3113 2990/4882/3151
f 3435/4834/3124 3433/4821/3119 3438/4853/3135
f 4007/4436/2876 4006/4341/2869 4012/4903/3165
f 540/4858/3138 532/4857/3079 542/4889/3154
f 152/4582/2959 160/4583/3012 161/4775/3002
f 4148/4904/2801 5087/4905/2952 4146/4860/3120
f 5085/4906/2895 4149/4907/2853 4150/4908/3166
f 2987/4811/3117 2989/4870/3145 2993/4909/3167
f 231/4849/2968 161/4910/3002 244/4899/3162
f 3585/4911/3141 3441/4912/3168 3581/4913/3125
f 808/4270/2821 812/4410/2917 815/4712/3073
f 3166/4846/3130 3243/4914/3169 3241/4790/3109
f 22/4356/2878 33/4642/3039 38/4875/3148
f 643/4359/2880 652/4915/3170 25/4420/2925
f 649/4574/3008 652/4915/3170 643/4359/2880
f 34/4916/3041 187/4854/3136 32/4550/2996
f 5081/4174/2757 5088/4917/3171 4163/4217/2782
f 806/4222/2786 815/4712/3073 817/4825/3118
f 561/4888/3082 534/4918/3093 542/4889/3154
f 534/4918/3093 562/4919/3116 542/4889/3154
f 5038/4880/2933 4150/4908/3166 4149/4907/2853
f 574/4895/3159 2991/4894/3158 2980/4600/3019
f 3579/4713/3074 3586/4920/3172 3583/4871/3146
f 24/4417/2923 39/4876/3149 37/4867/3143
f 645/4393/2903 646/4403/2910 650/4886/3153
f 881/4397/2906 886/4921/3173 882/4409/2916
f 4009/4539/2988 4010/4845/3129 4005/4286/2832
f 540/4858/3138 542/4889/3154 544/4922/3174
f 539/4923/3122 613/4924/3175 571/4377/2854
f 5037/4879/2843 4151/4925/2791 4152/4926/3176
f 3585/4887/3141 3440/4873/3147 3441/4927/3168
f 572/4418/2924 573/4848/3131 611/4581/2998
f 3012/4350/2872 2987/4811/3117 2988/4928/3133
f 638/4104/2711 647/4432/2934 651/4898/3161
f 650/4886/3153 653/4929/3177 644/4374/2890
f 562/4919/3116 545/4930/3178 542/4889/3154
f 5081/4859/2757 4147/4861/3139 5088/4931/3171
f 880/4394/2884 883/4505/2973 820/4932/3179
f 3565/4153/2745 3587/4933/3180 3582/4852/3134
f 4144/4395/2904 4007/4353/2876 4153/4934/3181
f 539/4923/3122 541/4935/3140 613/4924/3175
f 3557/4042/2672 3574/4310/2848 3580/4829/3121
f 3402/4936/3127 3403/4885/3144 3244/4937/3182
f 540/4858/3138 544/4922/3174 543/4891/3155
f 573/4848/3131 612/4938/3183 611/4581/2998
f 4154/4939/2862 4155/4940/3184 4156/4941/2734
f 3573/4309/2847 3583/4871/3146 3584/4883/3152
f 3166/4865/3130 3222/4749/3092 3168/4942/3185
f 3403/4885/3144 3241/4790/3109 3243/4914/3169
f 3440/4873/3147 3435/4834/3124 3442/4943/3186
f 812/4410/2917 819/4944/3187 815/4712/3073
f 36/4698/3064 40/4900/3163 163/4892/3156
f 571/4377/2854 613/4924/3175 573/4848/3131
f 878/4240/2799 873/4150/2742 887/4945/3188
f 5036/4816/2807 4157/4946/3189 4151/4925/2791
f 35/4676/3057 37/4867/3143 41/4947/3190
f 3579/4713/3074 3581/4837/3125 3586/4920/3172
f 163/4948/3156 187/4854/3136 34/4916/3041
f 2990/4882/3151 2994/4949/3191 2992/4902/3160
f 562/4808/3116 244/4899/3162 545/4950/3178
f 3442/4943/3186 3435/4834/3124 3438/4853/3135
f 642/4244/2803 648/4543/2992 647/4432/2934
f 3403/4885/3144 3243/4914/3169 3244/4937/3182
f 3565/4153/2745 3580/4829/3121 3587/4933/3180
f 3243/4914/3169 3166/4846/3130 3168/4951/3185
f 5036/4816/2807 4144/4395/2904 4158/4952/3192
f 573/4848/3131 613/4924/3175 612/4938/3183
f 3167/4901/3164 2992/4897/3160 3169/4953/3193
f 4099/4954/2500 4159/4955/2760 4100/4956/3194
f 3402/4842/3127 3405/4957/3195 3404/4893/3157
f 3243/4914/3169 3245/4958/3196 3244/4937/3182
f 2988/4851/3133 2995/4959/3197 2990/4882/3151
f 873/4150/2742 970/4535/2986 887/4945/3188
f 801/4115/2717 818/4877/3150 816/4774/3104
f 3222/4749/3092 3167/4901/3164 3168/4942/3185
f 650/4886/3153 646/4403/2910 654/4960/3198
f 3440/4873/3147 3442/4943/3186 3443/4961/3199
f 880/4367/2884 820/4962/3179 810/4327/2859
f 882/4409/2916 886/4921/3173 885/4866/3142
f 2990/4882/3151 2995/4959/3197 2994/4949/3191
f 3586/4920/3172 3581/4913/3125 3588/4963/3200
f 3581/4913/3125 3441/4912/3168 3588/4963/3200
f 651/4898/3161 647/4432/2934 655/4964/3201
f 161/4775/3002 160/4583/3012 187/4854/3136
f 3243/4914/3169 3168/4951/3185 3245/4958/3196
f 613/4924/3175 541/4935/3140 548/4965/3202
f 3586/4920/3172 3588/4963/3200 3589/4966/3203
f 611/4967/2998 612/4968/3183 574/4969/3159
f 163/4970/3156 43/4971/3204 187/4972/3136
f 35/4676/3057 41/4947/3190 40/4900/3163
f 3169/4953/3193 2992/4897/3160 2994/4973/3191
f 813/4465/2951 821/4974/3205 818/4877/3150
f 544/4922/3174 563/4975/3206 543/4891/3155
f 3438/4853/3135 3443/4961/3199 3442/4943/3186
f 546/4976/3207 544/4922/3174 542/4889/3154
f 4006/4341/2869 4011/4850/3132 4012/4903/3165
f 3584/4883/3152 3583/4871/3146 3590/4977/3208
f 650/4886/3153 654/4960/3198 653/4929/3177
f 3405/4957/3195 3402/4842/3127 3244/4978/3182
f 4010/4845/3129 4013/4979/3209 4008/4504/2972
f 2988/4928/3133 2987/4811/3117 2996/4980/3210
f 161/4775/3002 187/4854/3136 244/4981/3162
f 2996/4980/3210 3016/4982/3211 2988/4928/3133
f 5036/4816/2807 4158/4952/3192 4157/4946/3189
f 2995/4959/3197 3224/4983/3212 2994/4949/3191
f 3169/4953/3193 2994/4973/3191 3170/4984/3213
f 3168/4942/3185 3167/4901/3164 3170/4984/3213
f 548/4965/3202 575/4985/3214 613/4924/3175
f 3167/4901/3164 3169/4953/3193 3170/4984/3213
f 5037/4879/2843 4152/4926/3176 4160/4986/3215
f 4151/4925/2791 4157/4946/3189 4152/4926/3176
f 2988/4851/3133 3016/4987/3211 2995/4959/3197
f 649/4574/3008 651/4898/3161 652/4915/3170
f 40/4900/3163 41/4947/3190 163/4892/3156
f 813/4465/2951 814/4542/2991 821/4974/3205
f 38/4875/3148 42/4988/3216 39/4876/3149
f 2995/4959/3197 3016/4987/3211 2997/4989/3217
f 3586/4920/3172 3589/4966/3203 3590/4977/3208
f 541/4990/3140 547/4991/3218 548/4992/3202
f 2994/4973/3191 3171/4993/3219 3170/4984/3213
f 3245/4958/3196 3246/4994/3220 3244/4937/3182
f 545/4930/3178 549/4995/3221 542/4889/3154
f 4008/4504/2972 4013/4979/3209 4011/4850/3132
f 3438/4853/3135 3404/4896/3157 3472/4996/3222
f 646/4403/2910 817/4817/3118 654/4960/3198
f 2987/4811/3117 2993/4909/3167 2996/4980/3210
f 3588/4963/3200 3441/4912/3168 3473/4997/3223
f 884/4541/2990 885/4866/3142 883/4505/2973
f 2997/4989/3217 3176/4998/3224 2995/4959/3197
f 543/4891/3155 563/4975/3206 541/4890/3140
f 545/4950/3178 244/4899/3162 549/4999/3221
f 3170/4984/3213 3247/5000/3225 3168/4942/3185
f 3574/4310/2848 3584/4883/3152 3580/4829/3121
f 5038/4880/2933 5037/4879/2843 4160/4986/3215
f 3583/4871/3146 3586/4920/3172 3590/4977/3208
f 187/5001/3226 245/5002/3226 244/5003/3226
f 3168/4951/3185 3247/5004/3225 3245/4958/3196
f 2995/4959/3197 3176/4998/3224 3224/4983/3212
f 5085/4906/2895 4161/5005/3227 5087/4905/2952
f 4007/4353/2876 4162/5006/3228 4153/4934/3181
f 3576/4334/2863 3582/4852/3134 4016/5007/3229
f 3404/4893/3157 3405/4957/3195 3472/5008/3222
f 3170/4984/3213 3172/5009/3230 3247/5000/3225
f 4004/4254/2810 3578/4460/2926 4014/5010/3231
f 3246/4994/3220 3245/4958/3196 3248/5011/3232
f 3245/4958/3196 3247/5004/3225 3248/5011/3232
f 3244/4937/3182 3246/4994/3220 3249/5012/3233
f 4156/4941/2734 4155/4940/3184 5084/5013/2879
f 613/5014/3175 614/5015/3234 612/4968/3183
f 2989/4870/3145 2991/4894/3158 2993/4909/3167
f 2994/4973/3191 3224/5016/3212 3171/4993/3219
f 25/4467/2925 657/5017/3235 29/4568/3004
f 3590/4977/3208 3589/4966/3203 3445/5018/3236
f 542/4889/3154 235/5019/3237 546/4976/3207
f 245/5020/3238 549/4999/3221 244/4899/3162
f 187/4972/3136 43/4971/3204 164/5021/3239
f 3576/4334/2863 4016/5007/3229 3578/4421/2926
f 39/4876/3149 42/4988/3216 37/4867/3143
f 3441/4927/3168 3440/4873/3147 3473/5022/3223
f 881/4397/2906 888/5023/3240 886/4921/3173
f 4163/5024/2782 5088/4931/3171 5086/5025/2900
f 2991/4894/3158 574/4895/3159 2998/5026/3241
f 4099/5027/3242 4143/5028/3242 5065/5029/3242
f 4161/5005/3227 4164/5030/3243 5087/4905/2952
f 542/4889/3154 549/4995/3221 235/5019/3237
f 575/4985/3214 576/5031/3244 613/4924/3175
f 3440/4873/3147 3443/4961/3199 3474/5032/3245
f 2997/4989/3217 3016/4987/3211 3176/4998/3224
f 3249/5012/3233 3246/4994/3220 3250/5033/3246
f 814/4542/2991 810/4327/2859 820/4962/3179
f 4007/4436/2876 4012/4903/3165 4162/5034/3228
f 881/4397/2906 878/4240/2799 888/5023/3240
f 5086/5025/2900 4155/4940/3184 4154/4939/2862
f 3589/4966/3203 3588/4963/3200 3445/5018/3236
f 163/4892/3156 166/5035/3247 43/5036/3204
f 5038/4880/2933 4160/4986/3215 4165/5037/3248
f 3016/4982/3211 2996/4980/3210 2999/5038/3249
f 814/4542/2991 820/4962/3179 822/5039/3250
f 4150/4908/3166 5038/4880/2933 4165/5037/3248
f 3405/5040/3195 3253/5041/3251 3472/5042/3222
f 3405/5043/3195 3244/4937/3182 3249/5012/3233
f 817/4817/3118 656/5044/3252 654/4960/3198
f 4150/4908/3166 4166/5045/3253 5085/4906/2895
f 187/4972/3136 164/5021/3239 165/5046/3254
f 548/4965/3202 547/5047/3218 575/4985/3214
f 3170/4984/3213 3171/4993/3219 3172/5009/3230
f 187/4972/3136 165/5046/3254 245/5048/3238
f 3438/4853/3135 3472/4996/3222 3443/4961/3199
f 43/4971/3204 166/5049/3247 48/5050/3255
f 3016/4982/3211 3223/5051/3256 3173/5052/3257
f 235/5019/3237 376/5053/3258 546/4976/3207
f 3016/4987/3211 3173/5054/3257 3176/4998/3224
f 576/5055/3244 614/5056/3234 613/5057/3175
f 612/4968/3183 577/5058/3259 574/4969/3159
f 563/4975/3206 544/4922/3174 564/5059/3260
f 3246/4994/3220 3248/5011/3232 3251/5060/3261
f 3246/4994/3220 3251/5060/3261 3250/5033/3246
f 5085/4906/2895 4166/5045/3253 4161/5005/3227
f 4144/4395/2904 4153/4934/3181 4167/5061/3262
f 576/5031/3244 575/4985/3214 578/5062/3263
f 653/4929/3177 654/4960/3198 644/4374/2890
f 968/5063/2614 879/5064/2824 969/5065/3264
f 4010/4845/3129 4009/4539/2988 4015/5066/3265
f 44/5067/3266 41/4947/3190 37/4867/3143
f 4010/4845/3129 4015/5066/3265 4013/4979/3209
f 3016/4982/3211 2999/5038/3249 3223/5051/3256
f 614/5015/3234 579/5068/3267 612/4968/3183
f 563/5069/3206 380/5070/3268 541/4990/3140
f 878/4240/2799 973/5071/3269 888/5023/3240
f 4158/4952/3192 4144/4395/2904 4167/5061/3262
f 614/5056/3234 576/5055/3244 580/5072/3270
f 43/4971/3204 48/5050/3255 164/5021/3239
f 245/5073/3238 165/5074/3254 549/5075/3221
f 3474/5032/3245 3473/5022/3223 3440/4873/3147
f 3248/5011/3232 3247/5004/3225 3172/5076/3230
f 3405/5043/3195 3249/5012/3233 3252/5077/3271
f 818/4877/3150 821/4974/3205 823/5078/3272
f 235/5079/3237 549/5075/3221 376/5080/3258
f 547/4991/3218 541/4990/3140 380/5070/3268
f 3584/4883/3152 3590/4977/3208 3591/5081/3273
f 887/4945/3188 970/4535/2986 971/5082/3274
f 578/5062/3263 575/4985/3214 581/5083/3275
f 41/4947/3190 45/5084/3276 163/4892/3156
f 549/5075/3221 236/5085/3277 376/5080/3258
f 547/5047/3218 581/5083/3275 575/4985/3214
f 3223/5051/3256 2999/5038/3249 3006/5086/3278
f 577/5058/3259 612/4968/3183 579/5068/3267
f 547/4991/3218 550/5087/3279 581/5088/3275
f 814/4542/2991 824/5089/3280 821/4974/3205
f 25/4420/2925 652/4915/3170 657/5090/3235
f 3173/5091/3257 3223/5092/3256 3175/5093/3281
f 577/5058/3259 2998/5094/3241 574/4969/3159
f 812/4410/2917 816/4774/3104 819/4944/3187
f 968/3936/2614 889/5095/3282 876/4234/2795
f 563/5096/3206 564/5097/3260 380/5098/3268
f 4014/5010/3231 3578/4460/2926 4016/5099/3229
f 163/4892/3156 45/5084/3276 166/5035/3247
f 549/5075/3221 165/5074/3254 236/5085/3277
f 3253/5100/3251 3405/5043/3195 3252/5077/3271
f 886/4921/3173 890/5101/3283 885/4866/3142
f 817/4825/3118 815/4712/3073 667/5102/3284
f 3000/5103/3285 2996/4980/3210 2993/4909/3167
f 4146/4860/3120 5087/4905/2952 4168/5104/3286
f 37/4867/3143 42/4988/3216 46/5105/3287
f 5084/5013/2879 4100/4956/3194 4159/4955/2760
f 3588/4963/3200 3473/4997/3223 3445/5018/3236
f 2996/4980/3210 3000/5103/3285 2999/5038/3249
f 576/5055/3244 578/5106/3263 580/5072/3270
f 551/5107/3288 544/4922/3174 546/4976/3207
f 3172/5009/3230 3171/4993/3219 3174/5108/3289
f 581/5083/3275 585/5109/3290 578/5062/3263
f 166/5035/3247 47/5110/3291 48/5111/3255
f 818/4877/3150 825/5112/3292 816/4774/3104
f 4004/4254/2810 4014/5010/3231 4009/4539/2988
f 41/4947/3190 44/5067/3266 45/5084/3276
f 887/4945/3188 973/5071/3269 878/4240/2799
f 814/4542/2991 822/5039/3250 824/5089/3280
f 3443/4961/3199 3472/4996/3222 3475/5113/3293
f 3175/5114/3281 3223/5115/3256 3006/5116/3278
f 819/4944/3187 826/5117/3294 815/4712/3073
f 3443/4961/3199 3475/5113/3293 3474/5032/3245
f 2993/4909/3167 3001/5118/3295 3000/5103/3285
f 3249/5012/3233 3250/5033/3246 3252/5077/3271
f 3224/5119/3212 3176/5120/3224 3177/5121/3296
f 3590/4977/3208 3445/5018/3236 3591/5081/3273
f 546/4976/3207 376/5053/3258 551/5107/3288
f 3248/5011/3232 3172/5076/3230 3251/5060/3261
f 164/5021/3239 167/5122/3297 165/5046/3254
f 165/5074/3254 168/5123/3298 236/5085/3277
f 2998/5094/3241 577/5058/3259 582/5124/3299
f 818/4877/3150 823/5078/3272 825/5112/3292
f 3472/5042/3222 3253/5041/3251 3475/5125/3293
f 4157/4946/3189 4158/4952/3192 4169/5126/3300
f 33/4642/3039 29/4568/3004 38/4875/3148
f 4099/5127/2500 4171/5128/3301 4143/5129/3302
f 3173/5091/3257 3175/5093/3281 3178/5130/3303
f 42/4988/3216 38/4875/3148 49/5131/3304
f 3584/4883/3152 3591/5081/3273 3580/4829/3121
f 47/5110/3291 166/5035/3247 45/5084/3276
f 2991/4894/3158 3002/5132/3305 2993/4909/3167
f 579/5068/3267 614/5015/3234 583/5133/3306
f 3000/5103/3285 3001/5118/3295 3003/5134/3307
f 3171/4993/3219 3224/5016/3212 3263/5135/3308
f 614/5015/3234 584/5136/3309 583/5133/3306
f 2991/4894/3158 2998/5026/3241 3002/5132/3305
f 578/5106/3263 584/5137/3309 580/5072/3270
f 48/5050/3255 167/5122/3297 164/5021/3239
f 165/5046/3254 167/5122/3297 168/5138/3298
f 3250/5033/3246 3251/5060/3261 3254/5139/3310
f 3475/5125/3293 3253/5041/3251 3258/5140/3311
f 4012/4903/3165 4017/5141/3312 4162/5034/3228
f 3587/4933/3180 3580/4829/3121 3592/5142/3313
f 648/4543/2992 658/5143/3314 647/4432/2934
f 38/4875/3148 29/4568/3004 49/5131/3304
f 4155/4940/3184 4170/5144/3315 5084/5013/2879
f 578/5106/3263 585/5145/3290 586/5146/3316
f 4099/4954/2500 4100/4956/3194 4171/5147/3301
f 648/4543/2992 659/5148/3317 658/5143/3314
f 816/4774/3104 827/5149/3318 819/4944/3187
f 3252/5077/3271 3250/5033/3246 3254/5139/3310
f 820/4932/3179 883/4505/2973 891/5150/3319
f 544/4922/3174 551/5107/3288 564/5059/3260
f 551/5151/3288 375/5152/3320 564/5153/3260
f 380/5070/3268 552/5154/3321 547/4991/3218
f 614/5056/3234 580/5072/3270 584/5137/3309
f 3445/5018/3236 3476/5155/3322 3591/5081/3273
f 876/5156/2795 889/5157/3282 970/5158/2986
f 3473/5159/3223 3444/5160/3323 3445/5161/3236
f 5088/4931/3171 4172/5162/3324 5086/5025/2900
f 3252/5163/3271 3258/5140/3311 3253/5041/3251
f 5086/5025/2900 4172/5162/3324 4173/5164/3325
f 4147/4861/3139 4146/4860/3120 4174/5165/3326
f 547/4991/3218 552/5154/3321 550/5087/3279
f 3178/5166/3303 3175/5114/3281 3180/5167/3327
f 3224/5119/3212 3177/5121/3296 3263/5168/3308
f 3172/5076/3230 3255/5169/3328 3251/5060/3261
f 586/5146/3316 584/5137/3309 578/5106/3263
f 968/5063/2614 969/5065/3264 889/5157/3282
f 3002/5132/3305 615/5170/3329 3004/5171/3330
f 2993/4909/3167 3002/5132/3305 3005/5172/3331
f 3173/5091/3257 3178/5130/3303 3184/5173/3332
f 4152/4926/3176 4175/5174/3333 4160/4986/3215
f 2998/5094/3241 582/5124/3299 587/5175/3334
f 577/5058/3259 579/5068/3267 588/5176/3335
f 168/5138/3298 167/5122/3297 169/5177/3336
f 3582/4852/3134 3587/4933/3180 3593/5178/3337
f 3000/5103/3285 3191/5179/3338 2999/5038/3249
f 5087/4905/2952 4176/5180/3339 4168/5104/3286
f 3175/5114/3281 3006/5116/3278 3180/5167/3327
f 647/4432/2934 660/5181/3340 655/4964/3201
f 3006/5182/3278 2999/5038/3249 3187/5183/3341
f 657/5090/3235 652/4915/3170 661/5184/3342
f 655/4964/3201 662/5185/3343 651/4898/3161
f 647/4432/2934 658/5143/3314 660/5181/3340
f 4161/5005/3227 4177/5186/3344 4164/5030/3243
f 3002/5132/3305 2998/5026/3241 615/5170/3329
f 37/4867/3143 46/5105/3287 44/5067/3266
f 4014/5010/3231 4016/5099/3229 4018/5187/3345
f 648/4543/2992 644/4374/2890 654/4960/3198
f 579/5068/3267 583/5133/3306 588/5176/3335
f 3003/5134/3307 3191/5179/3338 3000/5103/3285
f 3180/5167/3327 3181/5188/3346 3178/5166/3303
f 652/4915/3170 651/4898/3161 663/5189/3347
f 654/4960/3198 656/5044/3252 664/5190/3348
f 3172/5076/3230 3174/5191/3289 3256/5192/3349
f 815/4712/3073 826/5117/3294 667/5102/3284
f 583/5133/3306 584/5136/3309 589/5193/3350
f 167/5122/3297 48/5050/3255 47/5194/3291
f 3254/5139/3310 3251/5060/3261 3257/5195/3351
f 4147/4861/3139 4174/5165/3326 5088/4931/3171
f 4161/5005/3227 4166/5045/3253 4177/5186/3344
f 236/5085/3277 377/5196/3352 376/5080/3258
f 5086/5025/2900 4173/5164/3325 4155/4940/3184
f 3582/4852/3134 3593/5178/3337 4016/5007/3229
f 652/4915/3170 663/5189/3347 665/5197/3353
f 3445/5161/3236 3444/5160/3323 3477/5198/3354
f 3005/5172/3331 3007/5199/3355 2993/4909/3167
f 3592/5142/3313 3594/5200/3356 3587/4933/3180
f 3178/5166/3303 3181/5188/3346 3179/5201/3357
f 3178/5130/3303 3179/5202/3357 3184/5173/3332
f 3587/4933/3180 3594/5200/3356 3593/5178/3337
f 4009/4539/2988 4014/5010/3231 4018/5187/3345
f 3180/5203/3327 3006/5204/3278 3181/5205/3346
f 3474/5206/3245 3444/5160/3323 3473/5159/3223
f 3252/5077/3271 3254/5139/3310 3258/5207/3311
f 4157/4946/3189 4169/5126/3300 4175/5174/3333
f 4009/4539/2988 4019/5208/3358 4015/5066/3265
f 3001/5118/3295 2993/4909/3167 3007/5199/3355
f 3173/5091/3257 3184/5173/3332 3182/5209/3359
f 4157/4946/3189 4175/5174/3333 4152/4926/3176
f 819/4944/3187 827/5149/3318 826/5117/3294
f 3177/5121/3296 3183/5210/3360 3263/5168/3308
f 582/5124/3299 595/5211/3361 587/5175/3334
f 4158/4952/3192 4167/5061/3262 4169/5126/3300
f 3184/5212/3332 3179/5201/3357 3181/5188/3346
f 3173/5091/3257 3185/5213/3362 3176/5120/3224
f 660/5181/3340 658/5143/3314 666/5214/3363
f 3474/5206/3245 3446/5215/3364 3444/5160/3323
f 3255/5169/3328 3172/5076/3230 3256/5192/3349
f 551/5151/3288 376/5216/3258 377/5217/3352
f 3591/5081/3273 3476/5155/3322 3580/4829/3121
f 236/5085/3277 237/5218/3365 377/5196/3352
f 47/5194/3291 170/5219/3366 167/5122/3297
f 582/5124/3299 577/5058/3259 590/5220/3367
f 29/4568/3004 657/5017/3235 49/5131/3304
f 654/4960/3198 659/5148/3317 648/4543/2992
f 4168/5104/3286 4174/5165/3326 4146/4860/3120
f 3177/5121/3296 3176/5120/3224 3185/5213/3362
f 3177/5121/3296 3185/5213/3362 3183/5210/3360
f 3174/5108/3289 3171/4993/3219 3186/5221/3368
f 3182/5209/3359 3185/5213/3362 3173/5091/3257
f 167/5122/3297 170/5219/3366 169/5177/3336
f 3006/5204/3278 3187/5222/3341 3181/5205/3346
f 5087/4905/2952 4164/5030/3243 4176/5180/3339
f 666/5214/3363 658/5143/3314 659/5148/3317
f 2998/5094/3241 587/5175/3334 615/5223/3329
f 3002/5132/3305 3004/5171/3330 3005/5172/3331
f 892/5224/3369 885/4866/3142 890/5101/3283
f 971/5225/3274 893/5226/3370 887/5227/3188
f 591/5228/3371 592/5229/3372 585/5145/3290
f 3258/5230/3311 3447/5231/3373 3475/5232/3293
f 585/5145/3290 592/5229/3372 586/5146/3316
f 586/5146/3316 440/5233/3374 584/5137/3309
f 888/5023/3240 890/5101/3283 886/4921/3173
f 550/5087/3279 552/5154/3321 581/5088/3275
f 588/5176/3335 590/5220/3367 577/5058/3259
f 587/5234/3334 618/5235/3375 615/5236/3329
f 3182/5237/3359 3184/5212/3332 3188/5238/3376
f 3255/5169/3328 3257/5195/3351 3251/5060/3261
f 973/5071/3269 887/4945/3188 893/5239/3370
f 551/5151/3288 377/5217/3352 375/5152/3320
f 45/5084/3276 44/5067/3266 57/5240/3377
f 45/5084/3276 57/5240/3377 50/5241/3378
f 47/5110/3291 45/5084/3276 50/5241/3378
f 3184/5212/3332 3181/5188/3346 3188/5238/3376
f 595/5211/3361 582/5124/3299 590/5220/3367
f 3475/5232/3293 3446/5215/3364 3474/5206/3245
f 581/5242/3275 553/5243/3379 585/5244/3290
f 3003/5134/3307 3001/5118/3295 3199/5245/3380
f 820/4962/3179 891/5246/3319 822/5039/3250
f 817/4817/3118 667/5247/3284 656/5044/3252
f 665/5197/3353 661/5184/3342 652/4915/3170
f 169/5177/3336 170/5219/3366 171/5248/3381
f 168/5123/3298 238/5249/3382 236/5085/3277
f 883/4505/2973 892/5224/3369 891/5150/3319
f 564/5153/3260 375/5152/3320 554/5250/3383
f 588/5176/3335 583/5133/3306 593/5251/3384
f 3185/5213/3362 3182/5209/3359 3195/5252/3385
f 44/5067/3266 46/5105/3287 57/5240/3377
f 50/5253/3378 170/5254/3366 47/5255/3291
f 236/5085/3277 238/5249/3382 237/5218/3365
f 3446/5215/3364 3448/5256/3386 3444/5160/3323
f 3254/5139/3310 3259/5257/3387 3258/5207/3311
f 883/4505/2973 885/4866/3142 892/5224/3369
f 592/5229/3372 594/5258/3388 586/5146/3316
f 3258/5230/3311 3259/5259/3387 3449/5260/3389
f 553/5243/3379 591/5261/3371 585/5244/3290
f 816/4774/3104 825/5112/3292 827/5149/3318
f 827/5149/3318 828/5262/3390 826/5117/3294
f 3005/5172/3331 3004/5171/3330 3007/5199/3355
f 586/5146/3316 594/5258/3388 440/5233/3374
f 591/5263/3371 594/5264/3388 592/5265/3372
f 3182/5237/3359 3189/5266/3391 3195/5267/3385
f 3182/5237/3359 3194/5268/3392 3189/5266/3391
f 3182/5237/3359 3188/5238/3376 3194/5268/3392
f 3444/5160/3323 3448/5256/3386 3477/5198/3354
f 3174/5191/3289 3186/5269/3368 3256/5192/3349
f 3187/5183/3341 2999/5038/3249 3191/5179/3338
f 564/5097/3260 554/5270/3383 380/5098/3268
f 3254/5139/3310 3257/5195/3351 3260/5271/3393
f 595/5272/3361 619/5273/3394 587/5234/3334
f 3258/5230/3311 3449/5260/3389 3447/5231/3373
f 170/5254/3366 50/5253/3378 173/5274/3395
f 42/4988/3216 51/5275/3396 46/5105/3287
f 3001/5118/3295 3200/5276/3397 3199/5245/3380
f 3001/5118/3295 3007/5199/3355 3200/5276/3397
f 3191/5179/3338 3003/5134/3307 3197/5277/3398
f 587/5234/3334 619/5273/3394 618/5235/3375
f 3255/5169/3328 3256/5192/3349 3257/5195/3351
f 377/5217/3352 378/5278/3399 375/5152/3320
f 237/5218/3365 238/5249/3382 377/5196/3352
f 3181/5205/3346 3190/5279/3400 3188/5280/3376
f 3475/5232/3293 3447/5231/3373 3450/5281/3401
f 3446/5215/3364 3475/5232/3293 3450/5281/3401
f 3194/5282/3392 3188/5280/3376 3190/5279/3400
f 4155/4940/3184 4178/5283/3402 4170/5144/3315
f 657/5017/3235 52/5284/3403 49/5131/3304
f 825/5112/3292 829/5285/3404 827/5149/3318
f 3187/5222/3341 3191/5286/3338 3192/5287/3405
f 3185/5213/3362 3195/5252/3385 3193/5288/3406
f 595/5211/3361 590/5220/3367 596/5289/3407
f 168/5138/3298 169/5177/3336 172/5290/3408
f 3195/5291/3409 3189/5292/3409 3194/5293/3409
f 3195/5294/3385 3194/5282/3392 3193/5295/3406
f 3257/5195/3351 3256/5192/3349 3261/5296/3410
f 3171/4993/3219 3263/5135/3308 3186/5221/3368
f 4009/4539/2988 4018/5187/3345 4019/5208/3358
f 4150/4908/3166 4179/5297/3411 4166/5045/3253
f 553/5243/3379 555/5298/3412 591/5261/3371
f 826/5117/3294 828/5262/3390 830/5299/3413
f 4150/4908/3166 4165/5037/3248 4179/5297/3411
f 42/4988/3216 49/5131/3304 51/5275/3396
f 377/5196/3352 238/5249/3382 379/5300/3414
f 3476/5301/3322 3445/5302/3236 3477/5303/3354
f 3183/5210/3360 3185/5213/3362 3226/5304/3415
f 662/5185/3343 655/4964/3201 660/5181/3340
f 3254/5139/3310 3260/5271/3393 3259/5257/3387
f 3447/5231/3373 3451/5305/3416 3450/5281/3401
f 3446/5215/3364 3450/5281/3401 3448/5256/3386
f 3181/5205/3346 3187/5222/3341 3190/5279/3400
f 657/5017/3235 661/5306/3342 52/5284/3403
f 4011/4850/3132 4013/4979/3209 4012/4903/3165
f 656/5044/3252 667/5247/3284 664/5190/3348
f 554/5250/3383 375/5152/3320 433/5307/3417
f 3193/5295/3406 3194/5282/3392 3196/5308/3418
f 3191/5286/3338 3197/5309/3398 3192/5287/3405
f 4160/4986/3215 4175/5174/3333 4180/5310/3419
f 3447/5231/3373 3449/5260/3389 3451/5305/3416
f 57/5311/3377 58/5312/3420 50/5253/3378
f 3256/5192/3349 3262/5313/3421 3261/5296/3410
f 829/5285/3404 828/5262/3390 827/5149/3318
f 3263/5314/3308 3264/5315/3422 3186/5269/3368
f 3200/5276/3397 3007/5199/3355 3008/5316/3423
f 651/4898/3161 662/5185/3343 663/5189/3347
f 168/5123/3298 239/5317/3424 238/5249/3382
f 3193/5295/3406 3196/5308/3418 3225/5318/3425
f 595/5272/3361 616/5319/3426 619/5273/3394
f 3193/5288/3406 3225/5320/3425 3185/5213/3362
f 46/5105/3287 53/5321/3427 57/5240/3377
f 377/5217/3352 379/5322/3414 378/5278/3399
f 4153/4934/3181 4162/5006/3228 4181/5323/3428
f 4153/4934/3181 4181/5323/3428 4167/5061/3262
f 4012/4903/3165 4013/4979/3209 4020/5324/3429
f 595/5211/3361 596/5289/3407 616/5325/3426
f 168/5138/3298 172/5290/3408 239/5326/3424
f 971/5225/3274 972/5327/3430 893/5226/3370
f 169/5177/3336 171/5248/3381 172/5290/3408
f 3263/5168/3308 3226/5304/3415 3264/5328/3422
f 3263/5168/3308 3183/5210/3360 3226/5304/3415
f 375/5152/3320 378/5278/3399 433/5307/3417
f 3007/5199/3355 3004/5171/3330 3008/5316/3423
f 3257/5195/3351 3261/5296/3410 3260/5271/3393
f 970/5158/2986 889/5157/3282 971/5225/3274
f 3259/5257/3387 3260/5271/3393 3265/5329/3431
f 3259/5259/3387 3265/5330/3431 3449/5260/3389
f 3477/5303/3354 3478/5331/3432 3476/5301/3322
f 3448/5256/3386 3452/5332/3433 3477/5198/3354
f 555/5333/3412 594/5264/3388 591/5263/3371
f 590/5220/3367 588/5176/3335 597/5334/3434
f 4012/4903/3165 4020/5324/3429 4017/5141/3312
f 589/5193/3350 598/5335/3435 583/5133/3306
f 3580/4829/3121 3476/5155/3322 3480/5336/3436
f 3594/5200/3356 3595/5337/3437 3593/5178/3337
f 553/5243/3379 556/5338/3438 555/5298/3412
f 888/5023/3240 975/5339/3439 890/5101/3283
f 4013/4979/3209 4015/5066/3265 4021/5340/3440
f 3008/5316/3423 3004/5171/3330 3009/5341/3441
f 615/5342/3329 2684/5343/3442 3004/5344/3330
f 615/5342/3443 618/5345/3443 2684/5343/3443
f 3256/5192/3349 3186/5269/3368 3262/5313/3421
f 3196/5308/3418 3194/5282/3392 3198/5346/3444
f 170/5219/3366 173/5347/3395 171/5248/3381
f 555/5333/3412 556/5348/3438 594/5264/3388
f 821/4974/3205 897/5349/3445 823/5078/3272
f 49/5131/3304 52/5284/3403 51/5275/3396
f 53/5321/3427 46/5105/3287 60/5350/3446
f 3580/4829/3121 3480/5336/3436 3592/5142/3313
f 380/5351/3268 554/5250/3383 433/5307/3417
f 3225/5318/3425 3196/5308/3418 3198/5346/3444
f 660/5181/3340 668/5352/3447 669/5353/3448
f 596/5289/3407 617/5354/3449 616/5325/3426
f 3003/5134/3307 3199/5245/3380 3197/5277/3398
f 664/5190/3348 670/5355/3450 654/4960/3198
f 3451/5305/3416 3453/5356/3451 3450/5281/3401
f 4174/5165/3326 4172/5162/3324 5088/4931/3171
f 3476/5301/3322 3478/5331/3432 3479/5357/3452
f 4160/4986/3215 4182/5358/3453 4165/5037/3248
f 589/5193/3350 584/5136/3309 599/5359/3454
f 552/5154/3321 557/5360/3455 581/5088/3275
f 596/5289/3407 590/5220/3367 617/5354/3449
f 654/4960/3198 670/5355/3450 659/5148/3317
f 3448/5256/3386 3450/5281/3401 3452/5332/3433
f 3477/5303/3354 3452/5361/3433 3478/5331/3432
f 888/5023/3240 973/5071/3269 975/5339/3439
f 552/5154/3321 380/5070/3268 433/5362/3417
f 4162/5006/3228 4017/5363/3312 4181/5323/3428
f 173/5274/3395 50/5253/3378 58/5312/3420
f 553/5243/3379 434/5364/3456 556/5338/3438
f 3008/5316/3423 3203/5365/3457 3200/5276/3397
f 552/5366/3321 433/5367/3417 557/5368/3455
f 3199/5369/3380 3200/5370/3397 3201/5371/3458
f 3451/5305/3416 3449/5260/3389 3265/5330/3431
f 3260/5271/3393 3261/5296/3410 3266/5372/3459
f 3008/5316/3423 3009/5341/3441 3203/5365/3457
f 46/5105/3287 51/5275/3396 60/5350/3446
f 4167/5061/3262 4181/5323/3428 4169/5126/3300
f 829/5285/3404 825/5112/3292 831/5373/3460
f 4155/4940/3184 4173/5164/3325 4178/5283/3402
f 3485/5374/3461 3594/5200/3356 3592/5142/3313
f 57/5311/3377 59/5375/3462 58/5312/3420
f 821/4974/3205 824/5089/3280 897/5349/3445
f 3225/5318/3425 3198/5346/3444 3202/5376/3463
f 4164/5030/3243 4177/5186/3344 4176/5180/3339
f 660/5181/3340 666/5214/3363 668/5352/3447
f 597/5334/3434 588/5176/3335 593/5251/3384
f 3476/5301/3322 3479/5357/3452 3480/5377/3436
f 584/5136/3309 600/5378/3464 599/5359/3454
f 3198/5346/3444 3194/5282/3392 3190/5279/3400
f 4160/4986/3215 4180/5310/3419 4182/5358/3453
f 665/5197/3353 671/5379/3465 661/5184/3342
f 826/5117/3294 830/5299/3413 667/5102/3284
f 3186/5269/3368 3264/5315/3422 3267/5380/3466
f 3200/5370/3397 3203/5381/3457 3201/5371/3458
f 378/5278/3399 381/5382/3467 433/5307/3417
f 3264/5383/3468 3226/5384/3468 3268/5385/3468
f 379/5322/3414 382/5386/3469 378/5278/3399
f 3453/5356/3451 3451/5305/3416 3454/5387/3470
f 3202/5376/3463 3198/5346/3444 3204/5388/3471
f 556/5348/3438 434/5389/3456 594/5264/3388
f 3225/5318/3425 3202/5376/3463 3205/5390/3472
f 4018/5187/3345 4016/5099/3229 4022/5391/3473
f 4016/5099/3229 3593/5392/3337 4023/5393/3474
f 583/5133/3306 598/5335/3435 593/5251/3384
f 57/5311/3377 53/5394/3427 59/5375/3462
f 825/5112/3292 823/5078/3272 831/5373/3460
f 3202/5376/3463 3204/5388/3471 3205/5390/3472
f 3185/5213/3362 3225/5320/3425 3226/5304/3415
f 616/5319/3426 617/5395/3449 601/5396/3475
f 3199/5369/3380 3201/5371/3458 2689/5397/3476
f 175/5398/3477 238/5249/3382 239/5317/3424
f 3004/5344/3330 2684/5343/3442 2685/5399/3478
f 3450/5281/3401 3453/5356/3451 3452/5332/3433
f 440/5400/3374 600/5378/3464 584/5136/3309
f 3452/5361/3433 3455/5401/3479 3478/5331/3432
f 52/5284/3403 54/5402/3480 676/5403/3481
f 3199/5369/3380 2689/5397/3476 2688/5404/3482
f 3226/5405/3415 3225/5318/3425 3206/5406/3483
f 52/5407/3403 661/5184/3342 54/5408/3480
f 3186/5269/3368 3267/5380/3466 3262/5313/3421
f 892/5224/3369 890/5101/3283 894/5409/3484
f 589/5193/3350 599/5359/3454 598/5335/3435
f 824/5089/3280 822/5039/3250 898/5410/3485
f 581/5242/3275 383/5411/3486 553/5243/3379
f 897/5349/3445 832/5412/3487 823/5078/3272
f 665/5197/3353 663/5189/3347 671/5379/3465
f 381/5382/3467 378/5278/3399 382/5386/3469
f 4019/5208/3358 4018/5187/3345 4024/5413/3488
f 892/5224/3369 894/5409/3484 891/5150/3319
f 3197/5309/3398 2688/5404/3482 3192/5287/3405
f 172/5290/3408 171/5248/3381 63/5414/3489
f 3187/5222/3341 3207/5415/3490 3208/5416/3491
f 824/5089/3280 898/5410/3485 897/5349/3445
f 171/5248/3381 173/5347/3395 63/5414/3489
f 973/5417/3269 974/5418/3492 975/5419/3439
f 3197/5309/3398 3199/5369/3380 2688/5404/3482
f 238/5249/3382 175/5398/3477 379/5300/3414
f 4179/5297/3411 4165/5037/3248 4182/5358/3453
f 4177/5186/3344 4183/5420/3493 4176/5180/3339
f 3452/5332/3433 3453/5356/3451 3482/5421/3494
f 662/5185/3343 660/5181/3340 663/5189/3347
f 3203/5381/3457 3009/5422/3441 2765/5423/3495
f 557/5368/3455 383/5424/3486 581/5425/3275
f 3480/5336/3436 3485/5374/3461 3592/5142/3313
f 4174/5165/3326 4184/5426/3496 4172/5162/3324
f 3225/5318/3425 3205/5390/3472 3209/5427/3497
f 379/5300/3414 175/5398/3477 384/5428/3498
f 379/5322/3414 384/5429/3498 382/5386/3469
f 3262/5313/3421 3266/5372/3459 3261/5296/3410
f 666/5214/3363 659/5148/3317 668/5352/3447
f 3265/5329/3431 3260/5271/3393 3458/5430/3499
f 3452/5332/3433 3482/5421/3494 3455/5431/3479
f 553/5432/3379 383/5433/3486 434/5434/3456
f 60/5435/3446 61/5436/3500 53/5394/3427
f 4017/5363/3312 4185/5437/3501 4181/5323/3428
f 434/5438/3456 435/5439/3502 594/5440/3388
f 3209/5427/3497 3205/5390/3472 3204/5388/3471
f 3009/5441/3441 3004/5344/3330 2686/5442/3503
f 4016/5099/3229 4025/5443/3504 4022/5391/3473
f 381/5444/3467 240/5445/3505 433/5367/3417
f 434/5434/3456 383/5433/3486 435/5446/3502
f 3451/5305/3416 3265/5330/3431 3454/5387/3470
f 3478/5331/3432 3455/5401/3479 3481/5447/3506
f 4021/5340/3440 4015/5066/3265 4024/5413/3488
f 822/5448/3250 891/5150/3319 900/5449/3507
f 670/5355/3450 672/5450/3508 659/5148/3317
f 4015/5066/3265 4019/5208/3358 4024/5413/3488
f 3264/5451/3422 3268/5452/3509 3269/5453/3510
f 3595/5337/3437 3596/5454/3511 3593/5178/3337
f 3478/5331/3432 3481/5447/3506 3479/5357/3452
f 3262/5313/3421 3267/5380/3466 3270/5455/3512
f 3198/5346/3444 3190/5279/3400 3204/5388/3471
f 3225/5318/3425 3209/5427/3497 3206/5406/3483
f 3201/5371/3458 3203/5381/3457 2687/5456/3513
f 433/5367/3417 385/5457/3514 557/5368/3455
f 239/5326/3424 172/5290/3408 174/5458/3515
f 3266/5372/3459 3458/5430/3499 3260/5271/3393
f 890/5459/3283 895/5460/3516 894/5461/3484
f 173/5274/3395 62/5462/3517 63/5463/3489
f 52/5284/3403 676/5403/3481 55/5464/3518
f 3190/5279/3400 3187/5222/3341 3210/5465/3519
f 4018/5187/3345 4022/5391/3473 4024/5413/3488
f 557/5368/3455 386/5466/3520 383/5424/3486
f 2687/5456/3513 3203/5381/3457 2765/5423/3495
f 3206/5406/3483 3271/5467/3521 3226/5405/3415
f 433/5367/3417 240/5445/3505 385/5457/3514
f 3206/5406/3483 3209/5427/3497 3274/5468/3522
f 4023/5393/3474 4025/5443/3504 4016/5099/3229
f 598/5335/3435 445/5469/3523 593/5251/3384
f 3454/5387/3470 3265/5330/3431 3456/5470/3524
f 60/5350/3446 51/5275/3396 65/5471/3525
f 52/5284/3403 55/5464/3518 65/5471/3525
f 51/5275/3396 52/5284/3403 65/5471/3525
f 382/5386/3469 240/5472/3505 381/5382/3467
f 175/5473/3477 239/5326/3424 174/5458/3515
f 3457/5474/3526 3265/5330/3431 3458/5475/3499
f 3004/5344/3330 2685/5399/3478 2686/5442/3503
f 3192/5287/3405 3207/5415/3490 3187/5222/3341
f 828/5262/3390 829/5285/3404 830/5299/3413
f 3266/5372/3459 3262/5313/3421 3270/5455/3512
f 834/5476/3527 664/5190/3348 667/5247/3284
f 3274/5468/3522 3271/5467/3521 3206/5406/3483
f 3201/5477/3458 2687/5478/3513 2765/5479/3495
f 3226/5480/3415 3271/5481/3521 3268/5452/3509
f 3264/5451/3422 3269/5453/3510 3267/5482/3466
f 3267/5482/3466 3269/5453/3510 3276/5483/3528
f 3211/5484/3529 3209/5427/3497 3212/5485/3530
f 3209/5427/3497 3204/5388/3471 3212/5485/3530
f 3207/5415/3490 3192/5287/3405 2706/5486/3531
f 3209/5427/3497 3211/5484/3529 3274/5468/3522
f 3210/5465/3519 3187/5222/3341 3208/5416/3491
f 3270/5455/3512 3267/5380/3466 3276/5487/3528
f 3594/5200/3356 3485/5374/3461 3595/5337/3437
f 63/5463/3489 62/5462/3517 64/5488/3532
f 4013/4979/3209 4021/5340/3440 4020/5324/3429
f 61/5436/3500 60/5435/3446 65/5489/3525
f 2688/5490/3482 2689/5491/3476 2690/5492/3533
f 973/5417/3269 893/5226/3370 974/5418/3492
f 620/5493/3534 619/5273/3394 616/5319/3426
f 557/5368/3455 385/5457/3514 386/5466/3520
f 62/5462/3517 173/5274/3395 64/5488/3532
f 58/5312/3420 64/5488/3532 173/5274/3395
f 829/5285/3404 831/5373/3460 833/5494/3535
f 53/5394/3427 61/5436/3500 59/5375/3462
f 3265/5330/3431 3457/5474/3526 3456/5470/3524
f 4180/5310/3419 4186/5495/3536 4182/5358/3453
f 2689/5397/3476 3201/5371/3458 2691/5496/3537
f 3201/5477/3458 2765/5479/3495 2691/5497/3537
f 4182/5358/3453 4186/5495/3536 4179/5297/3411
f 58/5312/3420 59/5375/3462 66/5498/3538
f 3479/5357/3452 3481/5447/3506 3480/5377/3436
f 616/5319/3426 601/5396/3475 620/5493/3534
f 891/5150/3319 894/5409/3484 900/5449/3507
f 823/5078/3272 832/5412/3487 831/5373/3460
f 664/5190/3348 835/5499/3539 686/5500/3540
f 830/5299/3413 834/5501/3527 667/5102/3284
f 3274/5468/3522 3211/5484/3529 3212/5485/3530
f 618/5502/3375 621/5503/3541 2684/5504/3442
f 664/5190/3348 834/5476/3527 835/5499/3539
f 3454/5387/3470 3456/5470/3524 3453/5356/3451
f 3269/5453/3510 3272/5505/3542 3276/5483/3528
f 3274/5468/3522 3212/5485/3530 3213/5506/3543
f 3593/5392/3337 3596/5507/3511 4023/5393/3474
f 2689/5491/3476 2691/5508/3537 2692/5509/3544
f 172/5290/3408 63/5414/3489 174/5458/3515
f 4173/5164/3325 4187/5510/3545 4178/5283/3402
f 618/5502/3375 619/5511/3394 621/5503/3541
f 2691/5497/3537 2765/5479/3495 2692/5512/3544
f 383/5433/3486 436/5513/3546 435/5446/3502
f 240/5445/3505 242/5514/3547 385/5457/3514
f 3268/5452/3509 3273/5515/3548 3269/5453/3510
f 4168/5104/3286 4188/5516/3549 4174/5165/3326
f 5084/5013/2879 4170/5144/3315 4100/4956/3194
f 597/5334/3434 593/5251/3384 445/5469/3523
f 3455/5401/3479 3482/5517/3494 3483/5518/3550
f 3208/5416/3491 3207/5415/3490 2706/5486/3531
f 382/5386/3469 384/5429/3498 240/5472/3505
f 3271/5481/3521 3274/5519/3522 3275/5520/3551
f 594/5440/3388 435/5439/3502 440/5521/3374
f 3485/5374/3461 3597/5522/3552 3595/5337/3437
f 3480/5377/3436 3484/5523/3553 3485/5524/3461
f 598/5335/3435 599/5359/3454 602/5525/3554
f 3268/5452/3509 3271/5481/3521 3273/5515/3548
f 3276/5526/3555 3272/5527/3555 3277/5528/3555
f 597/5334/3434 603/5529/3556 590/5220/3367
f 174/5458/3515 63/5414/3489 67/5530/3557
f 660/5181/3340 673/5531/3558 663/5189/3347
f 661/5184/3342 671/5379/3465 54/5408/3480
f 3273/5515/3548 3272/5505/3542 3269/5453/3510
f 3458/5430/3499 3266/5372/3459 3278/5532/3559
f 4176/5180/3339 4188/5516/3549 4168/5104/3286
f 3273/5515/3548 3271/5481/3521 3275/5520/3551
f 4183/5420/3493 4177/5186/3344 4189/5533/3560
f 659/5148/3317 672/5450/3508 668/5352/3447
f 4179/5297/3411 4186/5495/3536 4190/5534/3561
f 3453/5356/3451 3456/5470/3524 3459/5535/3562
f 3453/5356/3451 3459/5535/3562 3482/5421/3494
f 3458/5430/3499 3279/5536/3563 3460/5537/3564
f 890/5459/3283 975/5538/3439 895/5460/3516
f 3458/5475/3499 3460/5539/3564 3457/5474/3526
f 3204/5388/3471 3190/5279/3400 3212/5485/3530
f 4172/5162/3324 4184/5426/3496 4173/5164/3325
f 175/5398/3477 177/5540/3565 384/5428/3498
f 3458/5430/3499 3278/5532/3559 3279/5536/3563
f 2692/5509/3544 2696/5541/3566 2689/5491/3476
f 435/5439/3502 436/5542/3546 437/5543/3567
f 435/5439/3502 437/5543/3567 440/5521/3374
f 4175/5174/3333 4169/5126/3300 4191/5544/3568
f 4180/5310/3419 4175/5174/3333 4192/5545/3569
f 2692/5546/3544 2765/5547/3495 2693/5548/3570
f 3266/5372/3459 3270/5455/3512 3278/5532/3559
f 3274/5468/3522 3214/5549/3571 3275/5550/3551
f 3275/5520/3551 3280/5551/3572 3273/5515/3548
f 660/5181/3340 674/5552/3573 673/5531/3558
f 174/5458/3515 176/5553/3574 175/5473/3477
f 3274/5468/3522 3213/5506/3543 3214/5549/3571
f 601/5396/3475 617/5395/3449 604/5554/3575
f 670/5355/3450 664/5190/3348 672/5450/3508
f 64/5488/3532 67/5555/3557 63/5463/3489
f 4179/5297/3411 4193/5556/3576 4166/5045/3253
f 4177/5186/3344 4166/5045/3253 4194/5557/3577
f 3213/5506/3543 3212/5485/3530 3214/5549/3571
f 54/5408/3480 675/5558/3578 676/5559/3481
f 599/5560/3454 444/5561/3579 602/5562/3554
f 4181/5323/3428 4185/5437/3501 4195/5563/3580
f 663/5189/3347 673/5531/3558 671/5379/3465
f 385/5457/3514 242/5514/3547 387/5564/3581
f 385/5457/3514 387/5564/3581 388/5565/3582
f 972/5327/3430 971/5225/3274 976/5566/3583
f 590/5220/3367 448/5567/3584 617/5354/3449
f 385/5457/3514 388/5565/3582 386/5466/3520
f 383/5424/3486 386/5466/3520 389/5568/3585
f 4024/5413/3488 4022/5391/3473 4026/5569/3586
f 384/5428/3498 177/5540/3565 240/5570/3505
f 601/5396/3475 604/5554/3575 605/5571/3587
f 383/5433/3486 389/5572/3585 436/5513/3546
f 601/5396/3475 605/5571/3587 620/5493/3534
f 3214/5549/3571 3212/5485/3530 3312/5573/3588
f 2765/5574/3495 2694/5575/3589 2693/5548/3570
f 176/5553/3574 177/5576/3565 175/5473/3477
f 3275/5520/3551 3281/5577/3590 3282/5578/3591
f 660/5181/3340 669/5353/3448 674/5552/3573
f 67/5530/3557 176/5553/3574 174/5458/3515
f 3275/5520/3551 3214/5579/3571 3312/5580/3588
f 3275/5520/3551 3312/5580/3588 3281/5577/3590
f 617/5354/3449 448/5567/3584 604/5581/3575
f 900/5582/3507 898/5410/3485 822/5039/3250
f 2692/5546/3544 2693/5548/3570 2695/5583/3592
f 66/5498/3538 64/5488/3532 58/5312/3420
f 3455/5401/3479 3483/5518/3550 3481/5447/3506
f 672/5450/3508 688/5584/3593 668/5352/3447
f 436/5585/3546 390/5586/3594 437/5587/3567
f 4020/5324/3429 4021/5340/3440 4027/5588/3595
f 834/5501/3527 830/5299/3413 835/5589/3539
f 3480/5377/3436 3481/5447/3506 3484/5523/3553
f 4169/5126/3300 4181/5323/3428 4195/5563/3580
f 4180/5310/3419 4192/5545/3569 4186/5495/3536
f 3273/5515/3548 3280/5551/3572 3272/5505/3542
f 4174/5165/3326 4188/5516/3549 4106/5590/3596
f 61/5436/3500 68/5591/3597 59/5375/3462
f 676/5403/3481 56/5592/3598 55/5464/3518
f 3275/5520/3551 3282/5578/3591 3283/5593/3599
f 4175/5174/3333 4191/5544/3568 4192/5545/3569
f 605/5571/3587 450/5594/3600 620/5493/3534
f 4174/5165/3326 4106/5590/3596 4184/5426/3496
f 4024/5413/3488 4028/5595/3601 4021/5340/3440
f 975/5419/3439 974/5418/3492 977/5596/3602
f 2692/5597/3544 2695/5598/3592 2696/5599/3566
f 55/5464/3518 70/5600/3603 65/5471/3525
f 436/5513/3546 389/5572/3585 391/5601/3604
f 2706/5486/3531 3192/5287/3405 2698/5602/3605
f 3460/5539/3564 3461/5603/3606 3457/5474/3526
f 444/5561/3579 599/5560/3454 600/5604/3464
f 391/5605/3604 390/5586/3594 436/5585/3546
f 3276/5483/3528 3272/5505/3542 3270/5606/3512
f 386/5466/3520 388/5565/3582 389/5568/3585
f 620/5607/3534 606/5608/3607 619/5609/3394
f 2688/5404/3482 2698/5602/3605 3192/5287/3405
f 4166/5045/3253 4193/5556/3576 4194/5557/3577
f 64/5488/3532 69/5610/3608 67/5555/3557
f 5065/5611/3609 4143/5612/3609 1304/5613/3609
f 3282/5578/3591 3281/5577/3590 3284/5614/3610
f 3282/5578/3591 3284/5614/3610 3283/5593/3599
f 3270/5606/3512 3272/5505/3542 3285/5615/3611
f 240/5445/3505 177/5616/3565 242/5514/3547
f 4179/5297/3411 4190/5534/3561 4193/5556/3576
f 3481/5447/3506 3486/5617/3612 3484/5523/3553
f 829/5285/3404 833/5494/3535 830/5299/3413
f 2693/5548/3570 2694/5575/3589 2695/5583/3592
f 55/5464/3518 56/5592/3598 70/5600/3603
f 3215/5618/3613 3190/5279/3400 3210/5465/3519
f 387/5564/3581 242/5514/3547 388/5565/3582
f 3009/5441/3441 2694/5575/3589 2765/5574/3495
f 836/5619/3614 905/5620/3615 830/5299/3413
f 669/5353/3448 668/5352/3447 677/5621/3616
f 4177/5186/3344 4194/5557/3577 4189/5533/3560
f 4171/5128/3301 4100/5622/3194 4143/5129/3302
f 65/5489/3525 70/5623/3603 71/5624/3617
f 894/5461/3484 895/5460/3516 896/5625/3618
f 54/5408/3480 678/5626/3619 675/5558/3578
f 2706/5486/3531 2698/5602/3605 2700/5627/3620
f 2695/5583/3592 2694/5575/3589 2697/5628/3621
f 3190/5279/3400 3215/5618/3613 3212/5485/3530
f 242/5629/3547 241/5630/3622 392/5631/3623
f 176/5553/3574 67/5530/3557 178/5632/3624
f 676/5403/3481 78/5633/3625 56/5592/3598
f 688/5584/3593 677/5621/3616 668/5352/3447
f 3485/5524/3461 3484/5523/3553 3597/5634/3552
f 832/5412/3487 833/5494/3535 831/5373/3460
f 4021/5340/3440 4028/5595/3601 4027/5588/3595
f 4017/5141/3312 4020/5324/3429 4199/5635/3626
f 3278/5636/3559 3462/5637/3627 3279/5638/3563
f 671/5379/3465 678/5626/3619 54/5408/3480
f 67/5555/3557 69/5610/3608 72/5639/3628
f 2688/5490/3482 2690/5492/3533 2698/5640/3605
f 3270/5606/3512 3462/5637/3627 3278/5636/3559
f 830/5299/3413 833/5494/3535 836/5619/3614
f 389/5572/3585 395/5641/3629 391/5601/3604
f 177/5642/3630 241/5643/3630 242/5644/3630
f 975/5538/3439 977/5645/3602 895/5460/3516
f 242/5514/3547 392/5646/3623 388/5565/3582
f 830/5299/3413 837/5647/3631 835/5589/3539
f 3457/5474/3526 3461/5603/3606 3456/5470/3524
f 2684/5504/3442 621/5503/3541 607/5648/3632
f 590/5220/3367 603/5529/3556 448/5567/3584
f 4022/5391/3473 4025/5443/3504 4029/5649/3633
f 605/5571/3587 604/5554/3575 608/5650/3634
f 56/5592/3598 78/5633/3625 70/5600/3603
f 676/5403/3481 675/5651/3578 78/5633/3625
f 2698/5652/3605 2699/5653/3635 2700/5654/3620
f 64/5488/3532 66/5498/3538 73/5655/3636
f 3215/5618/3613 3312/5573/3588 3212/5485/3530
f 3284/5614/3610 3281/5577/3590 3312/5580/3588
f 3280/5551/3572 3275/5520/3551 3283/5593/3599
f 3280/5551/3572 3283/5593/3599 3286/5656/3637
f 389/5568/3585 388/5565/3582 441/5657/3638
f 605/5571/3587 608/5650/3634 450/5594/3600
f 3280/5551/3572 3287/5658/3639 3272/5505/3542
f 71/5624/3617 74/5659/3640 65/5489/3525
f 4188/5516/3549 4176/5180/3339 4196/5660/3641
f 2685/5399/3478 2701/5661/3642 2686/5442/3503
f 4173/5164/3325 4197/5662/3643 4187/5510/3545
f 971/5225/3274 889/5157/3282 976/5566/3583
f 4178/5283/3402 4103/5663/3644 4170/5144/3315
f 2698/5640/3605 2690/5492/3533 2699/5664/3635
f 4185/5665/3501 4017/5141/3312 4199/5635/3626
f 66/5498/3538 59/5375/3462 73/5655/3636
f 3486/5617/3612 3481/5447/3506 3487/5666/3645
f 389/5572/3585 393/5667/3646 395/5641/3629
f 3270/5606/3512 3285/5615/3611 3462/5637/3627
f 3009/5441/3441 2686/5442/3503 2702/5668/3647
f 3208/5416/3491 2706/5486/3531 3216/5669/3648
f 61/5436/3500 74/5659/3640 68/5591/3597
f 879/5064/2824 978/5670/3649 969/5065/3264
f 3481/5447/3506 3483/5518/3550 3487/5666/3645
f 833/5494/3535 905/5620/3615 836/5619/3614
f 445/5671/3523 598/5672/3435 446/5673/3650
f 893/5226/3370 979/5674/3651 974/5418/3492
f 3009/5441/3441 2702/5668/3647 2703/5675/3652
f 393/5676/3646 389/5568/3585 394/5677/3653
f 893/5226/3370 972/5327/3430 979/5674/3651
f 3596/5678/3511 3595/5679/3437 3929/5680/3654
f 2696/5599/3566 2695/5598/3592 2697/5681/3621
f 3283/5593/3599 3284/5614/3610 3288/5682/3655
f 395/5641/3629 393/5667/3646 438/5683/3656
f 73/5655/3636 69/5610/3608 64/5488/3532
f 59/5375/3462 75/5684/3657 73/5655/3636
f 3215/5618/3613 3210/5465/3519 2717/5685/3658
f 3208/5416/3491 3216/5669/3648 3210/5465/3519
f 389/5568/3585 441/5657/3638 394/5677/3653
f 74/5659/3640 61/5436/3500 65/5489/3525
f 3456/5470/3524 3489/5686/3659 3459/5535/3562
f 897/5687/3445 898/5688/3485 838/5689/3660
f 4170/5690/3315 4101/5691/3661 4102/5692/3662
f 391/5605/3604 395/5693/3629 390/5586/3594
f 3461/5603/3606 3460/5539/3564 3279/5694/3563
f 671/5379/3465 673/5531/3558 693/5695/3663
f 2696/5599/3566 2697/5681/3621 2704/5696/3664
f 664/5190/3348 686/5500/3540 672/5450/3508
f 4020/5324/3429 4027/5588/3595 4030/5697/3665
f 4176/5180/3339 4183/5420/3493 4196/5660/3641
f 393/5667/3646 394/5698/3653 438/5683/3656
f 3009/5441/3441 2703/5675/3652 2694/5575/3589
f 3286/5656/3637 3283/5593/3599 3288/5682/3655
f 3287/5658/3639 3280/5551/3572 3286/5656/3637
f 446/5673/3650 598/5672/3435 447/5699/3666
f 674/5552/3573 669/5353/3448 679/5700/3667
f 395/5693/3629 438/5701/3656 390/5586/3594
f 620/5702/3534 450/5703/3600 606/5704/3607
f 669/5353/3448 677/5621/3616 680/5705/3668
f 619/5609/3394 606/5608/3607 621/5706/3541
f 597/5707/3434 609/5708/3669 603/5709/3556
f 604/5710/3575 448/5711/3584 608/5712/3634
f 608/5712/3634 449/5713/3670 450/5714/3600
f 177/5576/3565 176/5553/3574 85/5715/3671
f 598/5672/3435 602/5562/3554 447/5699/3666
f 3482/5517/3494 3459/5716/3562 3483/5518/3550
f 176/5553/3574 178/5632/3624 85/5715/3671
f 3456/5470/3524 3461/5603/3606 3489/5686/3659
f 672/5450/3508 687/5717/3672 688/5584/3593
f 4173/5164/3325 4184/5426/3496 4197/5662/3643
f 3285/5615/3611 3272/5505/3542 3287/5658/3639
f 671/5379/3465 693/5695/3663 678/5626/3619
f 3312/5718/3588 3289/5719/3673 3284/5720/3610
f 597/5334/3434 445/5469/3523 609/5721/3669
f 441/5657/3638 439/5722/3674 394/5677/3653
f 70/5623/3603 685/5723/3675 71/5624/3617
f 3484/5523/3553 3486/5617/3612 3488/5724/3676
f 1305/5725/1512 5065/5726/1572 1304/5727/3677
f 3286/5656/3637 3288/5682/3655 3290/5728/3678
f 3312/5718/3588 3215/5729/3613 3289/5719/3673
f 241/5630/3622 177/5576/3565 85/5715/3671
f 2696/5541/3566 2704/5730/3664 2689/5491/3476
f 4170/5690/3315 4103/5731/3644 4101/5691/3661
f 897/5349/3445 838/5732/3660 832/5412/3487
f 2689/5491/3476 2704/5730/3664 2705/5733/3679
f 602/5562/3554 444/5561/3579 405/5734/3680
f 3483/5518/3550 3459/5716/3562 3489/5735/3659
f 2689/5491/3476 2705/5733/3679 2690/5492/3533
f 2686/5442/3503 2701/5661/3642 2702/5668/3647
f 3288/5682/3655 3284/5614/3610 3291/5736/3681
f 447/5699/3666 602/5562/3554 405/5734/3680
f 394/5737/3653 439/5738/3674 438/5701/3656
f 59/5375/3462 68/5591/3597 75/5684/3657
f 241/5630/3622 85/5715/3671 392/5631/3623
f 67/5555/3557 72/5639/3628 178/5739/3624
f 449/5740/3670 452/5741/3682 450/5742/3600
f 894/5461/3484 899/5743/3683 900/5744/3507
f 4022/5391/3473 4029/5649/3633 4026/5569/3586
f 388/5565/3582 396/5745/3684 441/5657/3638
f 4020/5324/3429 4030/5697/3665 4199/5635/3626
f 4195/5563/3580 4185/5437/3501 4198/5746/3685
f 672/5450/3508 686/5500/3540 687/5717/3672
f 686/5500/3540 835/5499/3539 681/5747/3686
f 3287/5658/3639 3286/5656/3637 3292/5748/3687
f 977/5645/3602 901/5749/3688 895/5460/3516
f 4178/5283/3402 4187/5510/3545 4103/5663/3644
f 3290/5728/3678 3288/5682/3655 3291/5736/3681
f 3216/5750/3648 2706/5751/3531 2700/5654/3620
f 2767/5752/3689 3216/5750/3648 2700/5654/3620
f 437/5587/3567 397/5753/3690 440/5754/3374
f 444/5561/3579 600/5604/3464 401/5755/3691
f 608/5712/3634 451/5756/3692 449/5713/3670
f 449/5713/3670 451/5756/3692 452/5757/3682
f 600/5758/3464 440/5754/3374 397/5753/3690
f 441/5657/3638 398/5759/3693 439/5722/3674
f 4023/5393/3474 3596/5507/3511 4025/5443/3504
f 2690/5492/3533 2705/5733/3679 2707/5760/3694
f 3595/5337/3437 3597/5522/3552 3929/5761/3654
f 3285/5615/3611 3465/5762/3695 3462/5637/3627
f 441/5657/3638 396/5745/3684 399/5763/3696
f 3286/5656/3637 3290/5728/3678 3292/5748/3687
f 69/5610/3608 76/5764/3697 72/5639/3628
f 4170/5690/3315 4102/5692/3662 4100/5622/3194
f 3290/5728/3678 3291/5736/3681 3293/5765/3698
f 2704/5696/3664 2697/5681/3621 2708/5766/3699
f 2704/5696/3664 2708/5766/3699 2709/5767/3700
f 2699/5664/3635 2690/5492/3533 2707/5760/3694
f 390/5586/3594 438/5701/3656 437/5587/3567
f 3287/5658/3639 3294/5768/3701 3285/5615/3611
f 4185/5437/3501 4199/5769/3626 4198/5746/3685
f 3285/5615/3611 3294/5768/3701 3465/5762/3695
f 445/5671/3523 446/5673/3650 453/5770/3702
f 445/5671/3523 453/5770/3702 609/5708/3669
f 4192/5545/3569 4191/5544/3568 4186/5495/3536
f 2697/5628/3621 2694/5575/3589 2708/5771/3699
f 3287/5658/3639 3292/5748/3687 3294/5768/3701
f 2684/5343/3442 2710/5772/3703 2685/5399/3478
f 450/5703/3600 456/5773/3704 606/5704/3607
f 441/5774/3638 399/5775/3696 398/5776/3693
f 452/5741/3682 456/5777/3704 450/5742/3600
f 2684/5504/3442 607/5648/3632 2710/5778/3703
f 2717/5685/3658 3210/5465/3519 3216/5669/3648
f 3486/5617/3612 3487/5666/3645 3490/5779/3705
f 900/5744/3507 899/5743/3683 898/5688/3485
f 3290/5728/3678 3293/5765/3698 3295/5780/3706
f 4169/5126/3300 4195/5563/3580 4191/5544/3568
f 4188/5516/3549 4196/5660/3641 4200/5781/3707
f 398/5776/3693 399/5775/3696 400/5782/3708
f 397/5753/3690 401/5783/3691 600/5758/3464
f 3293/5765/3698 3291/5736/3681 3295/5780/3706
f 675/5558/3578 699/5784/3709 78/5785/3625
f 669/5353/3448 680/5705/3668 679/5700/3667
f 682/5786/3710 673/5531/3558 674/5552/3573
f 2700/5654/3620 2768/5787/3711 2767/5752/3689
f 73/5655/3636 75/5684/3657 69/5610/3608
f 398/5776/3693 400/5782/3708 439/5788/3674
f 833/5494/3535 832/5412/3487 903/5789/3712
f 4190/5534/3561 4186/5495/3536 4193/5556/3576
f 2700/5654/3620 2699/5653/3635 2769/5790/3713
f 388/5565/3582 392/5646/3623 396/5745/3684
f 4187/5791/3545 4197/5792/3643 4103/5731/3644
f 72/5639/3628 76/5764/3697 178/5739/3624
f 68/5591/3597 77/5793/3714 75/5684/3657
f 2704/5696/3664 2709/5767/3700 2711/5794/3715
f 3290/5728/3678 3295/5780/3706 3292/5748/3687
f 448/5711/3584 603/5709/3556 454/5795/3716
f 673/5531/3558 682/5786/3710 693/5695/3663
f 70/5623/3603 78/5796/3625 685/5723/3675
f 3491/5797/3717 3492/5798/3718 3597/5634/3552
f 3489/5735/3659 3493/5799/3719 3483/5518/3550
f 3499/5800/3720 3279/5694/3563 3462/5801/3627
f 3292/5748/3687 3295/5780/3706 3296/5802/3721
f 438/5701/3656 439/5738/3674 437/5587/3567
f 2705/5733/3679 2704/5730/3664 2711/5803/3715
f 4106/5590/3596 4188/5516/3549 4200/5781/3707
f 686/5804/3540 681/5805/3686 687/5806/3672
f 399/5775/3696 402/5807/3722 400/5782/3708
f 3597/5634/3552 3484/5523/3553 3488/5724/3676
f 832/5808/3487 838/5689/3660 902/5809/3723
f 969/5065/3264 980/5810/3724 889/5157/3282
f 972/5327/3430 976/5566/3583 979/5674/3651
f 3284/5720/3610 3289/5719/3673 3291/5736/3681
f 399/5775/3696 403/5811/3725 402/5807/3722
f 3597/5634/3552 3492/5798/3718 3929/5812/3654
f 898/5688/3485 899/5743/3683 838/5689/3660
f 3461/5813/3606 3494/5814/3726 3489/5735/3659
f 396/5745/3684 403/5815/3725 399/5763/3696
f 603/5709/3556 609/5708/3669 455/5816/3727
f 603/5709/3556 455/5816/3727 454/5795/3716
f 3486/5617/3612 3490/5779/3705 3488/5724/3676
f 2711/5794/3715 2709/5767/3700 2708/5766/3699
f 903/5817/3712 832/5808/3487 902/5809/3723
f 3597/5634/3552 3488/5724/3676 3491/5797/3717
f 451/5756/3692 456/5818/3704 452/5757/3682
f 3296/5802/3721 3295/5780/3706 3297/5819/3728
f 403/5820/3729 400/5821/3729 402/5822/3729
f 447/5699/3666 457/5823/3730 446/5673/3650
f 401/5755/3691 405/5734/3680 444/5561/3579
f 3295/5780/3706 3291/5736/3681 3297/5819/3728
f 2700/5654/3620 2712/5824/3731 2768/5787/3711
f 3215/5729/3613 2717/5825/3658 3289/5719/3673
f 4028/5595/3601 4024/5413/3488 4026/5569/3586
f 608/5712/3634 448/5711/3584 458/5826/3732
f 3489/5735/3659 3494/5814/3726 3493/5799/3719
f 3483/5518/3550 3493/5799/3719 3487/5666/3645
f 2700/5654/3620 2769/5790/3713 2712/5824/3731
f 401/5783/3691 397/5753/3690 404/5827/3733
f 459/5828/3734 453/5770/3702 446/5673/3650
f 3596/5678/3511 3929/5680/3654 3930/5829/3735
f 4189/5533/3560 4194/5557/3577 4201/5830/3736
f 2707/5760/3694 2705/5733/3679 2713/5831/3737
f 4195/5563/3580 4202/5832/3738 4191/5544/3568
f 4025/5443/3504 3596/5507/3511 3930/5833/3735
f 76/5764/3697 69/5610/3608 79/5834/3739
f 682/5786/3710 674/5552/3573 683/5835/3740
f 405/5836/3680 401/5783/3691 406/5837/3741
f 76/5764/3697 80/5838/3742 178/5739/3624
f 403/5815/3725 396/5745/3684 409/5839/3743
f 459/5828/3734 446/5673/3650 457/5823/3730
f 4183/5420/3493 4203/5840/3744 4196/5660/3641
f 439/5788/3674 400/5782/3708 407/5841/3745
f 830/5299/3413 839/5842/3746 837/5647/3631
f 905/5620/3615 839/5842/3746 830/5299/3413
f 437/5587/3567 408/5843/3747 397/5753/3690
f 2694/5575/3589 2703/5675/3652 2714/5844/3748
f 3279/5694/3563 3499/5800/3720 3463/5845/3749
f 675/5558/3578 678/5626/3619 696/5846/3750
f 451/5756/3692 460/5847/3751 456/5818/3704
f 2711/5803/3715 2715/5848/3752 2705/5733/3679
f 68/5591/3597 74/5659/3640 77/5793/3714
f 3296/5802/3721 3297/5819/3728 3298/5849/3753
f 3279/5694/3563 3463/5845/3749 3461/5603/3606
f 608/5712/3634 458/5826/3732 451/5756/3692
f 4025/5443/3504 3931/5850/3754 4029/5649/3633
f 2699/5664/3635 2707/5760/3694 2766/5851/3755
f 3292/5748/3687 3296/5802/3721 3299/5852/3756
f 404/5827/3733 406/5837/3741 401/5783/3691
f 3216/5750/3648 2716/5853/3757 2717/5854/3658
f 403/5855/3725 407/5841/3745 400/5782/3708
f 69/5610/3608 75/5684/3657 79/5834/3739
f 3297/5819/3728 3291/5736/3681 3300/5856/3758
f 609/5708/3669 453/5770/3702 455/5816/3727
f 3296/5802/3721 3298/5849/3753 3299/5852/3756
f 4025/5857/3504 3930/5829/3735 3931/5858/3754
f 621/5859/3541 461/5860/3759 607/5861/3632
f 71/5624/3617 685/5723/3675 81/5862/3760
f 674/5552/3573 679/5700/3667 698/5863/3761
f 74/5659/3640 71/5624/3617 82/5864/3762
f 409/5865/3743 410/5866/3763 403/5867/3725
f 3292/5748/3687 3299/5852/3756 3301/5868/3764
f 677/5621/3616 688/5584/3593 691/5869/3765
f 677/5621/3616 691/5869/3765 680/5705/3668
f 4194/5557/3577 4193/5556/3576 4201/5830/3736
f 2711/5794/3715 2708/5766/3699 2718/5870/3766
f 683/5835/3740 674/5552/3573 698/5863/3761
f 403/5855/3725 410/5871/3763 407/5841/3745
f 448/5711/3584 454/5795/3716 458/5826/3732
f 835/5872/3767 837/5873/3767 681/5874/3767
f 413/5875/3768 179/5876/3768 392/5877/3768
f 837/5647/3631 839/5842/3746 681/5878/3686
f 838/5689/3660 899/5743/3683 904/5879/3769
f 4186/5495/3536 4191/5544/3568 4204/5880/3770
f 3493/5799/3719 3495/5881/3771 3487/5666/3645
f 2703/5675/3652 2702/5668/3647 2714/5844/3748
f 3299/5852/3756 3298/5849/3753 3301/5868/3764
f 2707/5760/3694 2713/5831/3737 2766/5851/3755
f 838/5689/3660 904/5879/3769 902/5809/3723
f 4183/5420/3493 4189/5533/3560 4203/5840/3744
f 2699/5653/3635 2766/5882/3755 2769/5790/3713
f 392/5631/3623 85/5715/3671 83/5883/3772
f 3298/5849/3753 3297/5819/3728 3300/5856/3758
f 976/5566/3583 981/5884/3773 979/5674/3651
f 3494/5814/3726 3461/5813/3606 3463/5885/3749
f 4186/5495/3536 4204/5880/3770 4205/5886/3774
f 3292/5748/3687 3464/5887/3775 3294/5768/3701
f 688/5888/3593 687/5806/3672 689/5889/3776
f 4186/5495/3536 4205/5886/3774 4193/5556/3576
f 4195/5563/3580 4206/5890/3777 4202/5832/3738
f 439/5738/3674 407/5891/3745 437/5587/3567
f 2711/5803/3715 2720/5892/3778 2715/5848/3752
f 833/5494/3535 903/5789/3712 905/5620/3615
f 2711/5794/3715 2718/5870/3766 2720/5893/3778
f 4100/5622/3194 4104/5894/3779 4143/5129/3302
f 2717/5825/3658 3302/5895/3780 3289/5719/3673
f 75/5684/3657 77/5793/3714 79/5834/3739
f 392/5896/3623 83/5897/3772 413/5898/3781
f 3487/5666/3645 3495/5881/3771 3490/5779/3705
f 405/5836/3680 406/5837/3741 411/5899/3782
f 3292/5748/3687 3301/5868/3764 3464/5887/3775
f 76/5764/3697 79/5834/3739 80/5838/3742
f 447/5699/3666 405/5734/3680 411/5900/3782
f 2708/5771/3699 2694/5575/3589 2718/5901/3766
f 396/5745/3684 392/5646/3623 179/5902/3783
f 4197/5792/3643 4105/5903/3784 4103/5731/3644
f 2705/5733/3679 2715/5848/3752 2722/5904/3785
f 905/5905/3615 903/5817/3712 839/5906/3746
f 78/5796/3625 699/5907/3709 685/5723/3675
f 683/5835/3740 698/5863/3761 682/5786/3710
f 396/5745/3684 179/5902/3783 409/5839/3743
f 409/5865/3743 179/5908/3783 410/5866/3763
f 889/5157/3282 980/5810/3724 976/5566/3583
f 4029/5649/3633 3935/5909/3786 4026/5569/3586
f 460/5847/3751 462/5910/3787 456/5818/3704
f 437/5587/3567 407/5891/3745 412/5911/3788
f 678/5626/3619 693/5695/3663 684/5912/3789
f 698/5863/3761 679/5700/3667 701/5913/3790
f 2717/5854/3658 2716/5853/3757 3302/5914/3780
f 71/5624/3617 81/5862/3760 82/5864/3762
f 4201/5830/3736 4207/5915/3791 4189/5533/3560
f 4197/5662/3643 4184/5426/3496 4112/5916/3792
f 607/5648/3632 610/5917/3793 2710/5778/3703
f 896/5625/3618 895/5460/3516 901/5749/3688
f 2702/5668/3647 2701/5661/3642 2719/5918/3794
f 681/5878/3686 839/5842/3746 690/5919/3795
f 3490/5779/3705 3495/5881/3771 3496/5920/3796
f 3301/5868/3764 3298/5849/3753 3303/5921/3797
f 79/5834/3739 77/5793/3714 84/5922/3798
f 3298/5849/3753 3300/5856/3758 3304/5923/3799
f 179/5924/3783 407/5841/3745 410/5871/3763
f 4028/5595/3601 4026/5569/3586 4031/5925/3800
f 83/5897/3772 85/5926/3671 122/5927/3801
f 458/5826/3732 454/5795/3716 455/5816/3727
f 4106/5590/3596 4200/5781/3707 4107/5928/3802
f 2715/5929/3803 2720/5930/3803 2718/5931/3803
f 4199/5635/3626 4030/5697/3665 4032/5932/3804
f 79/5834/3739 86/5933/3805 80/5838/3742
f 74/5659/3640 84/5922/3798 77/5793/3714
f 681/5805/3686 690/5934/3795 916/5935/3806
f 3289/5719/3673 3305/5936/3807 3291/5736/3681
f 179/5924/3783 442/5937/3808 407/5841/3745
f 3303/5921/3797 3298/5849/3753 3304/5923/3799
f 678/5626/3619 684/5912/3789 696/5846/3750
f 3463/5885/3749 3497/5938/3809 3494/5814/3726
f 458/5826/3732 463/5939/3810 451/5756/3692
f 977/5645/3602 906/5940/3811 901/5749/3688
f 679/5700/3667 691/5869/3765 701/5913/3790
f 4027/5588/3595 4028/5595/3601 4031/5925/3800
f 693/5695/3663 682/5786/3710 698/5863/3761
f 3464/5887/3775 3301/5868/3764 3306/5941/3812
f 3464/5942/3813 3505/5943/3813 3294/5944/3813
f 3462/5801/3627 3465/5945/3695 3499/5800/3720
f 437/5587/3567 412/5911/3788 408/5843/3747
f 679/5700/3667 680/5705/3668 691/5869/3765
f 179/5924/3783 413/5946/3814 414/5947/3815
f 178/5739/3624 80/5838/3742 85/5926/3671
f 977/5596/3602 979/5674/3651 982/5948/3816
f 896/5625/3618 907/5949/3817 894/5461/3484
f 3216/5750/3648 2767/5752/3689 2721/5950/3818
f 3301/5868/3764 3303/5921/3797 3306/5941/3812
f 974/5418/3492 979/5674/3651 977/5596/3602
f 2715/5951/3752 2718/5952/3766 2722/5953/3785
f 458/5826/3732 455/5816/3727 464/5954/3819
f 4198/5746/3685 4034/5955/3820 4195/5563/3580
f 2716/5853/3757 3216/5750/3648 2723/5956/3821
f 4027/5588/3595 4033/5957/3822 4030/5697/3665
f 3498/5958/3823 3499/5959/3720 3465/5960/3695
f 447/5699/3666 411/5900/3782 457/5823/3730
f 3289/5719/3673 3302/5895/3780 3305/5936/3807
f 455/5816/3727 453/5770/3702 464/5954/3819
f 977/5596/3602 982/5948/3816 906/5961/3811
f 179/5924/3783 414/5947/3815 442/5937/3808
f 4184/5426/3496 4106/5590/3596 4112/5916/3792
f 2685/5399/3478 2710/5772/3703 2724/5962/3824
f 2685/5399/3478 2724/5962/3824 2701/5661/3642
f 2767/5963/3689 2768/5964/3711 2725/5965/3825
f 681/5805/3686 916/5935/3806 687/5806/3672
f 2721/5950/3818 2723/5956/3821 3216/5750/3648
f 839/5906/3746 903/5817/3712 908/5966/3826
f 3306/5941/3812 3303/5921/3797 3304/5923/3799
f 4195/5563/3580 4034/5955/3820 4206/5890/3777
f 4027/5588/3595 4031/5925/3800 4033/5957/3822
f 969/5065/3264 978/5670/3649 980/5810/3724
f 3464/5887/3775 3306/5941/3812 3505/5967/3827
f 3488/5724/3676 3500/5968/3828 3491/5797/3717
f 904/5879/3769 909/5969/3829 902/5809/3723
f 2705/5733/3679 2722/5904/3785 2713/5831/3737
f 4199/5635/3626 4032/5932/3804 4034/5970/3820
f 2712/5824/3731 2770/5971/3830 2768/5787/3711
f 3929/5680/3654 3932/5972/3831 3930/5829/3735
f 607/5861/3632 461/5860/3759 610/5973/3793
f 397/5753/3690 415/5974/3832 404/5827/3733
f 3304/5923/3799 3300/5856/3758 3307/5975/3833
f 83/5897/3772 122/5927/3801 413/5898/3781
f 675/5558/3578 696/5846/3750 699/5784/3709
f 79/5834/3739 84/5922/3798 87/5976/3834
f 407/5891/3745 416/5977/3835 412/5911/3788
f 3488/5724/3676 3490/5779/3705 3500/5968/3828
f 3494/5814/3726 3501/5978/3836 3493/5799/3719
f 4189/5533/3560 4207/5915/3791 4203/5840/3744
f 122/5979/3837 92/5980/3837 413/5981/3837
f 3493/5799/3719 3501/5978/3836 3495/5881/3771
f 85/5926/3671 80/5838/3742 122/5927/3801
f 460/5847/3751 463/5939/3810 462/5910/3787
f 4199/5635/3626 4034/5970/3820 4198/5982/3685
f 413/5946/3814 90/5983/3838 414/5947/3815
f 2722/5953/3785 2718/5952/3766 2726/5984/3839
f 3463/5885/3749 3499/5959/3720 3497/5938/3809
f 3300/5856/3758 3291/5736/3681 3305/5936/3807
f 4026/5569/3586 3935/5909/3786 4031/5925/3800
f 74/5659/3640 87/5976/3834 84/5922/3798
f 3491/5797/3717 3500/5968/3828 3492/5798/3718
f 3505/5967/3827 3306/5941/3812 3308/5985/3840
f 451/5756/3692 463/5939/3810 460/5847/3751
f 414/5947/3815 90/5983/3838 442/5937/3808
f 2768/5986/3711 2770/5987/3830 2725/5965/3825
f 4201/5830/3736 4193/5556/3576 4208/5988/3841
f 462/5989/3787 483/5990/3842 456/5773/3704
f 82/5864/3762 88/5991/3843 74/5659/3640
f 839/5906/3746 908/5966/3826 690/5992/3795
f 3499/5959/3720 3498/5958/3823 3497/5938/3809
f 462/5910/3787 463/5939/3810 466/5993/3844
f 3306/5941/3812 3304/5923/3799 3308/5985/3840
f 901/5749/3688 910/5994/3845 896/5625/3618
f 4100/5622/3194 4102/5692/3662 4104/5894/3779
f 691/5995/3765 688/5888/3593 692/5996/3846
f 87/5976/3834 74/5659/3640 88/5991/3843
f 2713/5831/3737 2722/5904/3785 2736/5997/3847
f 2726/5984/3839 2736/5998/3847 2722/5953/3785
f 413/5999/3814 89/6000/3848 90/6001/3838
f 4029/6002/3633 3931/5858/3754 3933/6003/3849
f 397/5753/3690 408/5843/3747 415/5974/3832
f 894/5461/3484 907/5949/3817 899/5743/3683
f 4033/5957/3822 4031/5925/3800 4035/6004/3850
f 843/3230/2138 983/6005/3851 879/5064/2824
f 407/5891/3745 442/6006/3808 416/5977/3835
f 3495/5881/3771 3501/5978/3836 3496/5920/3796
f 4196/5660/3641 4209/6007/3852 4200/5781/3707
f 3929/5680/3654 3492/6008/3718 3932/5972/3831
f 3308/5985/3840 3304/5923/3799 3307/5975/3833
f 453/5770/3702 459/5828/3734 465/6009/3853
f 406/5837/3741 404/5827/3733 417/6010/3854
f 3505/5967/3827 3308/5985/3840 3309/6011/3855
f 3300/5856/3758 2883/6012/3856 2888/6013/3857
f 412/5911/3788 416/5977/3835 418/6014/3858
f 4030/5697/3665 4033/5957/3822 4036/6015/3859
f 411/6016/3782 419/6017/3860 457/6018/3730
f 2702/5668/3647 2719/5918/3794 2714/5844/3748
f 3309/6011/3855 3308/5985/3840 3310/6019/3861
f 90/5983/3838 420/6020/3862 442/5937/3808
f 404/5827/3733 415/5974/3832 417/6010/3854
f 4196/5660/3641 4203/5840/3744 4209/6007/3852
f 3302/5914/3780 2727/6021/3863 3305/6022/3807
f 3300/5856/3758 3305/5936/3807 2883/6012/3856
f 2712/5824/3731 2769/5790/3713 2770/5971/3830
f 2721/6023/3818 2767/5963/3689 2728/6024/3864
f 2767/5963/3689 2725/5965/3825 2728/6024/3864
f 2701/5661/3642 2724/5962/3824 2719/5918/3794
f 3465/5960/3695 3294/6025/3701 3502/6026/3865
f 3308/5985/3840 3307/5975/3833 3310/6019/3861
f 3498/5958/3823 3465/5960/3695 3502/6026/3865
f 3930/5829/3735 3934/6027/3866 3931/5858/3754
f 4205/5886/3774 4208/5988/3841 4193/5556/3576
f 693/6028/3663 694/6029/3867 684/6030/3789
f 4191/5544/3568 4202/5832/3738 4204/5880/3770
f 462/6031/3787 466/6032/3844 483/6033/3842
f 4106/6034/3596 4107/6035/3802 4108/6036/3868
f 3494/5814/3726 3497/5938/3809 3501/5978/3836
f 89/6000/3848 420/6037/3862 90/6001/3838
f 903/5817/3712 911/6038/3869 908/5966/3826
f 687/5806/3672 916/5935/3806 695/6039/3870
f 453/5770/3702 465/6009/3853 464/5954/3819
f 3300/5856/3758 2888/6013/3857 3307/5975/3833
f 2726/5984/3839 2718/5952/3766 2729/6040/3871
f 904/5879/3769 912/6041/3872 909/5969/3829
f 3498/5958/3823 3503/6042/3873 3497/5938/3809
f 3935/6043/3786 4029/6002/3633 3933/6003/3849
f 91/6044/3874 413/5999/3814 92/6045/3875
f 3933/6003/3849 3931/5858/3754 3934/6027/3866
f 685/6046/3876 699/6047/3876 703/6048/3876
f 910/5994/3845 907/5949/3817 896/5625/3618
f 2726/5984/3839 2729/6040/3871 2736/5998/3847
f 4204/5880/3770 4202/5832/3738 4210/6049/3877
f 2719/5918/3794 2730/6050/3878 2714/5844/3748
f 3309/6051/3855 3504/6052/3879 3505/6053/3827
f 3302/5914/3780 2716/5853/3757 2731/6054/3880
f 4030/5697/3665 4036/6015/3859 4032/5932/3804
f 412/5911/3788 247/6055/3881 408/5843/3747
f 80/5838/3742 93/6056/3882 122/5927/3801
f 3490/5779/3705 3496/5920/3796 3500/5968/3828
f 908/5966/3826 913/6057/3883 690/5992/3795
f 696/6058/3750 684/6030/3789 697/6059/3884
f 419/6060/3860 459/5828/3734 457/5823/3730
f 456/5773/3704 483/5990/3842 606/5704/3607
f 3309/6051/3855 3310/6061/3861 3504/6052/3879
f 903/5817/3712 902/5809/3723 911/6038/3869
f 3310/6019/3861 3307/5975/3833 3504/6062/3879
f 3505/6053/3827 3504/6052/3879 3508/6063/3885
f 2727/6021/3863 3302/5914/3780 2732/6064/3886
f 687/5806/3672 695/6039/3870 689/5889/3776
f 442/5937/3808 420/6020/3862 97/6065/3887
f 2694/5575/3589 2714/5844/3748 2733/6066/3888
f 693/6028/3663 698/6067/3761 694/6029/3867
f 4206/5890/3777 4210/6049/3877 4202/5832/3738
f 4101/5691/3661 4103/5731/3644 4109/6068/3889
f 92/6045/3875 94/6069/3890 91/6044/3874
f 3506/6070/3891 3501/5978/3836 3497/5938/3809
f 4204/5880/3770 4210/6049/3877 4211/6071/3892
f 466/6032/3844 467/6072/3893 483/6033/3842
f 466/5993/3844 463/5939/3810 467/6073/3893
f 413/5999/3814 91/6044/3874 89/6000/3848
f 3305/6022/3807 2727/6021/3863 2883/6074/3856
f 4101/5691/3661 4109/6068/3889 4110/6075/3894
f 412/5911/3788 418/6014/3858 247/6055/3881
f 2716/5853/3757 2723/5956/3821 2731/6054/3880
f 4200/6076/3707 4209/6077/3852 4111/6078/3895
f 4032/5932/3804 4037/6079/3896 4034/5970/3820
f 904/5879/3769 914/6080/3897 912/6041/3872
f 2725/5965/3825 2770/5987/3830 2734/6081/3898
f 3508/6063/3885 3504/6052/3879 3507/6082/3899
f 3508/6083/3900 3507/6084/3900 3509/6085/3900
f 909/5969/3829 915/6086/3901 902/5809/3723
f 916/6087/3806 690/5992/3795 705/6088/3902
f 416/5977/3835 442/6006/3808 97/6089/3887
f 3508/6063/3885 3507/6082/3899 3510/6090/3903
f 406/5837/3741 417/6010/3854 421/6091/3904
f 2725/5965/3825 2734/6081/3898 2728/6024/3864
f 901/5749/3688 906/5940/3811 910/5994/3845
f 92/6045/3875 122/6092/3801 94/6069/3890
f 89/6000/3848 95/6093/3905 420/6037/3862
f 3302/5914/3780 2731/6054/3880 2732/6064/3886
f 3294/6025/3701 3505/6053/3827 3511/6094/3906
f 3508/6063/3885 3511/6094/3906 3505/6053/3827
f 902/5809/3723 915/6086/3901 911/6038/3869
f 3508/6063/3885 3510/6090/3903 3511/6094/3906
f 685/5723/3675 703/6095/3907 81/5862/3760
f 4207/5915/3791 4201/5830/3736 4208/5988/3841
f 904/5879/3769 899/5743/3683 914/6080/3897
f 688/5888/3593 689/5889/3776 692/5996/3846
f 2769/6096/3713 2784/6097/3908 2770/6098/3830
f 3507/6082/3899 3504/6052/3879 3307/6099/3833
f 2718/5901/3766 2694/5575/3589 2729/6100/3871
f 4101/5691/3661 4110/6075/3894 4102/5692/3662
f 2766/5851/3755 2713/5831/3737 2775/6101/3909
f 3511/6094/3906 3502/6026/3865 3294/6025/3701
f 4107/6035/3802 4200/6076/3707 4111/6078/3895
f 82/5864/3762 81/5862/3760 88/5991/3843
f 87/5976/3834 86/5933/3805 79/5834/3739
f 981/5884/3773 984/6102/3910 979/5674/3651
f 3496/5920/3796 3501/5978/3836 3512/6103/3911
f 979/5674/3651 984/6102/3910 985/6104/3912
f 4037/6079/3896 4032/5932/3804 4036/6015/3859
f 81/5862/3760 96/6105/3913 88/5991/3843
f 4112/6106/3792 4113/6107/3914 4197/5792/3643
f 4204/5880/3770 4211/6071/3892 4205/5886/3774
f 408/5843/3747 247/6055/3881 415/5974/3832
f 4203/5840/3744 4207/5915/3791 4212/6108/3915
f 411/5899/3782 406/5837/3741 421/6091/3904
f 696/6058/3750 697/6059/3884 699/6109/3709
f 2735/6110/3916 2729/6111/3916 2736/6112/3916
f 2736/5998/3847 2729/6040/3871 2771/6113/3917
f 4033/5957/3822 4035/6004/3850 4036/6015/3859
f 2729/6100/3871 2694/5575/3589 2737/6114/3918
f 982/5948/3816 979/5674/3651 985/6104/3912
f 419/6060/3860 424/6115/3919 459/5828/3734
f 411/6016/3782 421/6116/3904 419/6017/3860
f 610/5973/3793 468/6117/3920 2710/6118/3703
f 691/5995/3765 692/5996/3846 700/6119/3921
f 94/6069/3890 122/6092/3801 91/6044/3874
f 4113/6107/3914 4105/5903/3784 4197/5792/3643
f 3930/5829/3735 3932/5972/3831 3934/6027/3866
f 122/5927/3801 93/6056/3882 91/6120/3874
f 3492/6008/3718 3936/6121/3922 3932/5972/3831
f 415/5974/3832 443/6122/3923 417/6010/3854
f 3511/6094/3906 3510/6090/3903 3513/6123/3924
f 95/6093/3905 97/6124/3887 420/6037/3862
f 2721/6023/3818 2728/6024/3864 2734/6081/3898
f 621/5859/3541 469/6125/3925 461/5860/3759
f 2710/5772/3703 468/6126/3920 2724/5962/3824
f 3496/5920/3796 3512/6103/3911 3514/6127/3926
f 698/6067/3761 701/6128/3790 702/6129/3927
f 3510/6090/3903 3515/6130/3928 3513/6123/3924
f 2775/6101/3909 2713/5831/3737 2774/6131/3929
f 3510/6090/3903 3507/6082/3899 3515/6130/3928
f 2736/5997/3847 2774/6131/3929 2713/5831/3737
f 418/6014/3858 416/5977/3835 97/6089/3887
f 2731/6054/3880 2723/5956/3821 2738/6132/3930
f 417/6010/3854 443/6122/3923 421/6091/3904
f 2724/5962/3824 2739/6133/3931 2719/5918/3794
f 911/6038/3869 917/6134/3932 908/5966/3826
f 690/5992/3795 913/6057/3883 705/6088/3902
f 2766/5882/3755 2772/6135/3933 2769/5790/3713
f 86/5933/3805 87/5976/3834 98/6136/3934
f 909/5969/3829 912/6041/3872 915/6086/3901
f 2766/5851/3755 2775/6101/3909 2772/6137/3933
f 976/5566/3583 986/6138/3935 981/5884/3773
f 699/6109/3709 697/6059/3884 703/6139/3907
f 4103/5731/3644 4105/5903/3784 4114/6140/3936
f 700/6119/3921 701/6128/3790 691/5995/3765
f 88/5991/3843 99/6141/3937 87/5976/3834
f 4106/6034/3596 4108/6036/3868 4112/6106/3792
f 4205/5886/3774 4211/6071/3892 4043/6142/3938
f 913/6057/3883 908/5966/3826 917/6134/3932
f 2771/6143/3917 2729/6100/3871 2773/6144/3939
f 2723/5956/3821 2721/5950/3818 2738/6132/3930
f 907/5949/3817 918/6145/3940 899/5743/3683
f 3500/5968/3828 3496/5920/3796 3514/6127/3926
f 3503/6042/3873 3498/5958/3823 2906/6146/3941
f 418/6014/3858 97/6089/3887 247/6055/3881
f 2769/6096/3713 2772/6147/3933 2784/6097/3908
f 4034/5955/3820 4046/6148/3942 4206/5890/3777
f 3935/6043/3786 3933/6003/3849 3937/6149/3943
f 91/6120/3874 93/6056/3882 100/6150/3944
f 899/5743/3683 918/6145/3940 914/6080/3897
f 4103/5731/3644 4114/6140/3936 4109/6068/3889
f 4203/5840/3744 4212/6108/3915 4209/6007/3852
f 2721/6023/3818 2734/6081/3898 2740/6151/3945
f 907/5949/3817 910/5994/3845 919/6152/3946
f 2736/5998/3847 2771/6113/3917 2741/6153/3947
f 89/6000/3848 91/6044/3874 101/6154/3948
f 467/6072/3893 470/6155/3949 483/6033/3842
f 2733/6066/3888 2714/5844/3748 2737/6114/3918
f 2733/6066/3888 2737/6114/3918 2694/5575/3589
f 4107/6035/3802 4111/6078/3895 4115/6156/3950
f 4205/5886/3774 4043/6142/3938 4208/5988/3841
f 2721/6023/3818 2740/6151/3945 2742/6157/3951
f 3515/6130/3928 3507/6082/3899 3311/6158/3952
f 4208/5988/3841 4043/6142/3938 4042/6159/3953
f 3507/6082/3899 3307/6099/3833 3311/6158/3952
f 4143/5129/3302 4104/5894/3779 3896/6160/3954
f 689/5889/3776 704/6161/3955 692/5996/3846
f 3511/6094/3906 3513/6123/3924 2886/6162/3956
f 2771/6163/3917 2773/6164/3939 2741/6165/3947
f 3512/6103/3911 3501/5978/3836 3516/6166/3957
f 81/5862/3760 703/6095/3907 96/6105/3913
f 3935/5909/3786 4038/6167/3958 4031/5925/3800
f 98/6136/3934 87/5976/3834 99/6141/3937
f 3513/6123/3924 3515/6130/3928 3311/6158/3952
f 4207/5915/3791 4208/5988/3841 4117/6168/3959
f 3492/5798/3718 3500/5968/3828 3517/6169/3960
f 99/6141/3937 88/5991/3843 102/6170/3961
f 3492/6008/3718 3938/6171/3962 3936/6121/3922
f 2727/6021/3863 2743/6172/3963 2883/6074/3856
f 916/5935/3806 705/6173/3902 695/6039/3870
f 3513/6123/3924 3311/6158/3952 2886/6162/3956
f 2714/5844/3748 2744/6174/3964 2737/6114/3918
f 4212/6175/3915 4116/6176/3965 4209/6077/3852
f 3506/6070/3891 3497/5938/3809 3518/6177/3966
f 89/6000/3848 101/6154/3948 95/6093/3905
f 2724/5962/3824 468/6126/3920 2739/6133/3931
f 88/5991/3843 96/6105/3913 102/6170/3961
f 415/5974/3832 247/6055/3881 422/6178/3967
f 978/5670/3649 987/6179/3968 980/5810/3724
f 3935/6043/3786 3937/6149/3943 4038/6180/3958
f 3498/5958/3823 3502/6026/3865 2906/6146/3941
f 4035/6004/3850 3943/6181/3969 4036/6015/3859
f 467/6073/3893 463/5939/3810 471/6182/3970
f 467/6072/3893 471/6183/3970 470/6155/3949
f 4207/6184/3971 4117/6185/3971 4212/6186/3971
f 907/5949/3817 919/6152/3946 918/6145/3940
f 2738/6132/3930 2721/5950/3818 2742/6187/3951
f 2732/6064/3886 2743/6172/3963 2727/6021/3863
f 843/3230/2138 1305/3229/2231 983/6005/3851
f 3501/5978/3836 3506/6070/3891 3516/6166/3957
f 4035/6004/3850 4031/5925/3800 4039/6188/3972
f 2730/6050/3878 2719/5918/3794 2745/6189/3973
f 3518/6177/3966 3497/5938/3809 3503/6042/3873
f 2774/6190/3929 2736/5998/3847 2741/6153/3947
f 4112/6106/3792 4108/6036/3868 4113/6107/3914
f 80/5838/3742 103/6191/3974 93/6056/3882
f 483/5990/3842 472/6192/3975 606/5704/3607
f 80/5838/3742 86/5933/3805 103/6191/3974
f 2730/6050/3878 2746/6193/3976 2714/5844/3748
f 2773/6144/3939 2729/6100/3871 2752/6194/3977
f 459/5828/3734 424/6115/3919 465/6009/3853
f 701/6128/3790 706/6195/3978 702/6129/3927
f 2775/6196/3909 2774/6197/3929 2778/6198/3979
f 906/5940/3811 920/6199/3980 910/5994/3845
f 2741/6165/3947 2773/6164/3939 2747/6200/3981
f 2888/6013/3857 3311/6201/3952 3307/5975/3833
f 2883/6202/3856 2743/6203/3963 2884/6204/3982
f 95/6093/3905 101/6154/3948 97/6124/3887
f 4104/5894/3779 4102/5692/3662 4118/6205/3983
f 692/5996/3846 704/6161/3955 700/6119/3921
f 415/5974/3832 422/6178/3967 443/6122/3923
f 3506/6070/3891 3518/6177/3966 3519/6206/3984
f 684/6030/3789 707/6207/3985 697/6059/3884
f 982/5948/3816 921/6208/3986 906/5961/3811
f 704/6161/3955 689/5889/3776 708/6209/3987
f 2744/6174/3964 2714/5844/3748 2746/6193/3976
f 3934/6027/3866 3932/5972/3831 3936/6121/3922
f 2732/6064/3886 2731/6054/3880 2748/6210/3988
f 2741/6153/3947 2747/6211/3981 2774/6190/3929
f 2891/6212/3989 3502/6026/3865 3511/6094/3906
f 4209/6077/3852 4116/6176/3965 4111/6078/3895
f 700/6119/3921 706/6195/3978 701/6128/3790
f 2886/6162/3956 3311/6158/3952 2885/6213/3990
f 4107/6035/3802 4115/6156/3950 4108/6036/3868
f 984/6102/3910 988/6214/3991 985/6104/3912
f 3506/6070/3891 3519/6206/3984 3516/6166/3957
f 4208/6215/3841 4041/6216/3992 4117/6217/3959
f 698/6067/3761 702/6129/3927 694/6029/3867
f 2906/6146/3941 3502/6026/3865 2891/6212/3989
f 2747/6200/3981 2773/6164/3939 2749/6218/3993
f 91/6044/3874 100/6219/3944 101/6154/3948
f 2743/6172/3963 2732/6064/3886 2748/6210/3988
f 2773/6144/3939 2752/6194/3977 2749/6220/3993
f 707/6207/3985 684/6030/3789 694/6029/3867
f 483/5990/3842 470/6221/3949 472/6192/3975
f 422/6178/3967 423/6222/3994 443/6122/3923
f 4110/6075/3894 4118/6205/3983 4102/5692/3662
f 424/6223/3919 419/6017/3860 425/6224/3995
f 2775/6196/3909 2778/6198/3979 2772/6147/3933
f 978/5670/3649 1205/6225/3996 987/6179/3968
f 2740/6151/3945 2734/6081/3898 2770/5987/3830
f 419/6017/3860 421/6116/3904 425/6224/3995
f 2886/6162/3956 2892/6226/3997 3511/6094/3906
f 97/6227/3887 246/6228/3998 247/6229/3881
f 2885/6230/3990 3521/6231/3999 2886/6232/3956
f 3512/6103/3911 3520/6233/4000 3514/6127/3926
f 2738/6132/3930 2742/6187/3951 2750/6234/4001
f 2885/6230/3990 3311/6235/3952 2887/6236/4002
f 96/6237/3913 703/6139/3907 709/6238/4003
f 2886/6162/3956 3521/6239/3999 2892/6226/3997
f 4034/5955/3820 4037/6240/3896 4046/6148/3942
f 424/6115/3919 428/6241/4004 465/6009/3853
f 2730/6050/3878 2745/6189/3973 2746/6193/3976
f 981/5884/3773 988/6214/3991 984/6102/3910
f 982/5948/3816 985/6104/3912 921/6208/3986
f 4035/6004/3850 4039/6188/3972 3943/6181/3969
f 4111/6078/3895 4116/6176/3965 4119/6242/4005
f 3521/6231/3999 2885/6230/3990 2887/6236/4002
f 4211/6071/3892 4210/6049/3877 4043/6142/3938
f 906/5940/3811 921/6243/3986 920/6199/3980
f 4039/6244/3972 4031/6245/3800 4038/6180/3958
f 915/6086/3901 912/6041/3872 922/6246/4006
f 705/6088/3902 913/6057/3883 917/6134/3932
f 101/6154/3948 246/6247/3998 97/6124/3887
f 879/5064/2824 983/6005/3851 978/5670/3649
f 421/6116/3904 443/6248/3923 426/6249/4007
f 2743/6172/3963 2748/6210/3988 2751/6250/4008
f 4105/5903/3784 4113/6107/3914 4114/6140/3936
f 2751/6250/4008 2731/6054/3880 2738/6132/3930
f 470/6155/3949 471/6183/3970 472/6251/3975
f 2747/6200/3981 2749/6218/3993 2752/6252/3977
f 2747/6253/4009 2752/6254/4009 2753/6255/4009
f 423/6222/3994 427/6256/4010 443/6122/3923
f 3511/6094/3906 2892/6226/3997 2891/6212/3989
f 3492/6008/3718 3517/6257/3960 3938/6171/3962
f 914/6080/3897 922/6246/4006 912/6041/3872
f 3517/6169/3960 3500/5968/3828 3514/6127/3926
f 703/6139/3907 697/6059/3884 709/6238/4003
f 2747/6211/3981 2753/6258/4011 2755/6259/4012
f 2746/6193/3976 2788/6260/4013 2744/6174/3964
f 976/5566/3583 980/5810/3724 986/6138/3935
f 2748/6210/3988 2731/6054/3880 2751/6250/4008
f 463/5939/3810 458/5826/3732 471/6182/3970
f 2729/6100/3871 2754/6261/4014 2752/6194/3977
f 247/6055/3881 248/6262/4015 422/6178/3967
f 2888/6263/3857 2887/6236/4002 3311/6235/3952
f 471/6183/3970 473/6264/4016 472/6251/3975
f 443/6248/3923 427/6265/4010 426/6249/4007
f 424/6223/3919 425/6224/3995 428/6266/4004
f 2719/5918/3794 2739/6133/3931 2745/6189/3973
f 421/6116/3904 426/6249/4007 425/6224/3995
f 3516/6166/3957 3519/6206/3984 3512/6103/3911
f 4143/6267/3302 3895/6268/4017 1304/6269/4018
f 2770/6098/3830 2784/6097/3908 2776/6270/4019
f 2887/6236/4002 2888/6263/3857 2889/6271/4020
f 93/6056/3882 103/6191/3974 100/6150/3944
f 86/5933/3805 98/6136/3934 103/6191/3974
f 689/5889/3776 695/6039/3870 708/6209/3987
f 2743/6203/3963 2751/6272/4008 2890/6273/4021
f 621/5859/3541 606/6274/3607 469/6125/3925
f 2884/6204/3982 2743/6203/3963 2890/6273/4021
f 2755/6259/4012 2783/6275/4022 2747/6211/3981
f 2729/6100/3871 2737/6114/3918 2754/6261/4014
f 2891/6276/3989 2892/6277/3997 2893/6278/4023
f 2774/6190/3929 2747/6211/3981 2779/6279/4024
f 2774/6190/3929 2779/6279/4024 2778/6280/3979
f 695/6039/3870 710/6281/4025 708/6209/3987
f 2888/6263/3857 2883/6202/3856 2889/6271/4020
f 2892/6277/3997 3521/6231/3999 2893/6278/4023
f 2753/6282/4011 2752/6283/3977 2755/6284/4012
f 2737/6114/3918 2744/6174/3964 2788/6260/4013
f 458/5826/3732 464/5954/3819 263/6285/4026
f 4210/6049/3877 4206/5890/3777 4045/6286/4027
f 4042/6287/3953 4043/6288/3938 4044/6289/4028
f 247/6229/3881 246/6228/3998 248/6290/4015
f 422/6178/3967 248/6262/4015 423/6222/3994
f 2747/6211/3981 2783/6275/4022 2779/6279/4024
f 915/6086/3901 923/6291/4029 911/6038/3869
f 2755/6284/4012 2752/6283/3977 2762/6292/4030
f 606/6274/3607 472/6293/3975 258/6294/4031
f 915/6086/3901 922/6246/4006 923/6291/4029
f 3933/6003/3849 3939/6295/4032 3937/6149/3943
f 100/6150/3944 103/6191/3974 123/6296/4033
f 2755/6259/4012 2762/6297/4030 2783/6275/4022
f 2742/6157/3951 2740/6151/3945 2750/6298/4001
f 4208/6215/3841 4042/6287/3953 4041/6216/3992
f 610/5973/3793 461/5860/3759 468/6117/3920
f 981/5884/3773 986/6138/3935 988/6214/3991
f 3936/6121/3922 3940/6299/4034 3934/6027/3866
f 4115/6156/3950 4111/6078/3895 4119/6242/4005
f 2739/6133/3931 2756/6300/4035 2745/6189/3973
f 2737/6114/3918 2788/6260/4013 2754/6261/4014
f 2772/6147/3933 2778/6198/3979 2784/6097/3908
f 3512/6103/3911 3522/6301/4036 3520/6233/4000
f 100/6219/3944 104/6302/4037 101/6154/3948
f 3514/6127/3926 3520/6233/4000 3946/6303/4038
f 2739/6133/3931 468/6126/3920 2757/6304/4039
f 4036/6015/3859 4040/6305/4040 4037/6079/3896
f 101/6154/3948 105/6306/4041 246/6247/3998
f 2893/6278/4023 3521/6231/3999 2887/6236/4002
f 4143/5129/3302 3896/6160/3954 3895/6307/4017
f 461/5860/3759 469/6125/3925 474/6308/4042
f 248/6290/4015 249/6309/4043 423/6310/3994
f 471/6182/3970 266/6311/4044 473/6312/4016
f 983/6005/3851 1205/6225/3996 978/5670/3649
f 924/6313/4045 925/6314/4046 911/6038/3869
f 96/6237/3913 709/6238/4003 711/6315/4047
f 3934/6027/3866 3940/6299/4034 3933/6003/3849
f 3936/6121/3922 3941/6316/4048 3940/6299/4034
f 465/6009/3853 262/6317/4049 464/5954/3819
f 461/5860/3759 474/6308/4042 468/6117/3920
f 2770/5987/3830 2776/6318/4019 2740/6151/3945
f 3514/6127/3926 3946/6303/4038 3517/6169/3960
f 2738/6132/3930 2750/6234/4001 2751/6250/4008
f 2746/6193/3976 2745/6189/3973 2758/6319/4050
f 911/6038/3869 923/6291/4029 924/6313/4045
f 425/6224/3995 429/6320/4051 428/6266/4004
f 2906/6146/3941 2891/6212/3989 2897/6321/4052
f 3519/6206/3984 3522/6301/4036 3512/6103/3911
f 911/6038/3869 925/6314/4046 917/6134/3932
f 2890/6273/4021 2751/6272/4008 2759/6322/4053
f 919/6152/3946 910/5994/3845 920/6199/3980
f 694/6029/3867 702/6129/3927 712/6323/4054
f 4113/6107/3914 4120/6324/4055 4114/6140/3936
f 2783/6275/4022 2762/6297/4030 2761/6325/4056
f 4210/6049/3877 4049/6326/4057 4043/6142/3938
f 708/6209/3987 710/6281/4025 704/6161/3955
f 246/6228/3998 105/6327/4041 248/6290/4015
f 458/5826/3732 263/6285/4026 471/6182/3970
f 123/6328/4033 104/6302/4037 100/6219/3944
f 697/6059/3884 707/6207/3985 713/6329/4058
f 704/6161/3955 714/6330/4059 700/6119/3921
f 3517/6257/3960 3942/6331/4060 3938/6171/3962
f 4045/6286/4027 4206/5890/3777 4046/6148/3942
f 471/6182/3970 263/6285/4026 266/6311/4044
f 926/6332/4061 927/6333/4062 705/6088/3902
f 465/6009/3853 428/6241/4004 262/6317/4049
f 4210/6049/3877 4045/6286/4027 4049/6326/4057
f 2751/6250/4008 2750/6234/4001 2759/6334/4053
f 2889/6271/4020 2883/6202/3856 2894/6335/4063
f 2887/6236/4002 2889/6271/4020 2895/6336/4064
f 473/6264/4016 475/6337/4065 472/6251/3975
f 922/6246/4006 914/6080/3897 928/6338/4066
f 4037/6079/3896 4040/6305/4040 4053/6339/4067
f 2783/6275/4022 2761/6325/4056 2760/6340/4068
f 101/6154/3948 104/6302/4037 106/6341/4069
f 262/6317/4049 263/6285/4026 464/5954/3819
f 606/6274/3607 476/6342/4070 469/6125/3925
f 695/6039/3870 705/6173/3902 710/6281/4025
f 4212/6175/3915 4048/6343/4071 4116/6176/3965
f 705/6173/3902 927/6344/4062 710/6281/4025
f 4115/6156/3950 4113/6107/3914 4108/6036/3868
f 4120/6324/4055 4113/6107/3914 4121/6345/4072
f 924/6313/4045 923/6291/4029 929/6346/4073
f 2891/6276/3989 2893/6278/4023 2896/6347/4074
f 4036/6015/3859 3943/6181/3969 4040/6305/4040
f 2752/6194/3977 2754/6261/4014 2762/6348/4030
f 2887/6236/4002 2896/6347/4074 2893/6278/4023
f 2883/6202/3856 2884/6204/3982 2894/6335/4063
f 925/6314/4046 930/6349/4075 931/6350/4076
f 697/6059/3884 713/6329/4058 709/6238/4003
f 980/5810/3724 989/6351/4077 986/6138/3935
f 2758/6319/4050 2745/6189/3973 2756/6300/4035
f 2897/6352/4052 2891/6276/3989 2898/6353/4078
f 2777/6354/4079 2778/6355/3979 2779/6356/4024
f 2746/6193/3976 2758/6319/4050 2789/6357/4080
f 3933/6003/3849 3940/6299/4034 3939/6295/4032
f 2762/6358/4030 2754/6359/4014 2780/6360/4081
f 2884/6204/3982 2890/6273/4021 2899/6361/4082
f 2761/6362/4056 2762/6363/4030 2760/6364/4068
f 96/6105/3913 711/6365/4047 102/6170/3961
f 2740/6151/3945 2826/6366/4083 2750/6298/4001
f 4046/6148/3942 4037/6240/3896 4053/6367/4067
f 924/6313/4045 929/6346/4073 925/6314/4046
f 4113/6107/3914 4115/6156/3950 4121/6345/4072
f 4045/6368/4027 4046/6369/3942 4047/6370/4084
f 474/6308/4042 477/6371/4085 468/6117/3920
f 426/6249/4007 427/6265/4010 430/6372/4086
f 473/6312/4016 266/6311/4044 267/6373/4087
f 2756/6300/4035 2739/6133/3931 2786/6374/4088
f 930/6349/4075 925/6314/4046 929/6346/4073
f 2762/6363/4030 2780/6375/4081 2760/6364/4068
f 4122/6376/4089 4110/6075/3894 4109/6068/3889
f 921/6208/3986 985/6104/3912 938/6377/4090
f 713/6329/4058 715/6378/4091 709/6238/4003
f 2889/6271/4020 2894/6335/4063 2895/6336/4064
f 103/6191/3974 98/6136/3934 123/6296/4033
f 704/6161/3955 716/6379/4092 714/6330/4059
f 3943/6380/3969 4039/6244/3972 3944/6381/4093
f 4116/6176/3965 4061/6382/4094 4119/6242/4005
f 923/6291/4029 922/6246/4006 929/6346/4073
f 702/6129/3927 706/6195/3978 714/6330/4059
f 428/6266/4004 429/6320/4051 431/6383/4095
f 2739/6133/3931 2757/6304/4039 2786/6374/4088
f 2746/6193/3976 2789/6357/4080 2788/6260/4013
f 2898/6353/4078 2891/6276/3989 2896/6347/4074
f 473/6264/4016 267/6384/4087 475/6337/4065
f 99/6141/3937 102/6170/3961 107/6385/4096
f 700/6119/3921 714/6330/4059 706/6195/3978
f 4212/6386/3915 4117/6217/3959 4048/6387/4071
f 3936/6121/3922 3938/6171/3962 3941/6316/4048
f 931/6350/4076 917/6134/3932 925/6314/4046
f 98/6136/3934 99/6141/3937 108/6388/4097
f 426/6249/4007 429/6320/4051 425/6224/3995
f 427/6389/4010 423/6310/3994 250/6390/4098
f 423/6310/3994 249/6309/4043 251/6391/4099
f 2890/6273/4021 2900/6392/4100 2899/6361/4082
f 106/6341/4069 105/6306/4041 101/6154/3948
f 987/6179/3968 989/6351/4077 980/5810/3724
f 917/6134/3932 926/6332/4061 705/6088/3902
f 2898/6353/4078 2896/6347/4074 2901/6393/4101
f 2884/6204/3982 2899/6361/4082 2894/6335/4063
f 2760/6394/4068 2780/6395/4081 2781/6396/4102
f 2760/6394/4068 2781/6396/4102 2782/6397/4103
f 704/6161/3955 717/6398/4104 716/6379/4092
f 4109/6068/3889 4114/6140/3936 4122/6376/4089
f 2784/6097/3908 2778/6198/3979 2828/6399/4105
f 2760/6394/4068 2782/6397/4103 2783/6400/4022
f 711/6365/4047 720/6401/4106 102/6170/3961
f 2780/6395/4081 2825/6402/4107 2781/6396/4102
f 98/6136/3934 108/6388/4097 123/6296/4033
f 2781/6396/4102 2825/6402/4107 2782/6397/4103
f 704/6161/3955 710/6281/4025 718/6403/4108
f 4043/6288/3938 4049/6404/4057 4044/6289/4028
f 919/6152/3946 932/6405/4109 918/6145/3940
f 918/6145/3940 932/6405/4109 914/6080/3897
f 2780/6360/4081 2754/6359/4014 2825/6406/4107
f 423/6310/3994 251/6391/4099 250/6390/4098
f 2740/6151/3945 2776/6318/4019 2826/6366/4083
f 475/6337/4065 260/6407/4110 472/6251/3975
f 4038/6180/3958 3945/6408/4111 4039/6244/3972
f 2776/6270/4019 2784/6097/3908 2763/6409/4112
f 3517/6257/3960 3946/6410/4038 3942/6331/4060
f 930/6349/4075 929/6346/4073 931/6350/4076
f 3947/6411/4113 4040/6412/4040 3943/6380/3969
f 2758/6319/4050 2756/6300/4035 2764/6413/4114
f 2896/6347/4074 2902/6414/4115 2901/6393/4101
f 2887/6236/4002 2895/6336/4064 2896/6347/4074
f 719/6415/4116 720/6416/4106 711/6315/4047
f 472/6293/3975 260/6417/4110 258/6294/4031
f 2897/6352/4052 2898/6353/4078 2903/6418/4117
f 2890/6273/4021 2759/6322/4053 2900/6392/4100
f 919/6152/3946 933/6419/4118 932/6405/4109
f 3518/6177/3966 3503/6042/3873 2907/6420/4119
f 2906/6146/3941 2907/6420/4119 3503/6042/3873
f 694/6029/3867 712/6323/4054 721/6421/4120
f 2757/6422/4039 468/6117/3920 2785/6423/4121
f 4040/6412/4040 4056/6424/4122 4053/6425/4067
f 469/6125/3925 476/6342/4070 474/6308/4042
f 104/6302/4037 123/6328/4033 110/6426/4123
f 4042/6287/3953 4050/6427/4124 4041/6216/3992
f 99/6141/3937 107/6385/4096 108/6388/4097
f 4061/6382/4094 4116/6176/3965 4059/6428/4125
f 4042/6287/3953 4044/6289/4028 4050/6427/4124
f 704/6161/3955 718/6403/4108 717/6398/4104
f 2828/6429/4105 2763/6430/4112 2784/6431/3908
f 2757/6432/4126 2785/6433/4126 2786/6434/4126
f 914/6080/3897 932/6405/4109 928/6338/4066
f 4117/6217/3959 4041/6216/3992 4048/6387/4071
f 249/6309/4043 248/6290/4015 252/6435/4127
f 2750/6436/4001 2792/6437/4128 2759/6322/4053
f 709/6238/4003 719/6415/4116 711/6315/4047
f 267/6384/4087 478/6438/4129 475/6337/4065
f 4116/6176/3965 4048/6343/4071 4059/6428/4125
f 104/6302/4037 109/6439/4130 106/6341/4069
f 3937/6149/3943 3939/6295/4032 3948/6440/4131
f 476/6342/4070 479/6441/4132 474/6308/4042
f 4118/6205/3983 4110/6075/3894 4123/6442/4133
f 4038/6180/3958 3937/6149/3943 3948/6440/4131
f 709/6238/4003 715/6378/4091 722/6443/4134
f 921/6243/3986 934/6444/4135 920/6199/3980
f 2779/6356/4024 2783/6400/4022 2782/6397/4103
f 105/6306/4041 106/6341/4069 253/6445/4136
f 718/6403/4108 723/6446/4137 717/6398/4104
f 2776/6447/4019 2915/6448/4138 2826/6449/4083
f 2782/6450/4103 2825/6451/4107 2787/6452/4139
f 262/6317/4049 261/6453/4140 263/6285/4026
f 714/6330/4059 716/6379/4092 724/6454/4141
f 258/6294/4031 476/6342/4070 606/6274/3607
f 3941/6316/4048 3938/6171/3962 3949/6455/4142
f 105/6327/4041 253/6456/4136 248/6290/4015
f 713/6329/4058 725/6457/4143 715/6378/4091
f 4038/6180/3958 3948/6440/4131 3945/6408/4111
f 2754/6359/4014 2788/6458/4013 2829/6459/4144
f 4119/6242/4005 4124/6460/4145 4115/6156/3950
f 429/6320/4051 426/6249/4007 430/6372/4086
f 2898/6353/4078 2901/6393/4101 2903/6418/4117
f 4110/6075/3894 4122/6376/4089 4123/6442/4133
f 2895/6336/4064 2894/6335/4063 2904/6461/4146
f 917/6134/3932 931/6350/4076 926/6332/4061
f 4104/5894/3779 4118/6205/3983 3898/6462/4147
f 702/6129/3927 714/6330/4059 726/6463/4148
f 988/6214/3991 990/6464/4149 991/6465/4150
f 2900/6392/4100 2759/6322/4053 2905/6466/4151
f 4040/6412/4040 3947/6411/4113 4056/6424/4122
f 4104/5894/3779 3898/6462/4147 3896/6160/3954
f 123/6467/4152 124/6468/4152 110/6469/4152
f 475/6337/4065 478/6438/4129 260/6407/4110
f 719/6415/4116 709/6238/4003 722/6443/4134
f 104/6302/4037 110/6426/4123 109/6439/4130
f 3938/6171/3962 3942/6331/4060 3949/6455/4142
f 694/6029/3867 721/6421/4120 707/6207/3985
f 108/6388/4097 124/6470/4153 123/6296/4033
f 253/6456/4136 252/6435/4127 248/6290/4015
f 2906/6471/3941 2897/6352/4052 2907/6472/4119
f 712/6323/4054 702/6129/3927 726/6463/4148
f 988/6214/3991 991/6465/4150 985/6104/3912
f 249/6309/4043 254/6473/4154 251/6391/4099
f 2764/6474/4114 2789/6475/4080 2758/6476/4050
f 102/6170/3961 720/6401/4106 107/6385/4096
f 2782/6450/4103 2787/6452/4139 2790/6477/4155
f 3520/6233/4000 3522/6301/4036 3519/6206/3984
f 2787/6452/4139 2825/6451/4107 2827/6478/4156
f 3943/6380/3969 3944/6381/4093 3947/6411/4113
f 4047/6370/4084 4051/6479/4157 4045/6368/4027
f 2897/6352/4052 2903/6418/4117 2907/6472/4119
f 4119/6242/4005 4061/6382/4094 4124/6460/4145
f 4049/6404/4057 4045/6368/4027 4051/6479/4157
f 928/6338/4066 935/6480/4158 936/6481/4159
f 427/6389/4010 250/6390/4098 255/6482/4160
f 427/6389/4010 255/6482/4160 256/6483/4161
f 3520/6233/4000 3519/6206/3984 3957/6484/4162
f 985/6104/3912 991/6465/4150 938/6377/4090
f 260/6485/4110 257/6486/4163 258/6487/4031
f 4115/6156/3950 4124/6460/4145 4121/6345/4072
f 253/6445/4136 106/6341/4069 111/6488/4164
f 919/6152/3946 920/6199/3980 937/6489/4165
f 919/6152/3946 937/6489/4165 933/6419/4118
f 921/6243/3986 938/6490/4090 934/6444/4135
f 262/6491/4166 428/6492/4166 432/6493/4166
f 2787/6452/4139 2827/6478/4156 2790/6494/4155
f 429/6320/4051 430/6372/4086 431/6383/4095
f 4039/6244/3972 3945/6408/4111 3944/6381/4093
f 2825/6406/4107 2754/6359/4014 2791/6495/4167
f 3950/6496/4168 3940/6299/4034 3949/6455/4142
f 2896/6347/4074 2895/6336/4064 2902/6414/4115
f 988/6214/3991 986/6138/3935 990/6464/4149
f 4049/6404/4057 4052/6497/4169 4044/6289/4028
f 4053/6498/4067 4054/6499/4170 4046/6369/3942
f 2788/6500/4013 2789/6475/4080 2829/6501/4144
f 3940/6299/4034 3941/6316/4048 3949/6455/4142
f 3518/6177/3966 2907/6420/4119 3519/6206/3984
f 468/6117/3920 477/6371/4085 2785/6423/4121
f 2894/6335/4063 2899/6361/4082 2904/6461/4146
f 4120/6324/4055 4125/6502/4171 4114/6140/3936
f 2750/6503/4172 2826/6504/4172 2792/6505/4172
f 707/6207/3985 721/6421/4120 713/6329/4058
f 2901/6393/4101 2908/6506/4173 2903/6418/4117
f 2782/6397/4103 2790/6494/4155 2779/6356/4024
f 928/6338/4066 936/6481/4159 922/6246/4006
f 989/6351/4077 987/6179/3968 1207/6507/4174
f 3942/6331/4060 3946/6410/4038 3951/6508/4175
f 108/6388/4097 112/6509/4176 124/6470/4153
f 4047/6370/4084 4046/6369/3942 4054/6499/4170
f 928/6338/4066 932/6405/4109 935/6480/4158
f 107/6385/4096 720/6401/4106 730/6510/4177
f 713/6329/4058 721/6421/4120 725/6457/4143
f 430/6511/4086 427/6389/4010 256/6483/4161
f 932/6405/4109 933/6419/4118 939/6512/4178
f 478/6513/4129 259/6514/4179 260/6515/4110
f 712/6323/4054 726/6463/4148 727/6516/4180
f 2908/6506/4173 2901/6393/4101 2902/6414/4115
f 3940/6299/4034 3950/6496/4168 3939/6295/4032
f 715/6378/4091 725/6457/4143 722/6443/4134
f 2825/6406/4107 2791/6495/4167 2827/6517/4156
f 432/6518/4181 261/6519/4140 262/6520/4049
f 263/6521/4026 261/6519/4140 264/6522/4182
f 716/6379/4092 717/6398/4104 724/6454/4141
f 428/6523/4004 431/6524/4095 265/6525/4183
f 4044/6289/4028 4052/6497/4169 4050/6427/4124
f 4121/6345/4072 4126/6526/4184 4120/6324/4055
f 927/6344/4062 718/6403/4108 710/6281/4025
f 717/6398/4104 723/6446/4137 724/6454/4141
f 266/6527/4044 263/6521/4026 264/6522/4182
f 2756/6300/4035 2786/6374/4088 2764/6413/4114
f 478/6513/4129 267/6528/4087 259/6514/4179
f 2790/6494/4155 2827/6478/4156 2793/6529/4185
f 2790/6494/4155 2793/6529/4185 2794/6530/4186
f 430/6511/4086 256/6483/4161 268/6531/4187
f 249/6309/4043 252/6435/4127 254/6473/4154
f 2776/6447/4019 2763/6430/4112 2915/6448/4138
f 4041/6216/3992 4055/6532/4188 4048/6387/4071
f 110/6426/4123 124/6533/4153 113/6534/4189
f 2794/6530/4186 2795/6535/4190 2790/6494/4155
f 253/6456/4136 269/6536/4191 252/6435/4127
f 2899/6361/4082 2900/6392/4100 2904/6461/4146
f 2779/6356/4024 2790/6494/4155 2795/6535/4190
f 124/6533/4153 112/6537/4176 113/6534/4189
f 260/6515/4110 259/6514/4179 257/6486/4163
f 2759/6322/4053 2792/6437/4128 2905/6466/4151
f 3942/6331/4060 3951/6508/4175 3949/6455/4142
f 3939/6295/4032 3950/6496/4168 3948/6440/4131
f 2779/6356/4024 2795/6535/4190 2777/6354/4079
f 2904/6461/4146 2900/6392/4100 2909/6538/4192
f 714/6330/4059 724/6454/4141 726/6463/4148
f 4120/6324/4055 4126/6526/4184 4125/6502/4171
f 719/6415/4116 728/6539/4193 720/6416/4106
f 4122/6376/4089 4114/6140/3936 4125/6502/4171
f 920/6199/3980 934/6444/4135 937/6489/4165
f 251/6391/4099 254/6473/4154 250/6390/4098
f 259/6514/4179 267/6528/4087 266/6527/4044
f 1304/6540/4194 3783/6541/4194 1305/6542/4194
f 3520/6233/4000 3957/6484/4162 3523/6543/4195
f 3519/6206/3984 2911/6544/4196 3957/6484/4162
f 430/6511/4086 268/6531/4187 431/6524/4095
f 3944/6381/4093 3952/6545/4197 3947/6411/4113
f 2907/6472/4119 2903/6418/4117 2910/6546/4198
f 2778/6355/3979 2777/6354/4079 2796/6547/4199
f 933/6419/4118 937/6489/4165 939/6512/4178
f 2907/6472/4119 2911/6548/4196 3519/6549/3984
f 474/6308/4042 480/6550/4200 477/6371/4085
f 2827/6478/4156 2797/6551/4201 2793/6529/4185
f 927/6344/4062 729/6552/4202 718/6403/4108
f 2764/6474/4114 2786/6553/4088 2798/6554/4203
f 4053/6498/4067 4056/6555/4122 4054/6499/4170
f 4054/6499/4170 4057/6556/4204 4047/6370/4084
f 2794/6530/4186 2793/6529/4185 2797/6551/4201
f 2794/6530/4186 2797/6551/4201 2795/6535/4190
f 2900/6392/4100 2905/6466/4151 2912/6557/4205
f 2827/6517/4156 2791/6495/4167 2797/6558/4201
f 428/6523/4004 265/6525/4183 432/6518/4181
f 2915/6448/4138 2799/6559/4206 2826/6449/4083
f 268/6531/4187 256/6483/4161 270/6560/4207
f 929/6346/4073 940/6561/4208 931/6350/4076
f 107/6385/4096 730/6510/4177 108/6388/4097
f 2754/6359/4014 2829/6459/4144 2800/6562/4209
f 2789/6475/4080 2764/6474/4114 2801/6563/4210
f 3520/6564/4000 3523/6565/4195 3946/6410/4038
f 2791/6495/4167 2754/6359/4014 2800/6562/4209
f 2786/6553/4088 2802/6566/4211 2798/6554/4203
f 2905/6466/4151 2913/6567/4212 2912/6557/4205
f 4049/6404/4057 4051/6479/4157 4052/6497/4169
f 4041/6216/3992 4050/6427/4124 4058/6568/4213
f 108/6388/4097 730/6510/4177 112/6509/4176
f 4056/6424/4122 3947/6411/4113 3953/6569/4214
f 2915/6448/4138 2763/6430/4112 2833/6570/4215
f 2778/6355/3979 2796/6547/4199 2828/6571/4105
f 250/6390/4098 254/6473/4154 255/6482/4160
f 2903/6418/4117 2908/6506/4173 2910/6546/4198
f 253/6456/4136 111/6572/4164 269/6536/4191
f 4118/6205/3983 3901/6573/4216 3898/6462/4147
f 720/6416/4106 728/6539/4193 730/6574/4177
f 4118/6205/3983 4123/6442/4133 3901/6573/4216
f 931/6350/4076 941/6575/4217 926/6332/4061
f 106/6341/4069 109/6439/4130 111/6488/4164
f 3944/6381/4093 3945/6408/4111 3952/6545/4197
f 2895/6336/4064 2914/6576/4218 2902/6414/4115
f 2795/6535/4190 2797/6551/4201 2803/6577/4219
f 2915/6578/4138 2833/6579/4215 2799/6580/4206
f 4048/6387/4071 4055/6532/4188 4059/6581/4125
f 268/6531/4187 265/6525/4183 431/6524/4095
f 712/6323/4054 731/6582/4220 721/6421/4120
f 3946/6410/4038 3954/6583/4221 3951/6508/4175
f 2798/6554/4203 2801/6563/4210 2764/6474/4114
f 2895/6336/4064 2904/6461/4146 2914/6576/4218
f 927/6344/4062 732/6584/4222 729/6552/4202
f 922/6246/4006 936/6481/4159 929/6346/4073
f 2763/6430/4112 2828/6429/4105 2833/6570/4215
f 2803/6577/4219 2797/6551/4201 2804/6585/4223
f 479/6441/4132 323/6586/4224 474/6308/4042
f 931/6350/4076 942/6587/4225 941/6575/4217
f 4041/6216/3992 4058/6568/4213 4055/6532/4188
f 2797/6558/4201 2791/6495/4167 2804/6588/4223
f 258/6294/4031 479/6441/4132 476/6342/4070
f 4059/6581/4125 4055/6532/4188 4060/6589/4226
f 934/6444/4135 938/6490/4090 993/6590/4227
f 3895/6268/4017 3896/6591/3954 3897/6592/4228
f 474/6308/4042 323/6586/4224 480/6550/4200
f 266/6527/4044 264/6522/4182 259/6514/4179
f 268/6531/4187 270/6560/4207 265/6525/4183
f 2904/6461/4146 2916/6593/4229 2914/6576/4218
f 3523/6565/4195 3954/6583/4221 3946/6410/4038
f 2907/6472/4119 2910/6546/4198 2917/6594/4230
f 109/6439/4130 110/6426/4123 114/6595/4231
f 269/6536/4191 111/6572/4164 115/6596/4232
f 932/6405/4109 939/6512/4178 943/6597/4233
f 3952/6545/4197 3953/6569/4214 3947/6411/4113
f 3950/6496/4168 3955/6598/4234 3948/6440/4131
f 4061/6599/4094 4059/6581/4125 4060/6589/4226
f 4121/6345/4072 4124/6460/4145 4127/6600/4235
f 2902/6414/4115 2914/6576/4218 2908/6506/4173
f 432/6518/4181 271/6601/4236 261/6519/4140
f 477/6371/4085 481/6602/4237 2785/6423/4121
f 2786/6603/4088 2785/6423/4121 330/6604/4238
f 2904/6461/4146 2909/6538/4192 2916/6593/4229
f 721/6421/4120 731/6582/4220 733/6605/4239
f 2792/6437/4128 2913/6567/4212 2905/6466/4151
f 477/6371/4085 480/6550/4200 481/6602/4237
f 479/6606/4132 258/6487/4031 272/6607/4240
f 1305/6608/2231 3783/6609/4241 983/6610/3851
f 4126/6526/4184 4121/6345/4072 4128/6611/4242
f 257/6486/4163 272/6607/4240 258/6487/4031
f 729/6552/4202 732/6584/4222 734/6612/4243
f 2795/6535/4190 2803/6577/4219 2805/6613/4244
f 2792/6437/4128 2826/6614/4083 2918/6615/4245
f 2803/6577/4219 2804/6585/4223 2805/6613/4244
f 989/6351/4077 1207/6507/4174 986/6138/3935
f 983/6610/3851 1204/6616/4246 1205/6617/3996
f 4121/6345/4072 4127/6600/4235 4128/6611/4242
f 4050/6427/4124 4052/6497/4169 4062/6618/4247
f 4047/6370/4084 4057/6556/4204 4063/6619/4248
f 4047/6370/4084 4063/6619/4248 4051/6479/4157
f 935/6480/4158 932/6405/4109 943/6597/4233
f 722/6443/4134 728/6539/4193 719/6415/4116
f 712/6323/4054 727/6516/4180 735/6620/4249
f 269/6536/4191 273/6621/4250 252/6435/4127
f 2789/6475/4080 2801/6563/4210 2829/6501/4144
f 4056/6424/4122 3953/6569/4214 4073/6622/4251
f 4124/6460/4145 4061/6382/4094 4129/6623/4252
f 731/6582/4220 736/6624/4253 733/6605/4239
f 3950/6496/4168 3949/6455/4142 3956/6625/4254
f 712/6323/4054 735/6620/4249 731/6582/4220
f 3957/6626/4162 2911/6627/4196 3523/6565/4195
f 4054/6499/4170 4064/6628/4255 4057/6556/4204
f 927/6333/4062 926/6332/4061 941/6575/4217
f 111/6488/4164 114/6595/4231 115/6629/4232
f 109/6439/4130 114/6595/4231 111/6488/4164
f 938/6377/4090 992/6630/4256 993/6631/4227
f 2777/6354/4079 2806/6632/4257 2796/6547/4199
f 2777/6354/4079 2795/6535/4190 2805/6613/4244
f 3945/6408/4111 3948/6440/4131 3958/6633/4258
f 2900/6392/4100 2919/6634/4259 2909/6538/4192
f 3952/6545/4197 3945/6408/4111 3959/6635/4260
f 986/6138/3935 994/6636/4261 990/6464/4149
f 252/6435/4127 273/6621/4250 254/6473/4154
f 929/6346/4073 936/6481/4159 940/6561/4208
f 110/6426/4123 113/6534/4189 114/6595/4231
f 2826/6614/4083 2799/6580/4206 2918/6615/4245
f 987/6637/3968 1205/6617/3996 1206/6638/4262
f 432/6518/4181 265/6525/4183 271/6601/4236
f 2805/6613/4244 2806/6632/4257 2777/6354/4079
f 723/6446/4137 718/6403/4108 734/6612/4243
f 2910/6546/4198 2908/6506/4173 2914/6576/4218
f 931/6350/4076 940/6561/4208 942/6587/4225
f 725/6457/4143 721/6421/4120 733/6605/4239
f 256/6483/4161 255/6482/4160 270/6560/4207
f 3948/6440/4131 3955/6598/4234 3958/6633/4258
f 2900/6392/4100 2912/6557/4205 2919/6634/4259
f 724/6454/4141 723/6446/4137 737/6639/4263
f 729/6552/4202 734/6612/4243 718/6403/4108
f 2911/6627/4196 3960/6640/4264 3523/6565/4195
f 2913/6567/4212 2792/6437/4128 2920/6641/4265
f 4054/6499/4170 4056/6555/4122 4064/6628/4255
f 927/6344/4062 941/6642/4217 732/6584/4222
f 270/6560/4207 274/6643/4266 265/6525/4183
f 115/6629/4232 114/6595/4231 116/6644/4267
f 937/6489/4165 934/6444/4135 944/6645/4268
f 2917/6594/4230 2910/6546/4198 2921/6646/4269
f 261/6519/4140 271/6601/4236 264/6522/4182
f 2786/6553/4088 330/6647/4238 2802/6566/4211
f 4050/6427/4124 4062/6618/4247 4058/6568/4213
f 986/6138/3935 1209/6648/4270 994/6636/4261
f 112/6537/4176 117/6649/4271 113/6534/4189
f 726/6463/4148 724/6454/4141 737/6639/4263
f 726/6463/4148 737/6639/4263 727/6516/4180
f 2807/6650/4272 2796/6547/4199 2806/6632/4257
f 2907/6472/4119 2917/6594/4230 2911/6548/4196
f 2909/6538/4192 2919/6634/4259 2922/6651/4273
f 2829/6501/4144 2801/6563/4210 2831/6652/4274
f 993/6590/4227 944/6645/4268 934/6444/4135
f 3945/6408/4111 3958/6633/4258 3959/6635/4260
f 731/6582/4220 735/6620/4249 736/6624/4253
f 4052/6497/4169 4051/6479/4157 4065/6653/4275
f 2805/6613/4244 2804/6585/4223 2808/6654/4276
f 937/6489/4165 944/6645/4268 939/6512/4178
f 4124/6460/4145 4129/6623/4252 4127/6600/4235
f 990/6464/4149 1212/6655/4277 991/6465/4150
f 3960/6656/4264 2911/6548/4196 2917/6594/4230
f 2792/6437/4128 2918/6615/4245 2920/6641/4265
f 938/6377/4090 991/6465/4150 992/6630/4256
f 935/6480/4158 945/6657/4278 936/6481/4159
f 935/6480/4158 943/6597/4233 945/6657/4278
f 723/6446/4137 738/6658/4279 737/6639/4263
f 986/6138/3935 1207/6507/4174 1209/6648/4270
f 730/6574/4177 739/6659/4280 112/6660/4176
f 2910/6546/4198 2914/6576/4218 2921/6646/4269
f 990/6464/4149 994/6636/4261 1212/6655/4277
f 4125/6502/4171 4126/6526/4184 4130/6661/4281
f 727/6516/4180 737/6639/4263 740/6662/4282
f 735/6620/4249 727/6516/4180 740/6662/4282
f 2802/6566/4211 2809/6663/4283 2798/6554/4203
f 113/6534/4189 117/6649/4271 114/6595/4231
f 3896/6160/3954 3898/6462/4147 3897/6664/4228
f 2829/6459/4144 2830/6665/4284 2800/6562/4209
f 2785/6423/4121 481/6602/4237 330/6604/4238
f 2805/6613/4244 2810/6666/4285 2806/6632/4257
f 2913/6567/4212 2920/6641/4265 2923/6667/4286
f 2919/6634/4259 2912/6557/4205 2924/6668/4287
f 2805/6613/4244 2808/6654/4276 2810/6669/4285
f 4126/6526/4184 4131/6670/4288 4130/6661/4281
f 255/6482/4160 275/6671/4289 270/6560/4207
f 2829/6672/4144 2811/6673/4290 2830/6674/4284
f 2791/6495/4167 2800/6562/4209 2808/6675/4276
f 732/6584/4222 941/6642/4217 947/6676/4291
f 254/6473/4154 273/6621/4250 276/6677/4292
f 3950/6496/4168 3956/6625/4254 3955/6598/4234
f 2810/6678/4285 2812/6679/4293 2806/6680/4257
f 257/6486/4163 277/6681/4294 272/6607/4240
f 2909/6538/4192 2925/6682/4295 2916/6593/4229
f 987/6637/3968 1206/6638/4262 1207/6683/4174
f 941/6575/4217 946/6684/4296 947/6685/4291
f 271/6601/4236 265/6525/4183 278/6686/4297
f 3953/6569/4214 3952/6545/4197 3961/6687/4298
f 330/6604/4238 481/6602/4237 482/6688/4299
f 2925/6682/4295 2909/6538/4192 2922/6651/4273
f 4126/6526/4184 4128/6611/4242 4131/6670/4288
f 2804/6588/4223 2791/6495/4167 2808/6675/4276
f 273/6621/4250 269/6536/4191 279/6689/4300
f 323/6690/4224 479/6691/4132 324/6692/4301
f 3952/6545/4197 3959/6635/4260 3962/6693/4302
f 272/6607/4240 325/6694/4303 479/6606/4132
f 939/6512/4178 944/6645/4268 948/6695/4304
f 254/6473/4154 280/6696/4305 255/6482/4160
f 723/6446/4137 734/6612/4243 738/6658/4279
f 2828/6571/4105 2796/6547/4199 2813/6697/4306
f 2919/6634/4259 2924/6668/4287 2922/6651/4273
f 269/6536/4191 115/6596/4232 279/6689/4300
f 2801/6563/4210 2814/6698/4307 2831/6652/4274
f 3960/6640/4264 3963/6699/4308 3523/6565/4195
f 4122/6376/4089 4125/6502/4171 4132/6700/4309
f 2829/6672/4144 2831/6701/4274 2811/6673/4290
f 116/6702/4267 279/6689/4300 115/6596/4232
f 722/6443/4134 741/6703/4310 728/6539/4193
f 4064/6704/4255 4056/6424/4122 4073/6622/4251
f 3964/6705/4311 3949/6455/4142 3951/6508/4175
f 265/6525/4183 274/6643/4266 278/6686/4297
f 2828/6706/4105 2813/6707/4306 2833/6708/4215
f 3959/6635/4260 3958/6633/4258 3962/6693/4302
f 2810/6709/4285 2808/6710/4276 2815/6711/4312
f 4051/6479/4157 4063/6619/4248 4065/6653/4275
f 273/6621/4250 281/6712/4313 276/6677/4292
f 2921/6646/4269 2914/6576/4218 2926/6713/4314
f 3951/6508/4175 3954/6583/4221 3965/6714/4315
f 3953/6569/4214 3961/6687/4298 3966/6715/4316
f 272/6607/4240 277/6681/4294 332/6716/4317
f 733/6605/4239 736/6624/4253 742/6717/4318
f 274/6643/4266 282/6718/4319 278/6686/4297
f 3953/6569/4214 3966/6715/4316 4073/6622/4251
f 3952/6545/4197 3962/6693/4302 3961/6687/4298
f 2914/6576/4218 2927/6719/4320 2926/6713/4314
f 255/6482/4160 280/6696/4305 275/6671/4289
f 259/6514/4179 264/6522/4182 283/6720/4321
f 2810/6678/4285 2815/6711/4312 2812/6679/4293
f 4122/6376/4089 4133/6721/4322 4123/6442/4133
f 2799/6580/4206 2928/6722/4323 2918/6615/4245
f 736/6624/4253 735/6620/4249 742/6717/4318
f 2798/6554/4203 2809/6663/4283 2801/6563/4210
f 940/6561/4208 936/6481/4159 949/6723/4324
f 936/6481/4159 945/6657/4278 949/6723/4324
f 728/6539/4193 741/6703/4310 730/6574/4177
f 4129/6623/4252 4061/6382/4094 4134/6724/4325
f 3951/6508/4175 3965/6714/4315 3964/6705/4311
f 276/6677/4292 280/6696/4305 254/6473/4154
f 3954/6583/4221 3523/6565/4195 3967/6725/4326
f 1205/6617/3996 1204/6616/4246 1208/6726/4327
f 257/6486/4163 259/6514/4179 277/6681/4294
f 939/6512/4178 948/6695/4304 943/6597/4233
f 993/6631/4227 992/6630/4256 952/6727/4328
f 2912/6557/4205 2913/6567/4212 2924/6668/4287
f 739/6659/4280 997/6728/4329 112/6660/4176
f 2921/6646/4269 3960/6656/4264 2917/6594/4230
f 4132/6700/4309 4125/6502/4171 4130/6661/4281
f 4052/6497/4169 4065/6653/4275 4066/6729/4330
f 4052/6497/4169 4066/6729/4330 4062/6618/4247
f 2796/6547/4199 2807/6650/4272 2813/6697/4306
f 2923/6667/4286 2920/6641/4265 2918/6615/4245
f 1207/6683/4174 1243/6730/4331 1209/6731/4270
f 730/6574/4177 741/6703/4310 739/6659/4280
f 737/6639/4263 743/6732/4332 740/6662/4282
f 3960/6656/4264 2921/6646/4269 2926/6713/4314
f 2812/6679/4293 2815/6711/4312 2816/6733/4333
f 2812/6679/4293 2816/6733/4333 2806/6680/4257
f 479/6691/4132 325/6734/4303 324/6692/4301
f 4133/6721/4322 4122/6376/4089 4132/6700/4309
f 277/6681/4294 259/6514/4179 284/6735/4334
f 2916/6593/4229 2927/6719/4320 2914/6576/4218
f 112/6537/4176 997/6736/4329 117/6649/4271
f 3523/6565/4195 3963/6699/4308 3967/6725/4326
f 272/6607/4240 332/6716/4317 325/6694/4303
f 3898/6462/4147 3901/6573/4216 4135/6737/4335
f 4057/6556/4204 4064/6628/4255 4063/6619/4248
f 2813/6707/4306 2807/6738/4272 2834/6739/4336
f 722/6443/4134 744/6740/4337 741/6703/4310
f 2801/6563/4210 2809/6663/4283 2814/6698/4307
f 323/6690/4224 326/6741/4338 480/6742/4200
f 2928/6722/4323 2799/6580/4206 2833/6579/4215
f 4134/6743/4325 4061/6599/4094 4060/6589/4226
f 1304/6269/4018 3895/6268/4017 3784/6744/4339
f 2806/6680/4257 2816/6733/4333 2836/6745/4340
f 2815/6711/4312 2808/6710/4276 2817/6746/4341
f 991/6465/4150 1212/6655/4277 992/6630/4256
f 2815/6711/4312 2817/6746/4341 2816/6733/4333
f 2925/6682/4295 2922/6651/4273 2929/6747/4342
f 275/6671/4289 285/6748/4343 286/6749/4344
f 2806/6632/4257 2836/6750/4340 2807/6650/4272
f 3949/6455/4142 3964/6705/4311 3968/6751/4345
f 3965/6714/4315 3954/6583/4221 3967/6725/4326
f 275/6671/4289 286/6749/4344 270/6560/4207
f 118/6752/4346 114/6595/4231 119/6753/4347
f 4058/6568/4213 4067/6754/4348 4055/6532/4188
f 274/6643/4266 270/6560/4207 282/6718/4319
f 3949/6455/4142 3968/6751/4345 3956/6625/4254
f 3897/6592/4228 3898/6755/4147 3899/6756/4349
f 116/6644/4267 114/6595/4231 118/6752/4346
f 4055/6532/4188 4067/6754/4348 4060/6589/4226
f 948/6695/4304 950/6757/4350 943/6597/4233
f 2927/6719/4320 2916/6593/4229 2929/6747/4342
f 2802/6566/4211 330/6647/4238 331/6758/4351
f 739/6659/4280 745/6759/4352 997/6728/4329
f 2809/6663/4283 2802/6566/4211 331/6758/4351
f 116/6644/4267 118/6752/4346 279/6760/4300
f 940/6561/4208 951/6761/4353 942/6587/4225
f 275/6671/4289 280/6696/4305 285/6748/4343
f 737/6639/4263 738/6658/4279 743/6732/4332
f 323/6690/4224 324/6692/4301 326/6741/4338
f 264/6522/4182 271/6601/4236 299/6762/4354
f 2916/6593/4229 2925/6682/4295 2929/6747/4342
f 2913/6567/4212 2923/6667/4286 2924/6668/4287
f 3956/6625/4254 3969/6763/4355 3955/6598/4234
f 941/6575/4217 942/6587/4225 946/6684/4296
f 993/6590/4227 952/6764/4328 953/6765/4356
f 3960/6640/4264 3970/6766/4357 3963/6699/4308
f 270/6560/4207 286/6749/4344 282/6718/4319
f 744/6740/4337 722/6443/4134 746/6767/4358
f 722/6443/4134 725/6457/4143 746/6767/4358
f 259/6514/4179 283/6720/4321 284/6735/4334
f 994/6636/4261 1209/6648/4270 1244/6768/4359
f 738/6658/4279 747/6769/4360 743/6732/4332
f 117/6649/4271 119/6753/4347 114/6595/4231
f 953/6765/4356 944/6645/4268 993/6590/4227
f 264/6522/4182 299/6762/4354 283/6720/4321
f 983/6610/3851 3783/6609/4241 1204/6616/4246
f 118/6770/4346 287/6771/4361 279/6689/4300
f 732/6584/4222 748/6772/4362 734/6612/4243
f 117/6649/4271 997/6736/4329 119/6753/4347
f 2831/6701/4274 2832/6773/4363 2811/6673/4290
f 481/6602/4237 480/6550/4200 482/6688/4299
f 3895/6268/4017 3897/6592/4228 3784/6744/4339
f 947/6676/4291 749/6774/4364 732/6584/4222
f 945/6657/4278 943/6597/4233 954/6775/4365
f 733/6605/4239 746/6767/4358 725/6457/4143
f 2928/6722/4323 2833/6579/4215 2930/6776/4366
f 324/6692/4301 325/6734/4303 327/6777/4367
f 738/6658/4279 734/6612/4243 750/6778/4368
f 949/6723/4324 951/6761/4353 940/6561/4208
f 284/6735/4334 288/6779/4369 277/6681/4294
f 1206/6638/4262 1243/6730/4331 1207/6683/4174
f 751/6780/4370 746/6767/4358 733/6605/4239
f 482/6781/4299 480/6742/4200 328/6782/4371
f 1212/6655/4277 995/6783/4372 992/6630/4256
f 738/6658/4279 750/6778/4368 747/6769/4360
f 4123/6442/4133 4133/6721/4322 3901/6573/4216
f 3964/6705/4311 3965/6714/4315 3971/6784/4373
f 2923/6667/4286 2918/6615/4245 2931/6785/4374
f 4127/6600/4235 4136/6786/4375 4128/6611/4242
f 2929/6747/4342 2922/6651/4273 2932/6787/4376
f 943/6597/4233 950/6757/4350 954/6775/4365
f 2924/6668/4287 2933/6788/4377 2922/6651/4273
f 2800/6562/4209 2817/6789/4341 2808/6675/4276
f 2834/6739/4336 2835/6790/4378 2813/6707/4306
f 2834/6739/4336 2807/6738/4272 2835/6790/4378
f 2816/6791/4333 2835/6790/4378 2836/6792/4340
f 273/6621/4250 279/6689/4300 281/6712/4313
f 2835/6790/4378 2807/6738/4272 2836/6792/4340
f 2816/6791/4333 2817/6793/4341 2837/6794/4379
f 482/6781/4299 329/6795/4380 330/6796/4238
f 992/6630/4256 995/6783/4372 952/6727/4328
f 748/6772/4362 732/6584/4222 749/6774/4364
f 739/6659/4280 741/6703/4310 745/6759/4352
f 4127/6600/4235 4129/6623/4252 4137/6797/4381
f 4129/6623/4252 4134/6724/4325 4137/6797/4381
f 740/6662/4282 752/6798/4382 735/6620/4249
f 4058/6568/4213 4068/6799/4383 4067/6754/4348
f 734/6612/4243 748/6772/4362 750/6778/4368
f 2922/6651/4273 2933/6788/4377 2932/6787/4376
f 2835/6790/4378 2816/6791/4333 2838/6800/4384
f 2923/6667/4286 2933/6788/4377 2924/6668/4287
f 2816/6791/4333 2837/6794/4379 2838/6800/4384
f 330/6796/4238 329/6795/4380 331/6801/4351
f 3958/6633/4258 3955/6598/4234 3962/6693/4302
f 947/6685/4291 955/6802/4385 749/6803/4364
f 4065/6653/4275 4063/6619/4248 4069/6804/4386
f 735/6620/4249 752/6798/4382 742/6717/4318
f 3901/6573/4216 4133/6721/4322 3902/6805/4387
f 1205/6617/3996 1208/6726/4327 1206/6638/4262
f 480/6742/4200 326/6741/4338 328/6782/4371
f 944/6645/4268 956/6806/4388 948/6695/4304
f 2800/6562/4209 2830/6665/4284 2817/6789/4341
f 752/6798/4382 740/6662/4282 743/6732/4332
f 2813/6707/4306 2839/6807/4389 2833/6708/4215
f 2837/6794/4379 2817/6808/4341 2840/6809/4390
f 2813/6707/4306 2835/6790/4378 2839/6807/4389
f 4127/6600/4235 4137/6797/4381 4136/6786/4375
f 733/6605/4239 742/6717/4318 753/6810/4391
f 325/6734/4303 332/6811/4317 333/6812/4392
f 2837/6794/4379 2840/6809/4390 2838/6800/4384
f 119/6753/4347 997/6736/4329 120/6813/4393
f 119/6753/4347 120/6813/4393 118/6752/4346
f 3960/6640/4264 2926/6814/4314 2927/6815/4320
f 997/6728/4329 745/6759/4352 998/6816/4394
f 3970/6766/4357 3960/6640/4264 2927/6815/4320
f 281/6712/4313 289/6817/4395 276/6677/4292
f 324/6692/4301 327/6777/4367 326/6741/4338
f 2839/6807/4389 2841/6818/4396 2833/6708/4215
f 3965/6714/4315 3967/6725/4326 3971/6784/4373
f 3967/6725/4326 3963/6699/4308 3971/6784/4373
f 947/6685/4291 946/6684/4296 955/6802/4385
f 280/6696/4305 290/6819/4397 285/6748/4343
f 325/6734/4303 333/6812/4392 327/6777/4367
f 278/6686/4297 299/6762/4354 271/6601/4236
f 741/6703/4310 754/6820/4398 745/6759/4352
f 3970/6766/4357 2927/6815/4320 3972/6821/4399
f 2929/6747/4342 2932/6787/4376 2934/6822/4400
f 2918/6615/4245 2928/6722/4323 2931/6785/4374
f 4064/6628/4255 4070/6823/4401 4063/6619/4248
f 4058/6568/4213 4062/6618/4247 4068/6799/4383
f 4065/6653/4275 4069/6804/4386 4066/6729/4330
f 3971/6784/4373 3963/6699/4308 3970/6766/4357
f 482/6781/4299 328/6782/4371 329/6795/4380
f 3956/6625/4254 3968/6751/4345 3969/6763/4355
f 997/6824/4329 998/6825/4394 120/6826/4393
f 942/6587/4225 955/6802/4385 946/6684/4296
f 4060/6589/4226 4067/6754/4348 4071/6827/4402
f 2841/6818/4396 2842/6828/4403 2833/6708/4215
f 4062/6618/4247 4072/6829/4404 4068/6799/4383
f 4064/6628/4255 4073/6830/4251 3977/6831/4405
f 743/6732/4332 755/6832/4406 752/6798/4382
f 2841/6818/4396 2839/6807/4389 2842/6828/4403
f 286/6749/4344 291/6833/4407 282/6718/4319
f 285/6748/4343 291/6833/4407 286/6749/4344
f 951/6761/4353 949/6723/4324 957/6834/4408
f 942/6587/4225 951/6761/4353 955/6802/4385
f 950/6757/4350 958/6835/4409 954/6775/4365
f 745/6759/4352 754/6820/4398 756/6836/4410
f 741/6703/4310 744/6740/4337 754/6820/4398
f 3964/6705/4311 3973/6837/4411 3968/6751/4345
f 279/6689/4300 287/6771/4361 292/6838/4412
f 2923/6667/4286 2931/6785/4374 2933/6788/4377
f 331/6758/4351 2818/6839/4413 2809/6663/4283
f 276/6677/4292 290/6819/4397 280/6696/4305
f 2927/6719/4320 2929/6747/4342 2934/6822/4400
f 2927/6719/4320 2934/6822/4400 3663/6840/4414
f 3902/6805/4387 4133/6721/4322 4138/6841/4415
f 2930/6842/4366 2833/6708/4215 2842/6828/4403
f 4060/6589/4226 4071/6827/4402 4134/6743/4325
f 3955/6598/4234 3974/6843/4416 3962/6693/4302
f 2831/6652/4274 2814/6698/4307 2832/6844/4363
f 2817/6808/4341 2830/6845/4284 2840/6809/4390
f 4131/6670/4288 4128/6611/4242 4139/6846/4417
f 4133/6721/4322 4132/6700/4309 4138/6841/4415
f 950/6757/4350 948/6695/4304 956/6806/4388
f 3898/6755/4147 4135/6847/4335 3899/6756/4349
f 3897/6592/4228 3899/6756/4349 3900/6848/4418
f 950/6757/4350 956/6806/4388 958/6835/4409
f 3966/6715/4316 3961/6687/4298 3975/6849/4419
f 2830/6674/4284 2811/6673/4290 2819/6850/4420
f 733/6605/4239 753/6810/4391 751/6780/4370
f 2838/6800/4384 2840/6809/4390 2843/6851/4421
f 118/6752/4346 121/6852/4422 287/6853/4361
f 2932/6787/4376 2933/6788/4377 2935/6854/4423
f 2809/6663/4283 2818/6839/4413 2814/6698/4307
f 118/6752/4346 120/6813/4393 121/6852/4422
f 3972/6821/4399 3976/6855/4424 3970/6766/4357
f 1209/6731/4270 1243/6730/4331 1244/6856/4359
f 949/6723/4324 959/6857/4425 957/6834/4408
f 949/6723/4324 945/6657/4278 959/6857/4425
f 3961/6687/4298 3962/6693/4302 3975/6849/4419
f 3977/6858/4405 4073/6622/4251 3978/6859/4426
f 3971/6784/4373 3970/6766/4357 3976/6855/4424
f 328/6782/4371 326/6741/4338 334/6860/4427
f 2933/6788/4377 2931/6785/4374 2936/6861/4428
f 4066/6729/4330 4072/6829/4404 4062/6618/4247
f 4066/6729/4330 4069/6804/4386 4074/6862/4429
f 4070/6823/4401 4064/6628/4255 4075/6863/4430
f 276/6677/4292 289/6817/4395 290/6819/4397
f 4131/6670/4288 4139/6846/4417 3908/6864/4431
f 3962/6693/4302 3979/6865/4432 3975/6849/4419
f 281/6712/4313 279/6689/4300 292/6838/4412
f 1243/6866/4331 1210/6867/4433 1244/6868/4359
f 756/6836/4410 754/6820/4398 1000/6869/4434
f 944/6645/4268 953/6765/4356 956/6806/4388
f 955/6802/4385 951/6761/4353 960/6870/4435
f 744/6740/4337 1000/6869/4434 754/6820/4398
f 4131/6670/4288 3908/6864/4431 4130/6661/4281
f 120/6826/4393 998/6825/4394 999/6871/4436
f 2832/6844/4363 2814/6698/4307 2820/6872/4437
f 4073/6622/4251 3966/6715/4316 3978/6859/4426
f 2838/6800/4384 2843/6851/4421 2844/6873/4438
f 2835/6790/4378 2845/6874/4439 2839/6807/4389
f 3974/6843/4416 3955/6598/4234 3980/6875/4440
f 277/6681/4294 288/6779/4369 332/6716/4317
f 4066/6729/4330 4074/6862/4429 4072/6829/4404
f 752/6798/4382 757/6876/4441 742/6717/4318
f 2814/6698/4307 2818/6839/4413 2820/6872/4437
f 2839/6807/4389 2845/6874/4439 2842/6828/4403
f 287/6771/4361 121/6877/4422 292/6838/4412
f 4064/6628/4255 3977/6831/4405 4075/6863/4430
f 283/6720/4321 293/6878/4442 284/6735/4334
f 3663/6879/4443 3664/6880/4443 2927/6881/4443
f 2835/6790/4378 2844/6873/4438 2845/6874/4439
f 3955/6598/4234 3969/6763/4355 3980/6875/4440
f 4069/6804/4386 4063/6619/4248 4070/6823/4401
f 289/6817/4395 281/6712/4313 292/6838/4412
f 3964/6705/4311 3971/6784/4373 3973/6837/4411
f 2838/6800/4384 2844/6873/4438 2835/6790/4378
f 750/6778/4368 748/6772/4362 758/6882/4444
f 951/6761/4353 957/6834/4408 960/6870/4435
f 2843/6851/4421 2840/6809/4390 2846/6883/4445
f 4130/6661/4281 3908/6864/4431 3907/6884/4446
f 4130/6661/4281 3907/6884/4446 4132/6700/4309
f 743/6732/4332 747/6769/4360 759/6885/4447
f 994/6636/4261 1244/6768/4359 1212/6655/4277
f 746/6767/4358 760/6886/4448 744/6740/4337
f 750/6778/4368 758/6882/4444 747/6769/4360
f 2843/6851/4421 2846/6887/4445 2844/6873/4438
f 742/6717/4318 757/6876/4441 753/6810/4391
f 282/6718/4319 294/6888/4449 278/6686/4297
f 331/6801/4351 329/6795/4380 335/6889/4450
f 756/6836/4410 1000/6869/4434 745/6759/4352
f 3783/6890/4241 1304/6891/4018 3784/6892/4339
f 2928/6722/4323 2930/6776/4366 2848/6893/4451
f 746/6767/4358 751/6780/4370 760/6886/4448
f 4075/6863/4430 4076/6894/4452 4070/6823/4401
f 328/6782/4371 336/6895/4453 329/6795/4380
f 2936/6861/4428 2931/6785/4374 2937/6896/4454
f 2927/6815/4320 3664/6897/4455 3972/6821/4399
f 4069/6804/4386 4070/6823/4401 4076/6894/4452
f 743/6732/4332 759/6885/4447 761/6898/4456
f 743/6732/4332 761/6898/4456 755/6832/4406
f 2932/6787/4376 2938/6899/4457 2934/6822/4400
f 4128/6611/4242 4136/6786/4375 4139/6846/4417
f 2844/6873/4438 2847/6900/4458 2845/6874/4439
f 2818/6839/4413 331/6758/4351 2821/6901/4459
f 289/6817/4395 295/6902/4460 290/6819/4397
f 2934/6822/4400 3664/6903/4455 3663/6840/4414
f 1211/6904/4461 995/6905/4372 1212/6906/4277
f 2932/6787/4376 2935/6854/4423 2938/6899/4457
f 1000/6869/4434 762/6907/4462 745/6759/4352
f 283/6720/4321 299/6762/4354 298/6908/4463
f 327/6777/4367 333/6812/4392 326/6741/4338
f 291/6833/4407 296/6909/4464 282/6718/4319
f 955/6910/4385 962/6911/4465 749/6774/4364
f 3968/6751/4345 3981/6912/4466 3969/6763/4355
f 4137/6797/4381 4134/6724/4325 4140/6913/4467
f 2937/6896/4454 2931/6785/4374 2939/6914/4468
f 3901/6915/4216 3902/6916/4387 3903/6917/4469
f 2811/6673/4290 2832/6773/4363 2819/6850/4420
f 278/6686/4297 294/6888/4449 299/6762/4354
f 2848/6893/4451 2931/6785/4374 2928/6722/4323
f 744/6740/4337 760/6886/4448 1000/6869/4434
f 2840/6809/4390 2830/6845/4284 2846/6883/4445
f 332/6811/4317 337/6918/4470 333/6812/4392
f 332/6716/4317 288/6779/4369 337/6919/4470
f 331/6801/4351 335/6889/4450 2821/6920/4459
f 2930/6842/4366 2842/6828/4403 2848/6921/4451
f 282/6718/4319 296/6909/4464 294/6888/4449
f 745/6922/4352 762/6923/4462 998/6825/4394
f 284/6735/4334 293/6878/4442 288/6779/4369
f 2933/6788/4377 2936/6861/4428 2935/6854/4423
f 751/6780/4370 753/6810/4391 763/6924/4471
f 4137/6797/4381 4140/6913/4467 4136/6786/4375
f 283/6720/4321 298/6908/4463 293/6878/4442
f 329/6795/4380 336/6895/4453 335/6889/4450
f 747/6769/4360 758/6882/4444 759/6885/4447
f 1212/6906/4277 1244/6868/4359 1211/6904/4461
f 953/6765/4356 961/6925/4472 956/6806/4388
f 1208/6726/4327 1213/6926/4473 1206/6638/4262
f 3966/6715/4316 3975/6849/4419 3978/6859/4426
f 762/6923/4462 1000/6927/4434 1001/6928/4474
f 4135/6847/4335 3901/6915/4216 3903/6917/4469
f 2934/6822/4400 3666/6929/4475 3664/6903/4455
f 3972/6821/4399 3664/6897/4455 3976/6855/4424
f 752/6798/4382 755/6832/4406 757/6876/4441
f 3897/6592/4228 3900/6848/4418 3784/6744/4339
f 285/6748/4343 297/6930/4476 291/6833/4407
f 2830/6931/4284 2849/6932/4477 2846/6933/4445
f 3974/6843/4416 3982/6934/4478 3962/6693/4302
f 2818/6839/4413 2866/6935/4479 2820/6872/4437
f 290/6819/4397 297/6930/4476 285/6748/4343
f 751/6780/4370 763/6924/4471 760/6886/4448
f 3666/6929/4475 2934/6822/4400 2940/6936/4480
f 3969/6763/4355 3981/6912/4466 3980/6875/4440
f 998/6825/4394 762/6923/4462 1002/6937/4481
f 958/6835/4409 956/6806/4388 1147/6938/4482
f 1244/6868/4359 1210/6867/4433 1214/6939/4483
f 298/6940/4484 299/6941/4484 300/6942/4484
f 749/6774/4364 764/6943/4485 748/6772/4362
f 758/6882/4444 748/6772/4362 765/6944/4486
f 120/6826/4393 999/6871/4436 121/6945/4422
f 748/6772/4362 766/6946/4487 765/6944/4486
f 121/6877/4422 301/6947/4488 292/6838/4412
f 3962/6693/4302 3982/6934/4478 3979/6865/4432
f 3982/6934/4478 3974/6843/4416 3980/6875/4440
f 749/6774/4364 962/6911/4465 764/6943/4485
f 4132/6700/4309 3907/6884/4446 4138/6841/4415
f 956/6806/4388 961/6925/4472 1147/6938/4482
f 4071/6827/4402 4067/6754/4348 4077/6948/4489
f 765/6944/4486 766/6946/4487 758/6882/4444
f 3971/6784/4373 3976/6855/4424 3983/6949/4490
f 4075/6863/4430 3977/6831/4405 4078/6950/4491
f 3784/6892/4339 3785/6951/4492 3783/6890/4241
f 998/6825/4394 1002/6937/4481 999/6871/4436
f 2844/6873/4438 2846/6887/4445 2847/6900/4458
f 2847/6900/4458 2846/6887/4445 2849/6952/4477
f 2931/6785/4374 2848/6893/4451 2939/6914/4468
f 761/6898/4456 759/6885/4447 767/6953/4493
f 955/6802/4385 960/6870/4435 962/6954/4465
f 999/6871/4436 1003/6955/4494 121/6945/4422
f 2934/6822/4400 2938/6899/4457 2940/6936/4480
f 3968/6751/4345 3973/6837/4411 3981/6912/4466
f 3983/6949/4490 3973/6837/4411 3971/6784/4373
f 4077/6948/4489 4067/6754/4348 4068/6799/4383
f 958/6835/4409 1150/6956/4495 954/6775/4365
f 4069/6804/4386 4076/6894/4452 4074/6862/4429
f 299/6762/4354 294/6888/4449 302/6957/4496
f 757/6876/4441 768/6958/4497 753/6810/4391
f 326/6741/4338 333/6812/4392 338/6959/4498
f 293/6878/4442 298/6908/4463 303/6960/4499
f 3664/6961/4455 3665/6962/4500 3976/6963/4424
f 1243/6866/4331 1215/6964/4501 1210/6867/4433
f 121/6945/4422 1003/6955/4494 304/6965/4502
f 328/6782/4371 334/6860/4427 339/6966/4503
f 962/6954/4465 960/6870/4435 963/6967/4504
f 2937/6896/4454 2941/6968/4505 2936/6861/4428
f 301/6947/4488 121/6877/4422 1007/6969/4506
f 1206/6970/4262 1215/6964/4501 1243/6866/4331
f 4068/6799/4383 4072/6829/4404 4079/6971/4507
f 4134/6743/4325 4080/6972/4508 4140/6973/4467
f 760/6886/4448 1006/6974/4509 1000/6869/4434
f 767/6953/4493 769/6975/4510 761/6898/4456
f 334/6860/4427 326/6741/4338 338/6959/4498
f 762/6923/4462 1001/6928/4474 1002/6937/4481
f 2830/6931/4284 2819/6976/4420 2849/6932/4477
f 121/6877/4422 304/6977/4502 1007/6969/4506
f 945/6657/4278 954/6775/4365 1150/6956/4495
f 2937/6896/4454 2939/6914/4468 2941/6968/4505
f 767/6953/4493 759/6885/4447 769/6975/4510
f 3978/6859/4426 3975/6849/4419 3984/6978/4511
f 3664/6961/4455 3666/6979/4475 3665/6962/4500
f 748/6772/4362 764/6943/4485 766/6946/4487
f 289/6817/4395 292/6838/4412 305/6980/4512
f 759/6885/4447 770/6981/4513 769/6975/4510
f 301/6947/4488 306/6982/4514 292/6838/4412
f 337/6918/4470 340/6983/4515 333/6812/4392
f 2822/6984/4516 2832/6844/4363 2820/6872/4437
f 999/6871/4436 1004/6985/4517 1003/6955/4494
f 4140/6913/4467 4139/6846/4417 4136/6786/4375
f 3984/6978/4511 3975/6849/4419 3985/6986/4518
f 1000/6927/4434 1005/6987/4519 1001/6928/4474
f 2842/6828/4403 2850/6988/4520 2848/6921/4451
f 757/6876/4441 771/6989/4521 768/6958/4497
f 1000/6927/4434 1006/6990/4509 1005/6987/4519
f 952/6764/4328 1146/6991/4522 953/6765/4356
f 4134/6743/4325 4071/6827/4402 4080/6972/4508
f 3977/6858/4405 3978/6859/4426 3984/6978/4511
f 289/6817/4395 305/6980/4512 295/6902/4460
f 768/6958/4497 771/6989/4521 753/6810/4391
f 945/6657/4278 1150/6956/4495 959/6857/4425
f 292/6838/4412 306/6982/4514 305/6980/4512
f 328/6782/4371 339/6966/4503 336/6895/4453
f 4076/6894/4452 4081/6992/4523 4074/6862/4429
f 769/6975/4510 770/6981/4513 761/6898/4456
f 760/6886/4448 763/6924/4471 1006/6974/4509
f 1211/6904/4461 1216/6993/4524 995/6905/4372
f 296/6909/4464 291/6833/4407 294/6888/4449
f 999/6871/4436 1002/6937/4481 1004/6985/4517
f 4135/6847/4335 3904/6994/4525 3899/6756/4349
f 957/6834/4408 964/6995/4526 960/6870/4435
f 759/6885/4447 758/6882/4444 770/6981/4513
f 2935/6854/4423 2942/6996/4527 2938/6899/4457
f 4076/6894/4452 4075/6863/4430 4081/6992/4523
f 2832/6997/4363 2851/6998/4528 2819/6976/4420
f 3902/6916/4387 3905/6999/4529 3903/6917/4469
f 953/7000/4356 1146/7001/4522 961/7002/4472
f 960/6870/4435 965/7003/4530 963/6967/4504
f 952/7004/4328 996/7005/4531 1146/7001/4522
f 761/6898/4456 772/7006/4532 755/6832/4406
f 957/6834/4408 959/6857/4425 964/6995/4526
f 2936/6861/4428 2941/6968/4505 2943/7007/4533
f 995/6905/4372 1216/6993/4524 996/7008/4531
f 2936/6861/4428 2943/7007/4533 2935/6854/4423
f 958/6835/4409 1149/7009/4534 1150/6956/4495
f 4139/6846/4417 4140/6913/4467 4141/7010/4535
f 1215/6964/4501 1217/7011/4536 1210/6867/4433
f 3977/6858/4405 3984/6978/4511 4078/7012/4491
f 4074/6862/4429 4082/7013/4537 4083/7014/4538
f 3981/6912/4466 3973/6837/4411 3986/7015/4539
f 2939/6914/4468 2848/6893/4451 2852/7016/4540
f 3902/6916/4387 4138/7017/4415 3905/6999/4529
f 2849/6932/4477 2819/6976/4420 2851/6998/4528
f 2941/6968/4505 2939/6914/4468 2852/7016/4540
f 960/6870/4435 964/6995/4526 965/7003/4530
f 3975/6849/4419 3979/6865/4432 3987/7018/4541
f 290/6819/4397 307/7019/4542 297/6930/4476
f 995/6783/4372 996/7020/4531 952/6727/4328
f 2818/7021/4413 2863/7022/4543 2866/7023/4479
f 333/6812/4392 340/6983/4515 338/6959/4498
f 761/6898/4456 770/6981/4513 772/7006/4532
f 2851/6998/4528 2832/6997/4363 2822/7024/4516
f 295/6902/4460 307/7019/4542 290/6819/4397
f 3980/6875/4440 3988/7025/4544 3982/6934/4478
f 755/6832/4406 772/7006/4532 773/7026/4545
f 2848/6921/4451 2850/6988/4520 2852/7027/4540
f 4072/6829/4404 4074/6862/4429 4083/7014/4538
f 757/6876/4441 755/6832/4406 773/7026/4545
f 763/6924/4471 753/6810/4391 771/6989/4521
f 3981/6912/4466 3988/7025/4544 3980/6875/4440
f 334/6860/4427 341/7028/4546 339/6966/4503
f 2849/6952/4477 2853/7029/4547 2847/6900/4458
f 305/6980/4512 306/6982/4514 308/7030/4548
f 3986/7015/4539 3988/7025/4544 3981/6912/4466
f 3906/7031/4549 3903/6917/4469 3905/6999/4529
f 335/6889/4450 342/7032/4550 2821/6920/4459
f 2818/7021/4413 2821/7033/4459 2863/7022/4543
f 337/6918/4470 288/7034/4369 343/7035/4551
f 3665/6962/4500 3666/6979/4475 3667/7036/4552
f 1149/7009/4534 958/6835/4409 1147/6938/4482
f 2940/6936/4480 2938/6899/4457 2942/6996/4527
f 1244/6868/4359 1214/6939/4483 1211/6904/4461
f 3987/7018/4541 3985/6986/4518 3975/6849/4419
f 1204/6616/4246 1308/7037/4553 1208/6726/4327
f 4135/6847/4335 3903/6917/4469 3904/6994/4525
f 335/6889/4450 336/6895/4453 342/7032/4550
f 757/6876/4441 773/7026/4545 1054/7038/4554
f 337/6918/4470 343/7035/4551 340/6983/4515
f 3976/6963/4424 3665/6962/4500 3983/7039/4490
f 3907/6884/4446 3908/6864/4431 4142/7040/4555
f 3666/6929/4475 2940/6936/4480 3667/7041/4552
f 3784/6744/4339 3900/6848/4418 3786/7042/4556
f 1003/6955/4494 1007/7043/4506 304/6965/4502
f 1003/6955/4494 1008/7044/4557 1007/7043/4506
f 2935/6854/4423 2943/7007/4533 2944/7045/4558
f 308/7030/4548 295/6902/4460 305/6980/4512
f 3907/7046/4446 4142/7047/4555 4138/7017/4415
f 4140/6913/4467 4086/7048/4559 4141/7010/4535
f 288/6779/4369 293/6878/4442 309/7049/4560
f 3783/7050/4241 3785/7051/4492 1306/7052/4561
f 2842/6828/4403 2854/7053/4562 2850/6988/4520
f 965/7003/4530 777/7054/4563 963/6967/4504
f 4139/6846/4417 4141/7010/4535 3909/7055/4564
f 1002/6937/4481 1009/7056/4565 1004/6985/4517
f 1001/6928/4474 1005/6987/4519 1002/6937/4481
f 758/6882/4444 774/7057/4566 770/6981/4513
f 4072/6829/4404 4083/7014/4538 4079/6971/4507
f 3983/7039/4490 3668/7058/4567 3973/7059/4411
f 2942/6996/4527 3667/7041/4552 2940/6936/4480
f 4074/6862/4429 4081/6992/4523 4082/7013/4537
f 962/6911/4465 775/7060/4568 764/6943/4485
f 2849/6932/4477 2851/6998/4528 2855/7061/4569
f 4138/7017/4415 4142/7047/4555 3905/6999/4529
f 3783/7050/4241 1306/7052/4561 1307/7062/4570
f 766/6946/4487 774/7057/4566 758/6882/4444
f 2853/7063/4547 2849/6932/4477 2856/7064/4571
f 4139/6846/4417 3909/7055/4564 3908/6864/4431
f 4075/6863/4430 4078/6950/4491 4084/7065/4572
f 1005/6987/4519 1010/7066/4573 1002/6937/4481
f 764/6943/4485 775/7060/4568 776/7067/4574
f 4071/6827/4402 4077/6948/4489 4080/6972/4508
f 1003/6955/4494 1004/6985/4517 1011/7068/4575
f 1003/6955/4494 1012/7069/4576 1008/7044/4557
f 766/6946/4487 764/6943/4485 776/7067/4574
f 288/7034/4369 309/7070/4560 343/7035/4551
f 963/7071/4504 775/7060/4568 962/6911/4465
f 1213/7072/4473 1245/7073/4577 1206/6970/4262
f 3783/7050/4241 1307/7062/4570 1204/7074/4246
f 299/6762/4354 302/6957/4496 298/6908/4463
f 2943/7007/4533 2941/6968/4505 2945/7075/4578
f 1211/6904/4461 1218/7076/4579 1216/6993/4524
f 775/7060/4568 963/7071/4504 777/7077/4563
f 3665/6962/4500 3667/7036/4552 3669/7078/4580
f 4077/6948/4489 4085/7079/4581 4080/6972/4508
f 1208/6726/4327 1308/7037/4553 1213/6926/4473
f 3983/7039/4490 3665/6962/4500 3668/7058/4567
f 1009/7056/4565 1011/7068/4575 1004/6985/4517
f 3987/7018/4541 3979/6865/4432 3982/6934/4478
f 3784/7080/4339 3786/7081/4556 3785/7082/4492
f 1006/6974/4509 763/6924/4471 771/6989/4521
f 4140/6973/4467 4080/6972/4508 4085/7079/4581
f 4068/6799/4383 4079/6971/4507 4077/6948/4489
f 303/6960/4499 310/7083/4582 293/6878/4442
f 2942/6996/4527 2935/6854/4423 2944/7045/4558
f 2847/6900/4458 2881/7084/4583 2845/6874/4439
f 1210/6867/4433 1217/7011/4536 1214/6939/4483
f 757/6876/4441 1054/7038/4554 771/6989/4521
f 965/7003/4530 966/7085/4584 777/7054/4563
f 1206/6970/4262 1245/7073/4577 1215/6964/4501
f 2847/6900/4458 2853/7029/4547 2881/7084/4583
f 339/6966/4503 344/7086/4585 336/6895/4453
f 1002/6937/4481 1010/7066/4573 1009/7056/4565
f 1003/6955/4494 1011/7068/4575 1012/7069/4576
f 308/7030/4548 307/7019/4542 295/6902/4460
f 4075/6863/4430 4084/7065/4572 4081/6992/4523
f 1058/7087/4586 1006/6990/4509 771/7088/4521
f 293/6878/4442 310/7083/4582 309/7049/4560
f 965/7003/4530 964/6995/4526 966/7085/4584
f 4140/6973/4467 4085/7079/4581 4086/7089/4559
f 2943/7007/4533 2945/7075/4578 2944/7045/4558
f 1008/7044/4557 1013/7090/4587 1007/7043/4506
f 3903/6917/4469 3906/7031/4549 3904/6994/4525
f 306/6982/4514 311/7091/4588 308/7030/4548
f 336/6895/4453 344/7086/4585 342/7032/4550
f 338/6959/4498 345/7092/4589 334/6860/4427
f 1147/7093/4482 961/7002/4472 1148/7094/4590
f 339/6966/4503 341/7028/4546 344/7086/4585
f 3669/7078/4580 3668/7058/4567 3665/6962/4500
f 2853/7063/4547 2856/7064/4571 2857/7095/4591
f 3899/6756/4349 3904/6994/4525 3900/6848/4418
f 4078/7012/4491 3984/6978/4511 3989/7096/4592
f 2852/7027/4540 2850/6988/4520 2858/7097/4593
f 334/6860/4427 345/7092/4589 341/7028/4546
f 1204/7074/4246 1307/7062/4570 1308/7098/4553
f 1147/7093/4482 1148/7094/4590 1149/7099/4534
f 2845/6874/4439 2859/7100/4594 2842/6828/4403
f 2856/7064/4571 2849/6932/4477 2855/7061/4569
f 342/7032/4550 346/7101/4595 2821/6920/4459
f 306/6982/4514 301/6947/4488 1016/7102/4596
f 4077/6948/4489 4079/6971/4507 4087/7103/4597
f 3668/7058/4567 3992/7104/4598 3973/7059/4411
f 3908/7105/4431 3909/7106/4564 3910/7107/4599
f 1008/7044/4557 1012/7069/4576 1013/7090/4587
f 3988/7025/4544 3990/7108/4600 3982/6934/4478
f 2850/6988/4520 2854/7053/4562 2858/7097/4593
f 2866/6935/4479 2823/7109/4601 2820/6872/4437
f 2856/7064/4571 2855/7061/4569 2857/7095/4591
f 308/7030/4548 312/7110/4602 307/7019/4542
f 3982/6934/4478 3991/7111/4603 3987/7018/4541
f 298/6908/4463 313/7112/4604 303/6960/4499
f 2821/7033/4459 346/7113/4595 2863/7022/4543
f 307/7019/4542 314/7114/4605 297/6930/4476
f 1005/6987/4519 1006/6990/4509 1014/7115/4606
f 314/7114/4605 307/7019/4542 312/7110/4602
f 308/7030/4548 311/7091/4588 1016/7102/4596
f 308/7030/4548 1016/7102/4596 312/7110/4602
f 996/7008/4531 1216/6993/4524 1219/7116/4607
f 306/6982/4514 1016/7102/4596 311/7091/4588
f 2881/7084/4583 2882/7117/4608 2845/6874/4439
f 959/6857/4425 1150/6956/4495 1152/7118/4609
f 770/6981/4513 774/7057/4566 778/7119/4610
f 4081/6992/4523 4088/7120/4611 4082/7013/4537
f 766/6946/4487 776/7067/4574 774/7057/4566
f 3904/6994/4525 3911/7121/4612 3900/6848/4418
f 302/6957/4496 315/7122/4613 298/6908/4463
f 1146/7001/4522 996/7005/4531 1219/7123/4607
f 3908/7105/4431 3910/7107/4599 4142/7047/4555
f 1014/7115/4606 1010/7066/4573 1005/6987/4519
f 964/6995/4526 959/6857/4425 966/7085/4584
f 2853/7063/4547 2857/7095/4591 2881/7124/4583
f 959/6857/4425 1152/7118/4609 966/7085/4584
f 3982/6934/4478 3990/7108/4600 3991/7111/4603
f 1149/7099/4534 1148/7094/4590 1150/7125/4495
f 3667/7036/4552 3670/7126/4614 3669/7078/4580
f 1150/7125/4495 1151/7127/4615 1152/7128/4609
f 3905/6999/4529 4142/7047/4555 3912/7129/4616
f 1211/6904/4461 1214/6939/4483 1218/7076/4579
f 2822/7024/4516 2820/7130/4437 2823/7131/4601
f 2851/6998/4528 2822/7024/4516 2855/7061/4569
f 1009/7056/4565 1010/7066/4573 1011/7068/4575
f 3906/7031/4549 3905/6999/4529 3912/7129/4616
f 315/7122/4613 302/6957/4496 294/6888/4449
f 774/7057/4566 776/7067/4574 778/7119/4610
f 1217/7011/4536 1220/7132/4617 1214/6939/4483
f 770/6981/4513 779/7133/4618 772/7006/4532
f 773/7134/4545 1053/7135/4619 1054/7136/4554
f 772/7006/4532 779/7133/4618 773/7026/4545
f 3973/6837/4411 3992/7137/4598 3986/7015/4539
f 2845/6874/4439 2882/7117/4608 2859/7100/4594
f 3904/6994/4525 3906/7031/4549 3913/7138/4620
f 2945/7075/4578 2941/6968/4505 2852/7016/4540
f 340/6983/4515 345/7092/4589 338/6959/4498
f 298/6908/4463 315/7122/4613 313/7112/4604
f 1146/7001/4522 1153/7139/4621 961/7002/4472
f 1011/7068/4575 1015/7140/4622 1012/7069/4576
f 2944/7045/4558 3674/7141/4623 2942/6996/4527
f 773/7134/4545 1055/7142/4624 1053/7135/4619
f 3984/6978/4511 3985/6986/4518 3989/7096/4592
f 4141/7010/4535 4086/7048/4559 4094/7143/4625
f 4077/6948/4489 4087/7103/4597 4089/7144/4626
f 4082/7013/4537 4088/7120/4611 4083/7014/4538
f 314/7114/4605 316/7145/4627 297/6930/4476
f 3909/7055/4564 4141/7010/4535 4094/7143/4625
f 4078/6950/4491 3989/7146/4592 4084/7065/4572
f 4088/7120/4611 4081/6992/4523 4084/7065/4572
f 3988/7025/4544 3986/7015/4539 3673/7147/4628
f 3906/7031/4549 3912/7129/4616 3913/7138/4620
f 961/7002/4472 1153/7139/4621 1148/7094/4590
f 301/6947/4488 1007/6969/4506 1016/7102/4596
f 4079/6971/4507 4083/7014/4538 4090/7148/4629
f 776/7067/4574 775/7060/4568 780/7149/4630
f 2942/6996/4527 3674/7141/4623 3667/7041/4552
f 4079/6971/4507 4090/7148/4629 4091/7150/4631
f 3668/7058/4567 3671/7151/4632 3672/7152/4633
f 3668/7058/4567 3669/7078/4580 3670/7126/4614
f 779/7133/4618 770/6981/4513 778/7119/4610
f 779/7153/4618 1056/7154/4634 773/7134/4545
f 3668/7058/4567 3672/7152/4633 3992/7104/4598
f 773/7134/4545 1056/7154/4634 1055/7142/4624
f 3992/7104/4598 3673/7155/4628 3986/7156/4539
f 2858/7097/4593 2854/7053/4562 3601/7157/4635
f 2859/7100/4594 2854/7053/4562 2842/6828/4403
f 4079/6971/4507 4091/7150/4631 4087/7103/4597
f 776/7158/4574 1057/7159/4636 778/7160/4610
f 775/7060/4568 777/7077/4563 780/7149/4630
f 4142/7047/4555 3914/7161/4637 3912/7129/4616
f 1219/7116/4607 1216/6993/4524 1221/7162/4638
f 4086/7089/4559 4085/7079/4581 4092/7163/4639
f 2855/7061/4569 2822/7024/4516 2860/7164/4640
f 1016/7165/4596 1007/7043/4506 1017/7166/4641
f 3786/7042/4556 3900/6848/4418 3915/7167/4642
f 3673/7155/4628 3992/7104/4598 3672/7152/4633
f 1016/7102/4596 1024/7168/4643 312/7110/4602
f 1216/6993/4524 1218/7076/4579 1221/7162/4638
f 3987/7018/4541 3991/7111/4603 3686/7169/4644
f 2852/7027/4540 2858/7097/4593 2861/7170/4645
f 314/7114/4605 312/7110/4602 317/7171/4646
f 345/7092/4589 340/6983/4515 347/7172/4647
f 294/6888/4449 291/6833/4407 318/7173/4648
f 3667/7036/4552 3674/7174/4623 3675/7175/4649
f 1213/6926/4473 1308/7037/4553 1245/7176/4577
f 1153/7139/4621 1146/7001/4522 1154/7177/4650
f 3785/7082/4492 3786/7081/4556 3787/7178/4651
f 4142/7047/4555 3910/7107/4599 3914/7161/4637
f 1007/7043/4506 1013/7090/4587 1018/7179/4652
f 2822/7024/4516 2862/7180/4653 2860/7164/4640
f 776/7158/4574 780/7181/4630 1057/7159/4636
f 291/6833/4407 297/6930/4476 318/7173/4648
f 771/7182/4521 1054/7136/4554 1058/7183/4586
f 3988/7025/4544 3993/7184/4654 3990/7108/4600
f 1055/7142/4624 1056/7154/4634 1059/7185/4655
f 4085/7079/4581 4077/6948/4489 4089/7144/4626
f 1011/7068/4575 1010/7066/4573 1015/7140/4622
f 2852/7016/4540 2861/7186/4645 2945/7075/4578
f 314/7114/4605 317/7171/4646 316/7145/4627
f 2854/7053/4562 2859/7100/4594 3601/7157/4635
f 1012/7069/4576 1015/7140/4622 1019/7187/4656
f 1012/7069/4576 1019/7187/4656 1013/7090/4587
f 2863/7188/4543 346/7189/4595 2824/7190/4657
f 3987/7018/4541 3686/7169/4644 3985/6986/4518
f 2881/7124/4583 2864/7191/4658 2882/7192/4608
f 2863/7022/4543 2824/7193/4657 2866/7023/4479
f 2823/7131/4601 2865/7194/4659 2822/7024/4516
f 2944/7045/4558 2946/7195/4660 3674/7141/4623
f 3667/7036/4552 3675/7175/4649 3670/7126/4614
f 2881/7124/4583 2857/7095/4591 2864/7191/4658
f 2822/7024/4516 2865/7194/4659 2862/7180/4653
f 1306/7196/4561 3785/7082/4492 3787/7178/4651
f 346/7101/4595 342/7032/4550 348/7197/4661
f 3989/7096/4592 3985/6986/4518 3994/7198/4662
f 4083/7014/4538 4093/7199/4663 4090/7148/4629
f 312/7110/4602 1024/7168/4643 317/7171/4646
f 2866/7200/4479 2824/7190/4657 2823/7131/4601
f 1306/7052/4561 3788/7201/4664 1307/7062/4570
f 1006/6990/4509 1058/7087/4586 1014/7115/4606
f 1306/7196/4561 3787/7178/4651 3788/7202/4664
f 3985/6986/4518 3686/7169/4644 3994/7198/4662
f 3900/6848/4418 3911/7121/4612 3789/7203/4665
f 4085/7079/4581 4089/7144/4626 3831/7204/4666
f 1148/7094/4590 1155/7205/4667 1150/7125/4495
f 3989/7146/4592 3837/7206/4668 4084/7065/4572
f 1151/7127/4615 1156/7207/4669 1152/7128/4609
f 1224/7208/4670 1146/7001/4522 1219/7123/4607
f 4092/7163/4639 4085/7079/4581 3831/7204/4666
f 3904/6994/4525 3913/7138/4620 3911/7121/4612
f 3668/7058/4567 3670/7126/4614 3671/7151/4632
f 4086/7089/4559 4092/7163/4639 4094/7209/4625
f 2944/7045/4558 2945/7075/4578 2946/7195/4660
f 345/7092/4589 347/7172/4647 349/7210/4671
f 3670/7126/4614 3675/7175/4649 3676/7211/4672
f 4083/7014/4538 4088/7120/4611 4093/7199/4663
f 315/7122/4613 294/6888/4449 318/7173/4648
f 3912/7129/4616 3914/7161/4637 3916/7212/4673
f 3910/7107/4599 3917/7213/4674 3914/7161/4637
f 2857/7095/4591 2855/7061/4569 2864/7191/4658
f 2824/7190/4657 346/7189/4595 2867/7214/4675
f 1152/7128/4609 1156/7207/4669 966/7215/4584
f 342/7032/4550 344/7086/4585 348/7197/4661
f 3786/7081/4556 3915/7216/4642 3787/7178/4651
f 309/7070/4560 310/7217/4582 350/7218/4676
f 309/7070/4560 350/7218/4676 343/7035/4551
f 1054/7136/4554 1060/7219/4677 1058/7183/4586
f 3910/7107/4599 3909/7106/4564 3917/7213/4674
f 3673/7155/4628 3993/7220/4654 3988/7221/4544
f 1019/7187/4656 1015/7140/4622 1020/7222/4678
f 1220/7132/4617 1222/7223/4679 1214/6939/4483
f 1150/7125/4495 1155/7205/4667 1151/7127/4615
f 2945/7075/4578 2861/7186/4645 2946/7195/4660
f 4094/7224/4625 3828/7225/4680 3909/7226/4564
f 3913/7138/4620 3912/7129/4616 3916/7212/4673
f 3990/7227/4600 3993/7220/4654 3677/7228/4681
f 966/7215/4584 1157/7229/4682 777/7230/4563
f 317/7171/4646 319/7231/4683 316/7145/4627
f 340/6983/4515 343/7035/4551 350/7218/4676
f 1015/7140/4622 1010/7066/4573 1014/7115/4606
f 3989/7096/4592 3995/7232/4684 3837/7233/4668
f 1223/7234/4685 1217/7011/4536 1215/6964/4501
f 4090/7148/4629 4093/7199/4663 4091/7150/4631
f 3676/7211/4672 3675/7175/4649 3678/7235/4686
f 1057/7159/4636 780/7181/4630 1061/7236/4687
f 3913/7138/4620 3918/7237/4688 3911/7121/4612
f 3900/6848/4418 3789/7203/4665 3915/7167/4642
f 3672/7152/4633 3679/7238/4689 3673/7155/4628
f 1146/7001/4522 1224/7208/4670 1154/7177/4650
f 1153/7139/4621 1158/7239/4690 1148/7094/4590
f 340/6983/4515 350/7218/4676 347/7172/4647
f 318/7173/4648 297/6930/4476 320/7240/4691
f 3917/7213/4674 3909/7106/4564 3829/7241/4692
f 1015/7140/4622 1014/7115/4606 1021/7242/4693
f 316/7145/4627 320/7240/4691 297/6930/4476
f 1215/6964/4501 1245/7073/4577 1223/7234/4685
f 1218/7076/4579 1222/7223/4679 1221/7162/4638
f 345/7092/4589 349/7210/4671 341/7028/4546
f 1214/6939/4483 1222/7223/4679 1218/7076/4579
f 347/7172/4647 351/7243/4694 349/7210/4671
f 1060/7219/4677 1062/7244/4695 1058/7183/4586
f 348/7245/4661 2867/7214/4675 346/7189/4595
f 3686/7169/4644 3991/7111/4603 3682/7246/4696
f 1063/7247/4697 778/7160/4610 1057/7159/4636
f 779/7153/4618 778/7160/4610 1063/7247/4697
f 1014/7115/4606 1058/7087/4586 1022/7248/4698
f 966/7215/4584 1156/7207/4669 1157/7229/4682
f 2865/7194/4659 2868/7249/4699 2862/7180/4653
f 1219/7116/4607 1221/7162/4638 1224/7250/4670
f 2946/7251/4660 3680/7252/4700 3674/7174/4623
f 1013/7090/4587 1019/7187/4656 1023/7253/4701
f 4084/7065/4572 4095/7254/4702 4088/7120/4611
f 1056/7154/4634 779/7153/4618 1063/7247/4697
f 1054/7136/4554 1053/7135/4619 1060/7219/4677
f 3989/7096/4592 3994/7198/4662 3995/7232/4684
f 1223/7234/4685 1245/7073/4577 1225/7255/4703
f 1153/7139/4621 1154/7177/4650 1158/7239/4690
f 777/7256/4563 1064/7257/4704 780/7181/4630
f 317/7171/4646 1024/7168/4643 1032/7258/4705
f 3991/7111/4603 3990/7108/4600 3682/7246/4696
f 3916/7212/4673 3914/7161/4637 3919/7259/4706
f 1016/7102/4596 1017/7260/4641 1024/7168/4643
f 1024/7261/4643 1017/7166/4641 321/7262/4707
f 4087/7103/4597 4091/7150/4631 4096/7263/4708
f 4088/7120/4611 4095/7254/4702 4097/7264/4709
f 1055/7142/4624 1059/7185/4655 1053/7135/4619
f 777/7230/4563 1159/7265/4710 1064/7266/4704
f 313/7112/4604 354/7267/4711 303/6960/4499
f 2823/7131/4601 2824/7190/4657 2865/7194/4659
f 4094/7224/4625 4092/7268/4639 3828/7225/4680
f 303/6960/4499 354/7267/4711 310/7083/4582
f 4088/7120/4611 4097/7264/4709 4093/7199/4663
f 777/7230/4563 1157/7229/4682 1159/7265/4710
f 2864/7191/4658 2855/7061/4569 2869/7269/4712
f 344/7086/4585 352/7270/4713 353/7271/4714
f 1013/7090/4587 1025/7272/4715 1018/7179/4652
f 1007/7043/4506 1018/7179/4652 1017/7166/4641
f 3676/7211/4672 3671/7151/4632 3670/7126/4614
f 3672/7152/4633 3671/7151/4632 3681/7273/4716
f 3831/7204/4666 4089/7144/4626 3834/7274/4717
f 1151/7127/4615 1160/7275/4718 1156/7207/4669
f 2865/7194/4659 2824/7190/4657 2868/7249/4699
f 320/7240/4691 316/7145/4627 319/7231/4683
f 2861/7170/4645 2858/7097/4593 2870/7276/4719
f 3990/7227/4600 3677/7228/4681 3682/7277/4696
f 1013/7090/4587 1023/7253/4701 1025/7272/4715
f 3675/7175/4649 3683/7278/4720 3678/7235/4686
f 3913/7138/4620 3916/7212/4673 3918/7237/4688
f 344/7086/4585 356/7279/4721 348/7197/4661
f 1017/7166/4641 1018/7179/4652 1026/7280/4722
f 4089/7144/4626 4087/7103/4597 3834/7274/4717
f 1156/7207/4669 1161/7281/4723 1157/7229/4682
f 2855/7061/4569 2860/7164/4640 2869/7269/4712
f 3914/7161/4637 3920/7282/4724 3919/7259/4706
f 341/7028/4546 352/7270/4713 344/7086/4585
f 1058/7087/4586 1062/7283/4695 1022/7248/4698
f 3909/7226/4564 3828/7225/4680 3829/7284/4692
f 1024/7168/4643 321/7285/4707 1032/7258/4705
f 4084/7065/4572 3837/7206/4668 4095/7254/4702
f 356/7279/4721 344/7086/4585 353/7271/4714
f 780/7181/4630 1064/7257/4704 1061/7236/4687
f 350/7218/4676 351/7243/4694 347/7172/4647
f 4087/7103/4597 4096/7263/4708 3834/7274/4717
f 315/7122/4613 318/7173/4648 313/7112/4604
f 1161/7281/4723 1159/7265/4710 1157/7229/4682
f 317/7171/4646 322/7286/4725 319/7231/4683
f 3914/7161/4637 3917/7213/4674 3920/7282/4724
f 1245/7176/4577 1308/7037/4553 1226/7287/4726
f 354/7288/4711 350/7218/4676 310/7217/4582
f 1019/7187/4656 1020/7222/4678 1023/7253/4701
f 1015/7140/4622 1021/7242/4693 1020/7222/4678
f 4091/7150/4631 3832/7289/4727 4096/7263/4708
f 2858/7097/4593 3601/7157/4635 3602/7290/4728
f 348/7197/4661 356/7279/4721 2867/7291/4675
f 3917/7213/4674 3841/7292/4729 3920/7282/4724
f 1056/7154/4634 1065/7293/4730 1059/7185/4655
f 317/7171/4646 1032/7258/4705 322/7286/4725
f 2869/7269/4712 2860/7164/4640 2862/7180/4653
f 1014/7115/4606 1022/7248/4698 1021/7242/4693
f 4097/7264/4709 4095/7254/4702 4098/7294/4731
f 1018/7179/4652 1025/7272/4715 1026/7280/4722
f 3675/7175/4649 3674/7174/4623 3683/7278/4720
f 1307/7062/4570 1309/7295/4732 1308/7098/4553
f 1056/7154/4634 1063/7247/4697 1065/7293/4730
f 2858/7097/4593 3602/7290/4728 2870/7276/4719
f 1217/7011/4536 1227/7296/4733 1220/7132/4617
f 3672/7152/4633 3681/7273/4716 3679/7238/4689
f 3673/7155/4628 3684/7297/4734 3993/7220/4654
f 3674/7174/4623 3680/7252/4700 3683/7278/4720
f 1017/7166/4641 1026/7280/4722 321/7262/4707
f 341/7028/4546 349/7210/4671 355/7298/4735
f 3671/7151/4632 3676/7211/4672 3685/7299/4736
f 2868/7249/4699 2871/7300/4737 2862/7180/4653
f 1245/7176/4577 1226/7287/4726 1225/7301/4703
f 1223/7234/4685 1227/7296/4733 1217/7011/4536
f 1148/7094/4590 1162/7302/4738 1155/7205/4667
f 4092/7268/4639 3830/7303/4739 3828/7225/4680
f 1060/7219/4677 1053/7135/4619 1059/7185/4655
f 1060/7219/4677 1059/7185/4655 1066/7304/4740
f 1060/7219/4677 1066/7304/4740 1062/7244/4695
f 4091/7150/4631 4093/7199/4663 3832/7289/4727
f 1307/7062/4570 3788/7201/4664 1309/7295/4732
f 354/7267/4711 320/7240/4691 350/7305/4676
f 2864/7191/4658 2872/7306/4741 2882/7192/4608
f 1158/7239/4690 1162/7302/4738 1148/7094/4590
f 3831/7307/4666 3830/7303/4739 4092/7268/4639
f 341/7028/4546 355/7298/4735 352/7270/4713
f 2824/7190/4657 2871/7300/4737 2868/7249/4699
f 3787/7178/4651 3915/7216/4642 3789/7308/4665
f 354/7267/4711 313/7112/4604 320/7240/4691
f 3994/7309/4662 3686/7310/4644 3687/7311/4742
f 3993/7220/4654 3688/7312/4743 3677/7228/4681
f 3679/7238/4689 3689/7313/4744 3673/7155/4628
f 4096/7314/4708 3832/7315/4727 3833/7316/4745
f 1154/7177/4650 1163/7317/4746 1158/7239/4690
f 2861/7318/4645 2870/7319/4719 3690/7320/4747
f 1308/7098/4553 1309/7295/4732 1226/7321/4726
f 1158/7239/4690 1163/7317/4746 1162/7302/4738
f 318/7173/4648 320/7240/4691 313/7112/4604
f 1156/7207/4669 1164/7322/4748 1161/7281/4723
f 1061/7236/4687 1064/7257/4704 1067/7323/4749
f 4096/7314/4708 3833/7316/4745 3834/7324/4717
f 2867/7291/4675 356/7279/4721 374/7325/4750
f 1061/7236/4687 1067/7323/4749 1057/7159/4636
f 3673/7155/4628 3689/7313/4744 3684/7297/4734
f 356/7326/4751 357/7327/4751 374/7328/4751
f 1221/7162/4638 1222/7223/4679 1228/7329/4752
f 1063/7247/4697 1057/7159/4636 1068/7330/4753
f 3680/7252/4700 2946/7251/4660 3690/7331/4747
f 3682/7277/4696 3677/7228/4681 3691/7332/4754
f 1065/7293/4730 1063/7247/4697 1059/7185/4655
f 1151/7127/4615 1155/7205/4667 1160/7275/4718
f 3993/7220/4654 3684/7297/4734 3688/7312/4743
f 3911/7121/4612 3921/7333/4755 3789/7203/4665
f 3837/7206/4668 4098/7294/4731 4095/7254/4702
f 2859/7100/4594 2882/7117/4608 3606/7334/4756
f 2861/7335/4645 3690/7331/4747 2946/7251/4660
f 2864/7191/4658 2869/7269/4712 2872/7306/4741
f 1232/7336/4757 1154/7177/4650 1224/7208/4670
f 3671/7151/4632 3685/7299/4736 3681/7273/4716
f 2867/7214/4675 2873/7337/4758 2824/7190/4657
f 3911/7121/4612 3918/7237/4688 3921/7333/4755
f 3916/7212/4673 3919/7259/4706 3922/7338/4759
f 3917/7213/4674 3829/7241/4692 3841/7292/4729
f 2824/7190/4657 2873/7337/4758 2871/7300/4737
f 349/7210/4671 351/7243/4694 358/7339/4760
f 356/7279/4721 359/7340/4761 357/7341/4762
f 3828/7225/4680 3830/7303/4739 3829/7284/4692
f 1062/7244/4695 1066/7304/4740 1022/7342/4698
f 3994/7309/4662 3687/7311/4742 3995/7343/4684
f 1154/7177/4650 1165/7344/4763 1163/7317/4746
f 4093/7345/4663 3835/7346/4764 3832/7315/4727
f 3831/7307/4666 3834/7324/4717 3836/7347/4765
f 319/7231/4683 322/7286/4725 1095/7348/4766
f 1223/7234/4685 1225/7255/4703 1313/7349/4767
f 1159/7265/4710 1161/7281/4723 1164/7322/4748
f 1026/7280/4722 1025/7272/4715 1027/7350/4768
f 349/7210/4671 358/7339/4760 355/7298/4735
f 3676/7211/4672 3678/7235/4686 3685/7299/4736
f 356/7279/4721 353/7271/4714 359/7340/4761
f 2882/7192/4608 2872/7306/4741 3606/7351/4756
f 3831/7307/4666 3836/7347/4765 3830/7303/4739
f 4093/7199/4663 4097/7264/4709 3842/7352/4769
f 3677/7228/4681 3688/7312/4743 3691/7332/4754
f 3686/7310/4644 3691/7332/4754 3687/7311/4742
f 1026/7280/4722 1028/7353/4770 321/7262/4707
f 350/7218/4676 320/7354/4691 351/7243/4694
f 3681/7273/4716 3685/7299/4736 3692/7355/4771
f 3837/7356/4668 3838/7357/4772 4098/7358/4731
f 3601/7359/4635 2876/7360/4773 3602/7361/4728
f 3683/7278/4720 3680/7252/4700 3693/7362/4774
f 3686/7310/4644 3682/7277/4696 3691/7332/4754
f 1023/7253/4701 1020/7222/4678 1025/7272/4715
f 1025/7272/4715 1020/7222/4678 1029/7363/4775
f 1021/7242/4693 1030/7364/4776 1020/7222/4678
f 2873/7337/4758 2867/7214/4675 374/7365/4750
f 1026/7280/4722 1027/7350/4768 1028/7353/4770
f 4098/7294/4731 3842/7352/4769 4097/7264/4709
f 321/7262/4707 1031/7366/4777 1032/7367/4705
f 3829/7284/4692 3830/7303/4739 3839/7368/4778
f 3681/7273/4716 3692/7355/4771 3679/7238/4689
f 1066/7304/4740 1069/7369/4779 1022/7342/4698
f 353/7271/4714 352/7270/4713 360/7370/4780
f 1313/7349/4767 1227/7296/4733 1223/7234/4685
f 1220/7132/4617 1227/7296/4733 1229/7371/4781
f 3788/7202/4664 3787/7178/4651 1310/7372/4782
f 1222/7223/4679 1220/7132/4617 1230/7373/4783
f 1059/7185/4655 1063/7247/4697 1066/7304/4740
f 1064/7266/4704 1166/7374/4784 1067/7375/4749
f 3606/7351/4756 2872/7306/4741 2874/7376/4785
f 3678/7235/4686 3694/7377/4786 3685/7299/4736
f 2859/7100/4594 3606/7334/4756 3601/7157/4635
f 3787/7178/4651 3789/7308/4665 3790/7378/4787
f 1154/7177/4650 1232/7336/4757 1165/7344/4763
f 3840/7379/4788 3841/7380/4729 3839/7368/4778
f 3829/7284/4692 3839/7368/4778 3841/7380/4729
f 3995/7381/4684 3838/7357/4772 3837/7356/4668
f 3687/7311/4742 3691/7332/4754 3695/7382/4789
f 1032/7258/4705 1095/7348/4766 322/7286/4725
f 1155/7205/4667 1162/7302/4738 1160/7275/4718
f 4093/7345/4663 3842/7383/4769 3835/7346/4764
f 2872/7306/4741 2869/7269/4712 2875/7384/4790
f 1068/7330/4753 1057/7159/4636 1067/7323/4749
f 1224/7250/4670 1221/7162/4638 1228/7329/4752
f 3787/7178/4651 3790/7378/4787 1310/7372/4782
f 1064/7266/4704 1159/7265/4710 1166/7374/4784
f 3789/7308/4665 3921/7385/4755 3791/7386/4791
f 2872/7306/4741 2875/7384/4790 2874/7376/4785
f 3788/7201/4664 1310/7387/4782 1309/7295/4732
f 1225/7388/4703 1226/7321/4726 1231/7389/4792
f 3678/7235/4686 3683/7278/4720 3694/7377/4786
f 3995/7381/4684 3696/7390/4793 3838/7357/4772
f 1067/7323/4749 1070/7391/4794 1068/7330/4753
f 1220/7132/4617 1229/7371/4781 1230/7373/4783
f 1029/7363/4775 1020/7222/4678 1030/7364/4776
f 1021/7242/4693 1033/7392/4795 1030/7364/4776
f 1160/7275/4718 1162/7302/4738 1167/7393/4796
f 3834/7324/4717 3833/7316/4745 3843/7394/4797
f 2862/7180/4653 2875/7384/4790 2869/7269/4712
f 3916/7212/4673 3922/7338/4759 3918/7237/4688
f 360/7370/4780 352/7270/4713 355/7298/4735
f 3601/7157/4635 3606/7334/4756 2876/7395/4773
f 1225/7255/4703 1231/7396/4792 1313/7349/4767
f 1228/7329/4752 1232/7397/4757 1224/7250/4670
f 1027/7350/4768 1025/7272/4715 1029/7363/4775
f 3832/7315/4727 3835/7346/4764 3844/7398/4798
f 3845/7399/4799 3842/7383/4769 4098/7358/4731
f 360/7370/4780 359/7340/4761 353/7271/4714
f 2862/7180/4653 2871/7300/4737 2877/7400/4800
f 3832/7315/4727 3844/7398/4798 3833/7316/4745
f 3834/7324/4717 3843/7394/4797 3836/7347/4765
f 3995/7343/4684 3687/7311/4742 3696/7401/4793
f 3684/7297/4734 3697/7402/4801 3688/7312/4743
f 1156/7207/4669 1160/7275/4718 1168/7403/4802
f 1028/7353/4770 1034/7404/4803 321/7262/4707
f 1232/7336/4757 1169/7405/4804 1165/7344/4763
f 1165/7344/4763 1169/7405/4804 1163/7317/4746
f 1095/7406/4766 1031/7366/4777 1035/7407/4805
f 1032/7367/4705 1031/7366/4777 1095/7406/4766
f 1068/7330/4753 1070/7391/4794 1063/7247/4697
f 1063/7247/4697 1071/7408/4806 1066/7304/4740
f 1164/7322/4748 1170/7409/4807 1159/7265/4710
f 357/7341/4762 359/7340/4761 374/7410/4750
f 1309/7295/4732 1310/7387/4782 1311/7411/4808
f 1228/7329/4752 1222/7223/4679 1230/7373/4783
f 2871/7300/4737 2873/7337/4758 2878/7412/4809
f 1027/7350/4768 1029/7363/4775 1028/7353/4770
f 3918/7237/4688 3793/7413/4810 3921/7333/4755
f 321/7262/4707 1034/7404/4803 1031/7366/4777
f 2862/7180/4653 2877/7400/4800 2875/7384/4790
f 1021/7242/4693 1022/7248/4698 1033/7392/4795
f 3688/7312/4743 3698/7414/4811 3691/7332/4754
f 1230/7373/4783 1229/7371/4781 1233/7415/4812
f 3602/7361/4728 2876/7360/4773 2870/7319/4719
f 359/7340/4761 361/7416/4813 374/7410/4750
f 319/7231/4683 1093/7417/4814 320/7240/4691
f 1159/7265/4710 1170/7409/4807 1166/7374/4784
f 1230/7373/4783 1246/7418/4815 1228/7329/4752
f 1156/7207/4669 1168/7403/4802 1164/7322/4748
f 3919/7259/4706 3920/7282/4724 3923/7419/4816
f 1163/7317/4746 1171/7420/4817 1162/7302/4738
f 3695/7382/4789 3691/7332/4754 3698/7414/4811
f 3684/7297/4734 3689/7313/4744 3697/7402/4801
f 1028/7353/4770 1029/7363/4775 1034/7404/4803
f 4098/7358/4731 3838/7357/4772 3845/7399/4799
f 1228/7329/4752 1174/7421/4818 1232/7397/4757
f 3793/7413/4810 3918/7237/4688 3922/7338/4759
f 1226/7321/4726 1309/7295/4732 1311/7411/4808
f 1163/7317/4746 1169/7405/4804 1172/7422/4819
f 3833/7316/4745 3844/7398/4798 3843/7394/4797
f 1063/7247/4697 1070/7391/4794 1071/7408/4806
f 3921/7333/4755 3793/7413/4810 3791/7423/4791
f 1168/7403/4802 1160/7275/4718 1167/7393/4796
f 2871/7300/4737 2878/7412/4809 2879/7424/4820
f 2877/7400/4800 2871/7300/4737 2879/7424/4820
f 3696/7401/4793 3687/7311/4742 3699/7425/4821
f 3838/7357/4772 3846/7426/4822 3845/7399/4799
f 351/7243/4694 362/7427/4823 358/7339/4760
f 3790/7378/4787 3789/7308/4665 3792/7428/4824
f 1033/7392/4795 1036/7429/4825 1030/7364/4776
f 2873/7337/4758 374/7365/4750 2878/7412/4809
f 1164/7322/4748 1168/7403/4802 1170/7409/4807
f 3789/7308/4665 3791/7386/4791 3792/7428/4824
f 1093/7417/4814 319/7231/4683 1095/7348/4766
f 3697/7402/4801 3698/7414/4811 3688/7312/4743
f 3847/7430/4826 3848/7431/4827 3830/7303/4739
f 1022/7248/4698 1072/7432/4828 1033/7392/4795
f 3843/7394/4797 3849/7433/4829 3836/7347/4765
f 3842/7383/4769 3845/7399/4799 3835/7346/4764
f 1174/7421/4818 1228/7329/4752 1246/7418/4815
f 1022/7342/4698 1069/7369/4779 1072/7434/4828
f 1162/7302/4738 1173/7435/4830 1167/7393/4796
f 1162/7302/4738 1171/7420/4817 1173/7435/4830
f 1031/7366/4777 1034/7404/4803 1037/7436/4831
f 3683/7278/4720 3693/7362/4774 3694/7377/4786
f 3836/7347/4765 3847/7430/4826 3830/7303/4739
f 1313/7349/4767 1315/7437/4832 1227/7296/4733
f 320/7354/4691 362/7427/4823 351/7243/4694
f 3920/7282/4724 3858/7438/4833 3923/7419/4816
f 2875/7384/4790 2877/7400/4800 2879/7424/4820
f 1031/7366/4777 1037/7436/4831 1035/7407/4805
f 355/7298/4735 363/7439/4834 360/7370/4780
f 2875/7384/4790 2879/7424/4820 3603/7440/4835
f 359/7340/4761 360/7370/4780 361/7416/4813
f 3841/7292/4729 3858/7438/4833 3920/7282/4724
f 3844/7398/4798 3850/7441/4836 3843/7394/4797
f 3679/7238/4689 3692/7355/4771 3689/7313/4744
f 3919/7259/4706 3923/7419/4816 3922/7338/4759
f 2875/7384/4790 3603/7440/4835 2874/7376/4785
f 1227/7296/4733 1315/7437/4832 1229/7371/4781
f 1093/7442/4814 362/7427/4823 320/7354/4691
f 360/7370/4780 364/7443/4837 361/7416/4813
f 355/7298/4735 358/7339/4760 363/7439/4834
f 1029/7363/4775 1038/7444/4838 1039/7445/4839
f 1163/7317/4746 1172/7422/4819 1171/7420/4817
f 3839/7368/4778 3830/7303/4739 3848/7431/4827
f 3687/7311/4742 3695/7382/4789 3699/7425/4821
f 3922/7338/4759 3923/7419/4816 3800/7446/4840
f 3692/7355/4771 3685/7299/4736 3700/7447/4841
f 1071/7408/4806 1073/7448/4842 1066/7304/4740
f 3695/7382/4789 3698/7414/4811 3701/7449/4843
f 1232/7336/4757 1174/7450/4818 1175/7451/4844
f 3841/7292/4729 3840/7452/4788 3858/7438/4833
f 1171/7420/4817 1172/7422/4819 1176/7453/4845
f 1233/7415/4812 1229/7371/4781 1234/7454/4846
f 1029/7363/4775 1030/7364/4776 1038/7444/4838
f 3847/7430/4826 3836/7347/4765 3849/7433/4829
f 1066/7304/4740 1073/7448/4842 1069/7369/4779
f 2874/7455/4785 3603/7456/4835 3604/7457/4847
f 3835/7346/4764 3845/7399/4799 3851/7458/4848
f 3696/7390/4793 3706/7459/4849 3838/7357/4772
f 1067/7323/4749 1166/7460/4784 1070/7391/4794
f 1039/7445/4839 1034/7404/4803 1029/7363/4775
f 1315/7437/4832 1235/7461/4850 1229/7371/4781
f 3793/7413/4810 3922/7338/4759 3800/7446/4840
f 3791/7462/4791 3793/7463/4810 3794/7464/4851
f 3843/7394/4797 3852/7465/4852 3849/7433/4829
f 3843/7394/4797 3850/7441/4836 3852/7465/4852
f 3697/7402/4801 3689/7313/4744 3702/7466/4853
f 2874/7455/4785 3605/7467/4854 3606/7468/4756
f 2874/7455/4785 3604/7457/4847 3605/7467/4854
f 1167/7393/4796 1177/7469/4855 1168/7403/4802
f 3680/7252/4700 3690/7331/4747 3693/7362/4774
f 2870/7319/4719 3607/7470/4856 3690/7320/4747
f 3840/7379/4788 3839/7368/4778 3853/7471/4857
f 3685/7299/4736 3694/7377/4786 3700/7447/4841
f 3697/7402/4801 3703/7472/4858 3698/7414/4811
f 1033/7392/4795 1072/7432/4828 1040/7473/4859
f 3790/7378/4787 3795/7474/4860 1310/7372/4782
f 1034/7404/4803 1041/7475/4861 1037/7436/4831
f 1073/7448/4842 1071/7408/4806 1074/7476/4862
f 1070/7391/4794 1166/7460/4784 1181/7477/4863
f 1311/7411/4808 1312/7478/4864 1226/7321/4726
f 1034/7404/4803 1039/7445/4839 1041/7475/4861
f 1230/7373/4783 1233/7415/4812 1246/7418/4815
f 3694/7377/4786 3704/7479/4865 3700/7447/4841
f 1168/7403/4802 1177/7469/4855 1170/7409/4807
f 1072/7434/4828 1069/7369/4779 1075/7480/4866
f 3838/7357/4772 3706/7459/4849 3846/7426/4822
f 1169/7405/4804 1232/7336/4757 1172/7422/4819
f 1069/7369/4779 1073/7448/4842 1074/7476/4862
f 1313/7481/4767 1231/7389/4792 1314/7482/4867
f 1226/7321/4726 1312/7478/4864 1231/7389/4792
f 1172/7422/4819 1232/7336/4757 1175/7451/4844
f 2879/7424/4820 2878/7412/4809 3609/7483/4868
f 3923/7419/4816 3858/7438/4833 3924/7484/4869
f 1069/7369/4779 1074/7476/4862 1075/7480/4866
f 3701/7449/4843 3705/7485/4870 3695/7382/4789
f 1171/7420/4817 1176/7453/4845 1173/7435/4830
f 3604/7457/4847 3603/7456/4835 2879/7486/4820
f 3839/7368/4778 3854/7487/4871 3853/7471/4857
f 3790/7378/4787 3792/7428/4824 3795/7474/4860
f 1036/7429/4825 1040/7473/4859 1030/7364/4776
f 3706/7488/4849 3696/7401/4793 3699/7425/4821
f 2870/7319/4719 3608/7489/4872 3607/7470/4856
f 1039/7445/4839 1038/7444/4838 1041/7475/4861
f 3693/7362/4774 3707/7490/4873 3694/7377/4786
f 1030/7364/4776 1042/7491/4874 1038/7444/4838
f 1035/7407/4805 1043/7492/4875 1095/7406/4766
f 1036/7429/4825 1033/7392/4795 1040/7473/4859
f 3606/7468/4756 3605/7467/4854 2876/7360/4773
f 3700/7447/4841 3704/7479/4865 3708/7493/4876
f 3839/7368/4778 3848/7431/4827 3854/7487/4871
f 3793/7463/4810 3925/7494/4877 3794/7464/4851
f 3699/7425/4821 3695/7382/4789 3705/7485/4870
f 1093/7495/4814 1094/7496/4878 366/7497/4879
f 1095/7498/4766 1096/7499/4880 1093/7495/4814
f 362/7427/4823 365/7500/4881 358/7339/4760
f 1093/7495/4814 1096/7499/4880 1094/7496/4878
f 3925/7501/4877 3793/7413/4810 3800/7446/4840
f 1314/7482/4867 1315/7502/4832 1313/7481/4767
f 1175/7451/4844 1174/7450/4818 1236/7503/4882
f 3847/7430/4826 3855/7504/4883 3848/7431/4827
f 3792/7428/4824 3791/7386/4791 3796/7505/4884
f 2878/7412/4809 3611/7506/4885 3609/7483/4868
f 3844/7398/4798 3851/7458/4848 3850/7441/4836
f 3844/7398/4798 3835/7346/4764 3851/7458/4848
f 374/7365/4750 2880/7507/4886 2878/7412/4809
f 1167/7393/4796 1173/7435/4830 1177/7469/4855
f 362/7427/4823 1093/7442/4814 366/7508/4879
f 3689/7313/4744 3692/7355/4771 3702/7466/4853
f 1095/7406/4766 1043/7492/4875 1096/7509/4880
f 361/7416/4813 3619/7510/4887 374/7410/4750
f 1310/7387/4782 3795/7511/4860 1311/7411/4808
f 3792/7428/4824 3796/7505/4884 3797/7512/4888
f 2876/7360/4773 3608/7489/4872 2870/7319/4719
f 3791/7386/4791 3794/7513/4851 3796/7505/4884
f 1035/7407/4805 1037/7436/4831 1041/7475/4861
f 1042/7491/4874 1030/7364/4776 1040/7473/4859
f 1229/7371/4781 1235/7461/4850 1234/7454/4846
f 1166/7374/4784 1170/7409/4807 1178/7514/4889
f 3694/7377/4786 3707/7490/4873 3704/7479/4865
f 358/7339/4760 365/7500/4881 363/7439/4834
f 3700/7447/4841 3708/7493/4876 3692/7355/4771
f 374/7365/4750 3619/7515/4887 2880/7507/4886
f 3795/7474/4860 3792/7428/4824 3797/7512/4888
f 3701/7449/4843 3698/7414/4811 3703/7472/4858
f 1040/7473/4859 1072/7432/4828 1044/7516/4890
f 3851/7458/4848 3856/7517/4891 3850/7441/4836
f 1177/7469/4855 1179/7518/4892 1170/7409/4807
f 1233/7519/4812 1234/7520/4846 1247/7521/4893
f 3699/7425/4821 3705/7485/4870 3864/7522/4894
f 3840/7379/4788 3857/7523/4895 3858/7524/4833
f 3849/7433/4829 3852/7465/4852 3859/7525/4896
f 3849/7433/4829 3859/7525/4896 3847/7430/4826
f 1072/7434/4828 1075/7480/4866 1076/7526/4897
f 2878/7412/4809 2880/7507/4886 3611/7506/4885
f 3853/7471/4857 3857/7523/4895 3840/7379/4788
f 3851/7458/4848 3845/7399/4799 3860/7527/4898
f 1035/7407/4805 1041/7475/4861 1043/7492/4875
f 1233/7519/4812 1247/7521/4893 1246/7528/4815
f 1174/7529/4818 1246/7528/4815 1236/7530/4882
f 3707/7490/4873 3709/7531/4899 3704/7479/4865
f 1074/7476/4862 1071/7408/4806 1077/7532/4900
f 3609/7533/4868 3604/7457/4847 2879/7486/4820
f 362/7427/4823 366/7508/4879 365/7500/4881
f 1038/7444/4838 1045/7534/4901 1041/7475/4861
f 364/7443/4837 360/7370/4780 367/7535/4902
f 1315/7437/4832 1237/7536/4903 1235/7461/4850
f 1312/7478/4864 1316/7537/4904 1231/7389/4792
f 1044/7516/4890 1076/7538/4897 1040/7473/4859
f 1040/7473/4859 1046/7539/4905 1042/7491/4874
f 1071/7408/4806 1070/7391/4794 1181/7477/4863
f 1314/7482/4867 1317/7540/4906 1315/7502/4832
f 1311/7411/4808 3795/7511/4860 3803/7541/4907
f 1311/7411/4808 1316/7537/4904 1312/7478/4864
f 1072/7434/4828 1076/7526/4897 1044/7542/4890
f 3852/7465/4852 3850/7441/4836 3859/7525/4896
f 3848/7431/4827 3855/7504/4883 3854/7487/4871
f 1314/7482/4867 1231/7389/4792 1316/7537/4904
f 3845/7399/4799 3846/7426/4822 3860/7527/4898
f 3853/7471/4857 3854/7487/4871 3857/7523/4895
f 360/7370/4780 363/7439/4834 367/7535/4902
f 3855/7504/4883 3847/7430/4826 3859/7525/4896
f 3699/7425/4821 3864/7522/4894 3706/7488/4849
f 3690/7320/4747 3610/7543/4908 3693/7544/4774
f 3605/7467/4854 3604/7457/4847 2876/7360/4773
f 1175/7451/4844 1236/7503/4882 1180/7545/4909
f 1040/7473/4859 1047/7546/4910 1046/7539/4905
f 3693/7362/4774 3610/7547/4908 3707/7490/4873
f 1175/7451/4844 1180/7545/4909 1172/7422/4819
f 3692/7355/4771 3708/7493/4876 3702/7466/4853
f 3859/7525/4896 3850/7441/4836 3861/7548/4911
f 3854/7487/4871 3862/7549/4912 3857/7523/4895
f 1246/7528/4815 1247/7521/4893 1238/7550/4913
f 1045/7534/4901 1038/7444/4838 1042/7491/4874
f 1075/7480/4866 1078/7551/4914 1076/7526/4897
f 1074/7476/4862 1079/7552/4915 1075/7480/4866
f 3856/7517/4891 3861/7548/4911 3850/7441/4836
f 3858/7438/4833 3857/7553/4895 3924/7484/4869
f 3925/7494/4877 3798/7554/4916 3799/7555/4917
f 364/7443/4837 368/7556/4918 361/7416/4813
f 3851/7458/4848 3860/7527/4898 3856/7517/4891
f 1040/7473/4859 1076/7538/4897 1047/7546/4910
f 3925/7494/4877 3800/7557/4840 3798/7554/4916
f 3846/7426/4822 3863/7558/4919 3860/7527/4898
f 1311/7411/4808 1318/7559/4920 1316/7537/4904
f 3702/7466/4853 3710/7560/4921 3697/7402/4801
f 1071/7408/4806 1181/7477/4863 1077/7532/4900
f 1166/7374/4784 1178/7514/4889 1181/7561/4863
f 1246/7528/4815 1238/7550/4913 1239/7562/4922
f 3697/7402/4801 3710/7560/4921 3703/7472/4858
f 3846/7426/4822 3706/7459/4849 3715/7563/4923
f 1239/7562/4922 1236/7530/4882 1246/7528/4815
f 1235/7461/4850 1247/7564/4893 1234/7454/4846
f 1315/7502/4832 1317/7540/4906 1237/7565/4903
f 1173/7435/4830 1182/7566/4924 1177/7469/4855
f 1180/7545/4909 1176/7453/4845 1172/7422/4819
f 3707/7490/4873 3610/7547/4908 3709/7531/4899
f 3702/7466/4853 3708/7493/4876 3710/7560/4921
f 1170/7409/4807 1179/7518/4892 1183/7567/4925
f 1314/7482/4867 1316/7537/4904 1317/7540/4906
f 1311/7411/4808 3803/7541/4907 1318/7559/4920
f 3924/7484/4869 3857/7553/4895 3926/7568/4926
f 3800/7446/4840 3923/7419/4816 3798/7569/4916
f 365/7500/4881 1097/7570/4927 363/7439/4834
f 3923/7419/4816 3924/7484/4869 3927/7571/4928
f 3797/7512/4888 3801/7572/4929 3795/7474/4860
f 3797/7512/4888 3796/7505/4884 3801/7572/4929
f 1047/7546/4910 1076/7538/4897 1046/7539/4905
f 3706/7459/4849 3864/7573/4894 3715/7563/4923
f 363/7439/4834 1097/7570/4927 367/7535/4902
f 3794/7464/4851 3925/7494/4877 3799/7555/4917
f 1178/7514/4889 1170/7409/4807 1183/7567/4925
f 3608/7489/4872 2876/7360/4773 3604/7457/4847
f 3861/7548/4911 3856/7517/4891 3865/7574/4930
f 1075/7480/4866 1079/7552/4915 1078/7551/4914
f 3701/7449/4843 3703/7472/4858 3711/7575/4931
f 3708/7493/4876 3704/7479/4865 3712/7576/4932
f 365/7500/4881 366/7508/4879 1097/7570/4927
f 3794/7513/4851 3802/7577/4933 3796/7505/4884
f 3854/7487/4871 3855/7504/4883 3866/7578/4934
f 3927/7571/4928 3924/7484/4869 3926/7568/4926
f 3609/7533/4868 3611/7579/4885 3612/7580/4935
f 1235/7461/4850 1237/7536/4903 1321/7581/4936
f 3802/7582/4933 3794/7464/4851 3799/7555/4917
f 1074/7476/4862 1077/7532/4900 1079/7552/4915
f 3923/7419/4816 3927/7571/4928 3798/7569/4916
f 1235/7461/4850 1321/7581/4936 1247/7564/4893
f 1042/7491/4874 1048/7583/4937 1045/7534/4901
f 3846/7426/4822 3715/7563/4923 3863/7558/4919
f 3608/7489/4872 3613/7584/4938 3607/7470/4856
f 3690/7320/4747 3614/7585/4939 3610/7543/4908
f 3854/7487/4871 3866/7578/4934 3862/7549/4912
f 1177/7469/4855 1182/7566/4924 1184/7586/4940
f 3610/7543/4908 3614/7585/4939 3709/7587/4899
f 3795/7474/4860 1320/7588/4941 3803/7589/4907
f 3795/7474/4860 3801/7572/4929 1320/7588/4941
f 3690/7320/4747 3607/7470/4856 3614/7585/4939
f 1076/7526/4897 1078/7551/4914 1046/7590/4905
f 3604/7457/4847 3609/7533/4868 3612/7580/4935
f 1317/7540/4906 1316/7537/4904 1319/7591/4942
f 366/7497/4879 1094/7496/4878 1097/7592/4927
f 1096/7499/4880 1043/7593/4875 1052/7594/4943
f 1173/7435/4830 1176/7453/4845 1182/7566/4924
f 1181/7477/4863 1178/7595/4889 1188/7596/4944
f 1046/7590/4905 1078/7551/4914 1051/7597/4945
f 3703/7472/4858 3710/7560/4921 3713/7598/4946
f 3861/7548/4911 3865/7574/4930 3859/7525/4896
f 3855/7504/4883 3859/7525/4896 3867/7599/4947
f 3703/7472/4858 3713/7598/4946 3711/7575/4931
f 3708/7493/4876 3714/7600/4948 3710/7560/4921
f 3859/7525/4896 3865/7574/4930 3868/7601/4949
f 3704/7479/4865 3709/7531/4899 3712/7576/4932
f 1181/7477/4863 1080/7602/4950 1077/7532/4900
f 1045/7534/4901 1048/7583/4937 1049/7603/4951
f 3715/7604/4923 3864/7522/4894 3876/7605/4952
f 1319/7591/4942 1237/7565/4903 1317/7540/4906
f 3857/7523/4895 3869/7606/4953 3926/7607/4926
f 1079/7552/4915 1081/7608/4954 1078/7551/4914
f 1043/7492/4875 1041/7475/4861 1050/7609/4955
f 1041/7475/4861 1045/7534/4901 1050/7609/4955
f 3701/7449/4843 3716/7610/4956 3705/7485/4870
f 3859/7525/4896 3868/7601/4949 3867/7599/4947
f 3711/7575/4931 3717/7611/4957 3701/7449/4843
f 3607/7470/4856 3613/7584/4938 3614/7585/4939
f 1046/7539/4905 1051/7612/4945 1042/7491/4874
f 3614/7585/4939 3613/7584/4938 3615/7613/4958
f 3619/7510/4887 361/7416/4813 368/7556/4918
f 1045/7534/4901 1049/7603/4951 1050/7609/4955
f 3705/7485/4870 3716/7610/4956 3864/7522/4894
f 1180/7545/4909 1185/7614/4959 1176/7453/4845
f 1048/7583/4937 1042/7491/4874 1051/7612/4945
f 3796/7505/4884 3802/7577/4933 3801/7572/4929
f 3803/7541/4907 1320/7615/4941 1318/7559/4920
f 3708/7493/4876 3712/7576/4932 3714/7600/4948
f 3857/7523/4895 3862/7549/4912 3869/7606/4953
f 1078/7551/4914 1082/7616/4960 1051/7597/4945
f 1183/7567/4925 1179/7518/4892 1186/7617/4961
f 3863/7558/4919 3870/7618/4962 3860/7527/4898
f 3856/7517/4891 3871/7619/4963 3865/7574/4930
f 3856/7517/4891 3860/7527/4898 3870/7618/4962
f 3801/7572/4929 3802/7577/4933 3804/7620/4964
f 3798/7554/4916 3805/7621/4965 3799/7555/4917
f 3798/7554/4916 3927/7622/4928 3806/7623/4966
f 1043/7492/4875 1050/7609/4955 1052/7624/4943
f 1096/7499/4880 1098/7625/4967 1094/7496/4878
f 367/7535/4902 1097/7570/4927 1102/7626/4968
f 1096/7499/4880 1052/7594/4943 1099/7627/4969
f 1078/7551/4914 1081/7608/4954 1082/7616/4960
f 3866/7578/4934 3872/7628/4970 3862/7549/4912
f 1178/7514/4889 1187/7629/4971 1188/7630/4944
f 3802/7582/4933 3799/7555/4917 3804/7631/4964
f 364/7443/4837 367/7535/4902 368/7556/4918
f 3608/7489/4872 3604/7457/4847 3613/7584/4938
f 3801/7572/4929 3804/7620/4964 3807/7632/4972
f 3863/7558/4919 3715/7563/4923 3873/7633/4973
f 1049/7603/4951 1048/7583/4937 1050/7609/4955
f 1079/7552/4915 1077/7532/4900 1081/7608/4954
f 3709/7587/4899 3614/7585/4939 3616/7634/4974
f 3867/7599/4947 3868/7601/4949 3874/7635/4975
f 1236/7530/4882 1239/7562/4922 1240/7636/4976
f 1236/7503/4882 1240/7637/4976 1180/7545/4909
f 3863/7558/4919 3875/7638/4977 3870/7618/4962
f 1247/7639/4893 1321/7640/4936 1322/7641/4978
f 367/7535/4902 1102/7626/4968 369/7642/4979
f 3711/7575/4931 3713/7598/4946 3717/7611/4957
f 1094/7496/4878 1098/7625/4967 1097/7592/4927
f 1177/7469/4855 1184/7586/4940 1179/7518/4892
f 2880/7643/4886 3617/7644/4980 3611/7579/4885
f 1318/7559/4920 1320/7615/4941 1323/7645/4981
f 1080/7602/4950 1181/7477/4863 1188/7596/4944
f 1320/7588/4941 3801/7572/4929 3807/7632/4972
f 1316/7537/4904 1318/7559/4920 1324/7646/4982
f 1077/7532/4900 1080/7602/4950 1081/7608/4954
f 1178/7514/4889 1183/7567/4925 1189/7647/4983
f 1237/7565/4903 1319/7591/4942 1325/7648/4984
f 3864/7522/4894 3718/7649/4985 3876/7605/4952
f 3870/7618/4962 3871/7619/4963 3856/7517/4891
f 3716/7610/4956 3718/7649/4985 3864/7522/4894
f 3926/7568/4926 3928/7650/4986 3927/7571/4928
f 3867/7599/4947 3874/7635/4975 3855/7504/4883
f 1323/7645/4981 1324/7646/4982 1318/7559/4920
f 3806/7623/4966 3927/7622/4928 3928/7651/4986
f 3863/7558/4919 3873/7633/4973 3875/7638/4977
f 3799/7555/4917 3808/7652/4987 3804/7631/4964
f 3713/7598/4946 3710/7560/4921 3719/7653/4988
f 3604/7457/4847 3612/7580/4935 3613/7584/4938
f 3717/7611/4957 3716/7610/4956 3701/7449/4843
f 1238/7550/4913 1247/7521/4893 1239/7562/4922
f 1096/7499/4880 1099/7627/4969 1098/7625/4967
f 1180/7545/4909 1190/7654/4989 1185/7614/4959
f 3715/7563/4923 3876/7655/4952 3873/7633/4973
f 1178/7514/4889 1189/7647/4983 1187/7629/4971
f 1102/7626/4968 370/7656/4990 369/7642/4979
f 3709/7531/4899 3616/7657/4974 3712/7576/4932
f 1179/7518/4892 1184/7586/4940 1191/7658/4991
f 1179/7518/4892 1191/7658/4991 1192/7659/4992
f 3713/7598/4946 3719/7653/4988 3717/7611/4957
f 1097/7592/4927 1098/7625/4967 1100/7660/4993
f 1051/7612/4945 1083/7661/4994 1048/7583/4937
f 1237/7565/4903 1325/7648/4984 1321/7640/4936
f 1052/7594/4943 1050/7662/4955 1099/7627/4969
f 3926/7607/4926 3877/7663/4995 3928/7664/4986
f 3714/7600/4948 3719/7653/4988 3710/7560/4921
f 3866/7578/4934 3855/7504/4883 3878/7665/4996
f 1097/7570/4927 1100/7666/4993 1102/7626/4968
f 3614/7585/4939 3618/7667/4997 3616/7634/4974
f 1176/7453/4845 1185/7614/4959 1182/7566/4924
f 367/7535/4902 369/7642/4979 368/7556/4918
f 1316/7537/4904 1326/7668/4998 1319/7591/4942
f 1048/7583/4937 1083/7661/4994 1087/7669/4999
f 1182/7566/4924 1191/7658/4991 1184/7586/4940
f 1247/7521/4893 1241/7670/5000 1239/7562/4922
f 2880/7643/4886 3619/7671/4887 3617/7644/4980
f 3926/7607/4926 3869/7606/4953 3877/7663/4995
f 3866/7578/4934 3878/7665/4996 3872/7628/4970
f 3865/7574/4930 3871/7619/4963 3868/7601/4949
f 1240/7636/4976 1239/7562/4922 1242/7672/5001
f 1051/7597/4945 1082/7616/4960 1083/7673/4994
f 1326/7668/4998 1316/7537/4904 1324/7646/4982
f 1323/7645/4981 1327/7674/5002 1324/7646/4982
f 1189/7647/4983 1183/7567/4925 1186/7617/4961
f 1082/7616/4960 1084/7675/5003 1083/7673/4994
f 1182/7566/4924 1185/7614/4959 1191/7658/4991
f 3716/7610/4956 3720/7676/5004 3718/7649/4985
f 1239/7562/4922 1241/7670/5000 1242/7672/5001
f 3798/7554/4916 3806/7623/4966 3809/7677/5005
f 3798/7554/4916 3809/7677/5005 3805/7621/4965
f 1320/7588/4941 3807/7632/4972 3810/7678/5006
f 3719/7653/4988 3714/7600/4948 3627/7679/5007
f 1099/7627/4969 1050/7662/4955 1101/7680/5008
f 1102/7681/4968 1100/7660/4993 371/7682/5009
f 3878/7665/4996 3855/7504/4883 3874/7635/4975
f 1180/7545/4909 1193/7683/5010 1190/7654/4989
f 3611/7579/4885 3620/7684/5011 3612/7580/4935
f 1247/7639/4893 1322/7641/4978 1241/7685/5000
f 1179/7518/4892 1192/7659/4992 1186/7617/4961
f 1050/7609/4955 1048/7583/4937 1087/7669/4999
f 3799/7555/4917 3805/7621/4965 3808/7652/4987
f 3868/7601/4949 3871/7619/4963 3879/7686/5012
f 3614/7585/4939 3615/7613/4958 3618/7667/4997
f 1187/7629/4971 1189/7647/4983 1188/7630/4944
f 1320/7615/4941 3811/7687/5013 1323/7645/4981
f 3615/7613/4958 3613/7584/4938 3621/7688/5014
f 3712/7576/4932 3616/7657/4974 3714/7600/4948
f 1240/7637/4976 1242/7689/5001 1180/7545/4909
f 1320/7588/4941 3810/7678/5006 3811/7690/5013
f 1087/7669/4999 1101/7691/5008 1050/7609/4955
f 3618/7667/4997 3622/7692/5015 3623/7693/5016
f 3869/7606/4953 3862/7549/4912 3877/7663/4995
f 3612/7580/4935 3624/7694/5017 3621/7688/5014
f 1188/7630/4944 1189/7647/4983 1194/7695/5018
f 3714/7600/4948 3616/7657/4974 3626/7696/5019
f 1098/7625/4967 1099/7627/4969 1103/7697/5020
f 3862/7549/4912 3880/7698/5021 3877/7663/4995
f 1100/7660/4993 1098/7625/4967 371/7682/5009
f 3874/7635/4975 3881/7699/5022 3878/7665/4996
f 3611/7579/4885 3617/7644/4980 3620/7684/5011
f 369/7642/4979 1107/7700/5023 368/7556/4918
f 3718/7701/4985 3882/7702/5024 3876/7655/4952
f 1081/7608/4954 1085/7703/5025 1082/7616/4960
f 1080/7602/4950 1086/7704/5026 1081/7608/4954
f 3719/7653/4988 3721/7705/5027 3717/7611/4957
f 1322/7641/4978 1328/7706/5028 1241/7685/5000
f 1189/7647/4983 1186/7617/4961 1194/7695/5018
f 3612/7580/4935 3621/7688/5014 3613/7584/4938
f 1083/7673/4994 1084/7675/5003 1110/7707/5029
f 3928/7651/4986 3812/7708/5030 3806/7623/4966
f 1180/7545/4909 1242/7689/5001 1193/7683/5010
f 1185/7614/4959 1190/7654/4989 1193/7683/5010
f 3714/7600/4948 3722/7709/5031 3627/7679/5007
f 3714/7600/4948 3626/7696/5019 3722/7709/5031
f 1319/7591/4942 1326/7668/4998 1325/7648/4984
f 3616/7634/4974 3618/7667/4997 3623/7693/5016
f 1321/7640/4936 1325/7648/4984 1322/7641/4978
f 3807/7632/4972 3804/7620/4964 3813/7710/5032
f 3722/7709/5031 3626/7696/5019 3627/7679/5007
f 3807/7632/4972 3813/7710/5032 3810/7678/5006
f 3868/7601/4949 3883/7711/5033 3874/7635/4975
f 3871/7619/4963 3870/7618/4962 3884/7712/5034
f 3876/7655/4952 3882/7702/5024 3873/7633/4973
f 1110/7707/5029 1087/7713/4999 1083/7673/4994
f 3870/7618/4962 3875/7638/4977 3884/7712/5034
f 3612/7580/4935 3620/7684/5011 3624/7694/5017
f 1241/7685/5000 1329/7714/5035 1242/7715/5001
f 1330/7716/5036 1322/7641/4978 1325/7648/4984
f 3862/7549/4912 3872/7628/4970 3880/7698/5021
f 3717/7611/4957 3720/7676/5004 3716/7610/4956
f 370/7656/4990 1102/7626/4968 371/7717/5009
f 3878/7665/4996 3881/7699/5022 3872/7628/4970
f 1082/7616/4960 1085/7703/5025 1084/7675/5003
f 3617/7644/4980 3624/7694/5017 3620/7684/5011
f 1326/7668/4998 1331/7718/5037 1325/7648/4984
f 1323/7645/4981 3811/7687/5013 1327/7674/5002
f 1324/7646/4982 1327/7674/5002 1326/7668/4998
f 3615/7613/4958 3622/7692/5015 3618/7667/4997
f 1081/7608/4954 1086/7704/5026 1085/7703/5025
f 3615/7613/4958 3621/7688/5014 3622/7692/5015
f 3874/7635/4975 3883/7711/5033 3881/7699/5022
f 3717/7611/4957 3721/7705/5027 3720/7676/5004
f 1103/7697/5020 1104/7719/5038 1098/7625/4967
f 3868/7601/4949 3879/7686/5012 3883/7711/5033
f 371/7682/5009 372/7720/5039 370/7721/4990
f 3811/7690/5013 3810/7678/5006 1336/7722/5040
f 1086/7704/5026 1080/7602/4950 1201/7723/5041
f 1325/7648/4984 1331/7718/5037 1330/7716/5036
f 3619/7510/4887 368/7556/4918 3625/7724/5042
f 1241/7685/5000 1328/7706/5028 1329/7714/5035
f 3809/7677/5005 3806/7623/4966 3812/7708/5030
f 1098/7625/4967 1104/7719/5038 371/7682/5009
f 1192/7659/4992 1191/7658/4991 1195/7725/5043
f 3808/7652/4987 3825/7726/5044 3804/7631/4964
f 370/7656/4990 372/7727/5039 369/7642/4979
f 1099/7627/4969 1101/7680/5008 1103/7697/5020
f 1242/7689/5001 1248/7728/5045 1193/7683/5010
f 1185/7614/4959 1193/7683/5010 1196/7729/5046
f 3617/7644/4980 3619/7671/4887 3625/7730/5042
f 3810/7678/5006 3813/7710/5032 3814/7731/5047
f 1326/7668/4998 1327/7674/5002 1331/7718/5037
f 369/7642/4979 372/7727/5039 1107/7700/5023
f 3616/7634/4974 3623/7693/5016 3626/7732/5019
f 1101/7680/5008 1087/7733/4999 1105/7734/5048
f 3877/7663/4995 3880/7698/5021 3885/7735/5049
f 1322/7641/4978 1330/7716/5036 1328/7706/5028
f 3928/7651/4986 3877/7736/4995 3888/7737/5050
f 1336/7722/5040 3810/7678/5006 3814/7731/5047
f 3805/7621/4965 3809/7677/5005 3815/7738/5051
f 3804/7620/4964 3825/7739/5044 3813/7710/5032
f 3872/7628/4970 3881/7699/5022 3880/7698/5021
f 1201/7723/5041 1124/7740/5052 1086/7704/5026
f 1080/7602/4950 1188/7596/4944 1194/7741/5018
f 1185/7614/4959 1196/7729/5046 1191/7658/4991
f 1329/7714/5035 1249/7742/5053 1242/7715/5001
f 3812/7708/5030 3928/7651/4986 3888/7737/5050
f 3721/7705/5027 3723/7743/5054 3720/7676/5004
f 1192/7659/4992 1197/7744/5055 1186/7617/4961
f 1084/7675/5003 1085/7703/5025 1110/7707/5029
f 3808/7652/4987 3805/7621/4965 3815/7738/5051
f 1107/7700/5023 373/7745/5056 368/7556/4918
f 3718/7649/4985 3720/7676/5004 3891/7746/5057
f 1195/7725/5043 1197/7744/5055 1192/7659/4992
f 3873/7633/4973 3882/7702/5024 3886/7747/5058
f 1186/7617/4961 1197/7744/5055 1194/7695/5018
f 3625/7724/5042 368/7556/4918 373/7745/5056
f 3814/7731/5047 3813/7710/5032 3825/7739/5044
f 3808/7652/4987 3815/7738/5051 3825/7726/5044
f 3873/7633/4973 3886/7747/5058 3875/7638/4977
f 1191/7658/4991 1198/7748/5059 1195/7725/5043
f 3871/7619/4963 3887/7749/5060 3879/7686/5012
f 1330/7716/5036 1332/7750/5061 1328/7706/5028
f 1103/7697/5020 1101/7680/5008 1106/7751/5062
f 1103/7697/5020 1106/7751/5062 1104/7719/5038
f 1327/7674/5002 1333/7752/5063 1331/7718/5037
f 1193/7683/5010 1199/7753/5064 1196/7729/5046
f 3718/7649/4985 3891/7746/5057 3882/7754/5024
f 1107/7755/5023 372/7720/5039 1108/7756/5065
f 3719/7653/4988 3627/7679/5007 3721/7705/5027
f 3877/7663/4995 3885/7735/5049 3888/7757/5050
f 1080/7602/4950 1194/7741/5018 1201/7723/5041
f 1327/7674/5002 3811/7687/5013 1333/7752/5063
f 3882/7702/5024 3727/7758/5066 3886/7747/5058
f 3884/7712/5034 3875/7638/4977 3886/7747/5058
f 1242/7715/5001 1249/7742/5053 1248/7759/5045
f 3879/7686/5012 3887/7749/5060 3883/7711/5033
f 3627/7760/5007 3626/7732/5019 3628/7761/5067
f 1101/7680/5008 1105/7734/5048 1106/7751/5062
f 3881/7699/5022 3883/7711/5033 3889/7762/5068
f 1106/7751/5062 1109/7763/5069 1104/7719/5038
f 1191/7658/4991 1196/7729/5046 1200/7764/5070
f 1248/7728/5045 1199/7753/5064 1193/7683/5010
f 3871/7619/4963 3884/7712/5034 3887/7749/5060
f 1086/7704/5026 1124/7740/5052 1085/7703/5025
f 1331/7718/5037 1334/7765/5071 1330/7716/5036
f 3881/7699/5022 3890/7766/5072 3880/7698/5021
f 3622/7692/5015 3629/7767/5073 3623/7693/5016
f 3881/7699/5022 3889/7762/5068 3890/7766/5072
f 3882/7702/5024 3891/7768/5057 3727/7758/5066
f 1087/7733/4999 1110/7769/5029 1111/7770/5074
f 1085/7703/5025 1124/7740/5052 1088/7771/5075
f 3880/7698/5021 3728/7772/5076 3885/7735/5049
f 3886/7747/5058 3887/7749/5060 3884/7712/5034
f 372/7720/5039 371/7682/5009 1112/7773/5077
f 3809/7677/5005 3812/7708/5030 3816/7774/5078
f 1329/7714/5035 1328/7706/5028 1249/7742/5053
f 3627/7760/5007 3628/7761/5067 3630/7775/5079
f 1191/7658/4991 1200/7764/5070 1198/7748/5059
f 1105/7734/5048 1113/7776/5080 1106/7751/5062
f 3723/7743/5054 3721/7705/5027 3724/7777/5081
f 1110/7707/5029 1085/7703/5025 1088/7771/5075
f 1107/7700/5023 1108/7778/5065 373/7745/5056
f 3720/7676/5004 3723/7743/5054 3725/7779/5082
f 3623/7693/5016 3628/7761/5067 3626/7732/5019
f 3621/7688/5014 3631/7780/5083 3622/7692/5015
f 3887/7749/5060 3892/7781/5084 3883/7711/5033
f 1088/7771/5075 1124/7740/5052 1089/7782/5085
f 3624/7694/5017 3617/7644/4980 3632/7783/5086
f 1194/7695/5018 1090/7784/5087 1201/7785/5041
f 1331/7718/5037 1333/7752/5063 1335/7786/5088
f 3627/7679/5007 3724/7777/5081 3721/7705/5027
f 1195/7725/5043 1254/7787/5089 1197/7744/5055
f 3812/7708/5030 3888/7737/5050 3816/7774/5078
f 3809/7677/5005 3826/7788/5090 3815/7738/5051
f 3617/7644/4980 3625/7730/5042 3632/7783/5086
f 3811/7687/5013 1336/7789/5040 1333/7752/5063
f 1331/7718/5037 1335/7786/5088 1334/7765/5071
f 3723/7743/5054 3724/7777/5081 3725/7779/5082
f 3720/7676/5004 3725/7779/5082 3891/7746/5057
f 3621/7688/5014 3624/7694/5017 3631/7780/5083
f 3880/7698/5021 3890/7766/5072 3728/7772/5076
f 373/7790/5056 1108/7756/5065 1114/7791/5091
f 3625/7724/5042 373/7745/5056 3634/7792/5092
f 1334/7765/5071 1332/7750/5061 1330/7716/5036
f 3633/7793/5093 3624/7694/5017 3632/7783/5086
f 1124/7740/5052 1201/7723/5041 1090/7794/5087
f 371/7682/5009 1104/7719/5038 1112/7773/5077
f 1199/7753/5064 1200/7764/5070 1196/7729/5046
f 3883/7711/5033 3892/7781/5084 3889/7762/5068
f 3891/7746/5057 3725/7779/5082 3893/7795/5094
f 1195/7725/5043 1198/7748/5059 1202/7796/5095
f 1087/7733/4999 1111/7770/5074 1105/7734/5048
f 1336/7722/5040 3814/7731/5047 3817/7797/5096
f 1333/7752/5063 1336/7789/5040 1337/7798/5097
f 1200/7764/5070 1202/7796/5095 1198/7748/5059
f 3625/7730/5042 3634/7799/5092 3632/7783/5086
f 3629/7767/5073 3635/7800/5098 3623/7693/5016
f 1333/7752/5063 1337/7798/5097 1335/7786/5088
f 1104/7719/5038 1109/7763/5069 1115/7801/5099
f 1106/7751/5062 1113/7776/5080 1109/7763/5069
f 1197/7744/5055 1203/7802/5100 1194/7695/5018
f 3633/7793/5093 3631/7780/5083 3624/7694/5017
f 372/7720/5039 1112/7773/5077 1116/7803/5101
f 1088/7771/5075 1091/7804/5102 1110/7707/5029
f 3886/7747/5058 3727/7758/5066 3740/7805/5103
f 3886/7747/5058 3737/7806/5104 3887/7749/5060
f 1194/7695/5018 1203/7802/5100 1090/7784/5087
f 1328/7706/5028 1338/7807/5105 1249/7742/5053
f 1090/7794/5087 1092/7808/5106 1124/7740/5052
f 1110/7769/5029 1091/7809/5102 1111/7770/5074
f 1328/7706/5028 1332/7750/5061 1338/7807/5105
f 1105/7734/5048 1111/7770/5074 1113/7776/5080
f 1117/7810/5107 1112/7773/5077 1104/7719/5038
f 3890/7766/5072 3889/7762/5068 3892/7781/5084
f 3890/7766/5072 3892/7781/5084 3732/7811/5108
f 3622/7692/5015 3631/7780/5083 3629/7767/5073
f 1336/7722/5040 3817/7797/5096 1337/7812/5097
f 1108/7756/5065 1118/7813/5109 1114/7791/5091
f 1108/7756/5065 1116/7803/5101 1118/7813/5109
f 3816/7774/5078 3826/7788/5090 3809/7677/5005
f 3885/7814/5049 3728/7815/5076 3730/7816/5110
f 1248/7817/5045 1249/7818/5053 1250/7819/5111
f 3888/7737/5050 3885/7814/5049 3730/7816/5110
f 1254/7787/5089 1195/7725/5043 1202/7796/5095
f 372/7720/5039 1116/7803/5101 1108/7756/5065
f 1088/7820/5075 1089/7821/5085 1091/7809/5102
f 3888/7737/5050 3730/7816/5110 3816/7774/5078
f 3628/7761/5067 3636/7822/5112 3630/7775/5079
f 3724/7777/5081 3627/7679/5007 3726/7823/5113
f 3886/7747/5058 3740/7805/5103 3737/7806/5104
f 3815/7824/5051 3826/7825/5090 3825/7739/5044
f 1199/7753/5064 1248/7728/5045 1200/7764/5070
f 1118/7813/5109 1119/7826/5114 1114/7791/5091
f 1116/7803/5101 1119/7826/5114 1118/7813/5109
f 3816/7774/5078 3730/7816/5110 3827/7827/5115
f 3814/7731/5047 3825/7739/5044 3818/7828/5116
f 3814/7731/5047 3818/7828/5116 3817/7797/5096
f 1248/7817/5045 1251/7829/5117 1200/7830/5070
f 3825/7739/5044 3819/7831/5118 3818/7828/5116
f 3816/7774/5078 3827/7827/5115 3826/7788/5090
f 3891/7768/5057 3893/7832/5094 3727/7758/5066
f 1092/7833/5106 1090/7834/5087 1203/7835/5100
f 1091/7809/5102 1120/7836/5119 1111/7770/5074
f 1197/7744/5055 1254/7787/5089 1203/7802/5100
f 1114/7791/5091 3637/7837/5120 373/7790/5056
f 3628/7761/5067 3623/7693/5016 3636/7822/5112
f 3634/7799/5092 3637/7838/5120 3632/7783/5086
f 1116/7803/5101 1112/7773/5077 1117/7810/5107
f 3623/7693/5016 3638/7839/5121 3636/7822/5112
f 1332/7750/5061 1334/7765/5071 1265/7840/5122
f 3627/7760/5007 3630/7775/5079 3726/7841/5113
f 373/7745/5056 3637/7842/5120 3634/7792/5092
f 3728/7843/5076 3729/7844/5123 3730/7845/5110
f 1117/7810/5107 1104/7719/5038 1121/7846/5124
f 1200/7830/5070 1252/7847/5125 1202/7848/5095
f 3825/7739/5044 3820/7849/5126 3819/7831/5118
f 1250/7819/5111 1249/7818/5053 1339/7850/5127
f 1113/7776/5080 1111/7770/5074 1109/7763/5069
f 3892/7781/5084 3887/7749/5060 3737/7806/5104
f 3631/7780/5083 3638/7839/5121 3629/7767/5073
f 3826/7825/5090 3820/7849/5126 3825/7739/5044
f 1116/7803/5101 1117/7810/5107 1119/7826/5114
f 1109/7763/5069 1111/7770/5074 1122/7851/5128
f 3631/7780/5083 3639/7852/5129 3638/7839/5121
f 3629/7767/5073 3638/7839/5121 3635/7800/5098
f 1115/7801/5099 1121/7846/5124 1104/7719/5038
f 1338/7807/5105 1339/7853/5127 1249/7742/5053
f 1248/7817/5045 1250/7819/5111 1251/7829/5117
f 1335/7786/5088 1337/7798/5097 1340/7854/5130
f 3630/7775/5079 3636/7822/5112 3726/7841/5113
f 1089/7821/5085 1123/7855/5131 1091/7809/5102
f 3637/7838/5120 1136/7856/5132 3632/7783/5086
f 3893/7795/5094 3642/7857/5133 3727/7858/5066
f 1332/7750/5061 1341/7859/5134 1338/7807/5105
f 3817/7797/5096 3818/7828/5116 1337/7812/5097
f 1124/7860/5052 1125/7861/5135 1089/7821/5085
f 3633/7793/5093 3632/7783/5086 3640/7862/5136
f 1092/7863/5106 1125/7861/5135 1124/7860/5052
f 3893/7795/5094 3725/7779/5082 3642/7857/5133
f 1091/7809/5102 1123/7855/5131 1120/7836/5119
f 3730/7845/5110 3729/7844/5123 3731/7864/5137
f 3631/7780/5083 3633/7793/5093 3640/7862/5136
f 1335/7786/5088 1342/7865/5138 1334/7765/5071
f 1250/7819/5111 1339/7850/5127 1251/7829/5117
f 1115/7801/5099 1109/7763/5069 1126/7866/5139
f 3726/7841/5113 3641/7867/5140 3724/7868/5081
f 3631/7780/5083 3640/7862/5136 3639/7852/5129
f 3623/7693/5016 3635/7800/5098 3638/7839/5121
f 3732/7869/5108 3733/7870/5141 3890/7871/5072
f 3826/7825/5090 3746/7872/5142 3820/7849/5126
f 1111/7770/5074 1120/7836/5119 1122/7851/5128
f 3818/7828/5116 1340/7873/5130 1337/7812/5097
f 3725/7779/5082 3724/7777/5081 3642/7857/5133
f 1338/7874/5105 1253/7875/5143 1339/7850/5127
f 1252/7847/5125 1200/7830/5070 1251/7829/5117
f 3728/7843/5076 3890/7871/5072 3733/7870/5141
f 1332/7750/5061 1265/7840/5122 1341/7859/5134
f 1109/7763/5069 1122/7851/5128 1126/7866/5139
f 3826/7825/5090 3827/7876/5115 3746/7872/5142
f 1203/7835/5100 1254/7877/5089 1255/7878/5144
f 1121/7846/5124 1115/7801/5099 1127/7879/5145
f 3730/7816/5110 3735/7880/5146 3827/7827/5115
f 3632/7783/5086 1136/7856/5132 3640/7862/5136
f 1338/7807/5105 1341/7859/5134 1253/7881/5143
f 3731/7864/5137 3734/7882/5147 3730/7845/5110
f 1254/7877/5089 1202/7848/5095 1256/7883/5148
f 1089/7821/5085 1125/7861/5135 1123/7855/5131
f 3737/7806/5104 3894/7884/5149 3892/7781/5084
f 1339/7850/5127 1257/7885/5150 1251/7829/5117
f 1334/7765/5071 1342/7865/5138 1265/7840/5122
f 3819/7831/5118 3821/7886/5151 3818/7828/5116
f 1114/7791/5091 1119/7826/5114 1128/7887/5152
f 3728/7843/5076 3733/7870/5141 3729/7844/5123
f 1115/7801/5099 1126/7866/5139 1127/7879/5145
f 1340/7854/5130 1342/7865/5138 1335/7786/5088
f 1119/7826/5114 1117/7810/5107 1129/7888/5153
f 1114/7791/5091 1128/7887/5152 3637/7837/5120
f 1127/7879/5145 1130/7889/5154 1121/7846/5124
f 3892/7781/5084 3894/7884/5149 3732/7811/5108
f 3735/7890/5146 3730/7845/5110 3734/7882/5147
f 1122/7851/5128 1120/7836/5119 1126/7866/5139
f 3732/7869/5108 3736/7891/5155 3733/7870/5141
f 1120/7836/5119 1123/7855/5131 1131/7892/5156
f 3642/7893/5133 3724/7868/5081 3641/7867/5140
f 1127/7879/5145 1126/7866/5139 1132/7894/5157
f 1125/7895/5135 1092/7833/5106 1258/7896/5158
f 1092/7833/5106 1203/7835/5100 1258/7896/5158
f 1340/7873/5130 3818/7828/5116 3822/7897/5159
f 3642/7898/5133 3741/7899/5160 3727/7758/5066
f 3729/7844/5123 3733/7870/5141 3731/7864/5137
f 3818/7828/5116 3821/7886/5151 3822/7897/5159
f 1123/7855/5131 1125/7861/5135 1131/7892/5156
f 3827/7827/5115 3735/7880/5146 3746/7900/5142
f 1128/7887/5152 1119/7826/5114 1129/7888/5153
f 1254/7877/5089 1256/7883/5148 1255/7878/5144
f 1340/7854/5130 3822/7901/5159 3824/7902/5161
f 1120/7836/5119 1131/7892/5156 1126/7866/5139
f 3639/7852/5129 3640/7862/5136 3643/7903/5162
f 1258/7896/5158 1259/7904/5163 1125/7895/5135
f 3727/7758/5066 3741/7899/5160 3740/7805/5103
f 3732/7869/5108 3894/7905/5149 3736/7891/5155
f 3641/7867/5140 3644/7906/5164 3642/7893/5133
f 3737/7806/5104 3740/7805/5103 3738/7907/5165
f 1117/7810/5107 1121/7846/5124 1130/7889/5154
f 1252/7847/5125 1251/7829/5117 1260/7908/5166
f 1125/7861/5135 1259/7909/5163 1131/7892/5156
f 1342/7865/5138 1340/7854/5130 3824/7902/5161
f 1202/7848/5095 1252/7847/5125 1261/7910/5167
f 3737/7911/5104 3738/7912/5165 3894/7905/5149
f 3733/7870/5141 3739/7913/5168 3731/7864/5137
f 1339/7850/5127 1253/7875/5143 1257/7885/5150
f 3740/7914/5103 3741/7915/5160 3738/7912/5165
f 3731/7864/5137 3735/7890/5146 3734/7882/5147
f 1341/7859/5134 1265/7840/5122 1253/7881/5143
f 1251/7829/5117 1257/7885/5150 1260/7908/5166
f 1203/7835/5100 1255/7878/5144 1258/7896/5158
f 3726/7841/5113 3636/7822/5112 3641/7867/5140
f 3640/7862/5136 1136/7856/5132 3643/7903/5162
f 1252/7847/5125 1260/7908/5166 1262/7916/5169
f 3636/7822/5112 3638/7839/5121 3645/7917/5170
f 1117/7810/5107 1133/7918/5171 1129/7888/5153
f 1117/7810/5107 1130/7889/5154 1134/7919/5172
f 3746/7872/5142 3823/7920/5173 3820/7849/5126
f 1257/7885/5150 1253/7875/5143 1263/7921/5174
f 1256/7883/5148 1202/7848/5095 1261/7910/5167
f 1127/7879/5145 1132/7894/5157 1130/7889/5154
f 1117/7810/5107 1134/7919/5172 1135/7922/5175
f 3738/7912/5165 3741/7915/5160 3742/7923/5176
f 3637/7837/5120 1128/7887/5152 1136/7924/5132
f 1134/7919/5172 1130/7889/5154 1135/7922/5175
f 3736/7891/5155 3743/7925/5177 3733/7870/5141
f 3736/7891/5155 3894/7905/5149 3743/7925/5177
f 1117/7810/5107 1135/7922/5175 1133/7918/5171
f 1259/7904/5163 1258/7896/5158 1264/7926/5178
f 3636/7822/5112 3644/7906/5164 3641/7867/5140
f 1253/7875/5143 1265/7927/5122 1266/7928/5179
f 1129/7888/5153 1137/7929/5180 1128/7887/5152
f 3820/7849/5126 3753/7930/5181 3819/7831/5118
f 3821/7886/5151 3824/7931/5161 3822/7897/5159
f 3642/7893/5133 3644/7906/5164 3646/7932/5182
f 3739/7913/5168 3733/7870/5141 3743/7925/5177
f 3645/7917/5170 3638/7839/5121 3647/7933/5183
f 3743/7925/5177 3894/7905/5149 3744/7934/5184
f 1136/7924/5132 1128/7887/5152 3650/7935/5185
f 1126/7866/5139 1131/7892/5156 1138/7936/5186
f 1258/7896/5158 1255/7878/5144 1267/7937/5187
f 1257/7885/5150 1263/7921/5174 1260/7908/5166
f 3731/7864/5137 3739/7913/5168 3745/7938/5188
f 3636/7822/5112 3648/7939/5189 3644/7906/5164
f 3821/7886/5151 3819/7831/5118 3753/7930/5181
f 1130/7889/5154 1132/7894/5157 1135/7922/5175
f 1342/7865/5138 1343/7940/5190 1265/7840/5122
f 1252/7847/5125 1262/7916/5169 1261/7910/5167
f 1136/7856/5132 3649/7941/5191 3643/7903/5162
f 3735/7890/5146 3731/7864/5137 3745/7938/5188
f 3639/7852/5129 3647/7933/5183 3638/7839/5121
f 3746/7942/5142 3735/7890/5146 3747/7943/5192
f 3636/7822/5112 3645/7917/5170 3648/7939/5189
f 3823/7944/5173 3746/7942/5142 3748/7945/5193
f 3820/7849/5126 3823/7920/5173 3753/7930/5181
f 3639/7852/5129 3643/7903/5162 3647/7933/5183
f 3642/7893/5133 3646/7932/5182 3749/7946/5194
f 1258/7896/5158 1267/7937/5187 1264/7926/5178
f 3746/7942/5142 3747/7943/5192 3748/7945/5193
f 1261/7910/5167 1262/7916/5169 1268/7947/5195
f 1132/7894/5157 1126/7866/5139 1138/7936/5186
f 3642/7948/5133 3749/7949/5194 3741/7915/5160
f 1136/7856/5132 3650/7950/5185 1141/7951/5196
f 3744/7934/5184 3894/7905/5149 3738/7912/5165
f 1255/7878/5144 1256/7883/5148 1267/7937/5187
f 1261/7910/5167 1269/7952/5197 1256/7883/5148
f 1342/7865/5138 3824/7902/5161 1343/7940/5190
f 1136/7856/5132 1141/7951/5196 3649/7941/5191
f 1260/7908/5166 1270/7953/5198 1262/7916/5169
f 3739/7913/5168 3750/7954/5199 3745/7938/5188
f 1137/7929/5180 1129/7888/5153 1133/7918/5171
f 1256/7883/5148 1269/7952/5197 1267/7937/5187
f 1259/7909/5163 1272/7955/5200 1131/7892/5156
f 1135/7922/5175 1132/7894/5157 1133/7918/5171
f 3647/7933/5183 3648/7939/5189 3645/7917/5170
f 1265/7927/5122 1343/7956/5190 1266/7928/5179
f 3749/7949/5194 3751/7957/5201 3741/7915/5160
f 3735/7890/5146 3745/7938/5188 3747/7943/5192
f 3738/7912/5165 3752/7958/5202 3744/7934/5184
f 1131/7892/5156 1272/7955/5200 1138/7936/5186
f 3743/7925/5177 3744/7934/5184 3739/7913/5168
f 3644/7906/5164 3648/7939/5189 3749/7946/5194
f 1266/7928/5179 1271/7959/5203 1253/7875/5143
f 3741/7915/5160 3751/7957/5201 3742/7923/5176
f 3823/7944/5173 3748/7945/5193 3753/7960/5181
f 1262/7916/5169 1270/7953/5198 1268/7947/5195
f 1343/7940/5190 3824/7902/5161 1344/7961/5204
f 3644/7906/5164 3749/7946/5194 3646/7932/5182
f 1260/7908/5166 1263/7921/5174 1270/7953/5198
f 1132/7894/5157 1139/7962/5205 1133/7918/5171
f 1344/7961/5204 3824/7902/5161 1282/7963/5206
f 1259/7904/5163 1264/7926/5178 1272/7964/5200
f 1128/7887/5152 1140/7965/5207 3650/7935/5185
f 1137/7929/5180 1140/7965/5207 1128/7887/5152
f 1263/7921/5174 1253/7875/5143 1271/7959/5203
f 3821/7966/5151 3754/7967/5208 1282/7968/5206
f 3647/7933/5183 3651/7969/5209 3648/7939/5189
f 3650/7935/5185 1140/7965/5207 1141/7970/5196
f 3755/7971/5210 3747/7943/5192 3745/7938/5188
f 1139/7962/5205 1132/7894/5157 1290/7972/5211
f 3821/7966/5151 1282/7968/5206 3824/7973/5161
f 1138/7936/5186 1290/7972/5211 1132/7894/5157
f 1138/7936/5186 1272/7955/5200 1142/7974/5212
f 3821/7966/5151 3753/7960/5181 3754/7967/5208
f 3742/7923/5176 3756/7975/5213 3738/7912/5165
f 3643/7903/5162 3652/7976/5214 3647/7933/5183
f 1263/7921/5174 1271/7959/5203 1273/7977/5215
f 3652/7976/5214 3643/7903/5162 3649/7941/5191
f 3738/7912/5165 3756/7975/5213 3752/7958/5202
f 1261/7910/5167 1268/7947/5195 1269/7952/5197
f 3747/7943/5192 3757/7978/5216 3748/7945/5193
f 3750/7954/5199 3755/7971/5210 3745/7938/5188
f 3648/7939/5189 3651/7969/5209 3749/7946/5194
f 3647/7933/5183 3652/7976/5214 3651/7969/5209
f 1264/7926/5178 1267/7937/5187 1274/7979/5217
f 1264/7926/5178 1274/7979/5217 1272/7964/5200
f 3751/7957/5201 3749/7949/5194 3758/7980/5218
f 1344/7981/5204 1275/7982/5219 1266/7928/5179
f 1344/7981/5204 1266/7928/5179 1343/7956/5190
f 1268/7947/5195 1270/7953/5198 1276/7983/5220
f 3742/7923/5176 3751/7957/5201 3756/7975/5213
f 3754/7967/5208 1285/7984/5221 1282/7968/5206
f 3739/7913/5168 3744/7934/5184 3759/7985/5222
f 3757/7978/5216 3747/7943/5192 3755/7971/5210
f 3750/7954/5199 3739/7913/5168 3760/7986/5223
f 3753/7960/5181 3761/7987/5224 3754/7967/5208
f 3748/7945/5193 3761/7987/5224 3753/7960/5181
f 3652/7976/5214 3653/7988/5225 3651/7969/5209
f 3748/7945/5193 3757/7978/5216 3761/7987/5224
f 1274/7979/5217 1267/7937/5187 1277/7989/5226
f 1274/7979/5217 1277/7989/5226 1272/7964/5200
f 1139/7962/5205 1143/7990/5227 1133/7918/5171
f 1138/7936/5186 1142/7974/5212 1290/7972/5211
f 3750/7954/5199 3760/7986/5223 3755/7971/5210
f 1267/7937/5187 1269/7952/5197 1277/7989/5226
f 3744/7934/5184 3752/7958/5202 3759/7985/5222
f 1133/7918/5171 1143/7990/5227 1144/7991/5228
f 1290/7972/5211 1143/7990/5227 1139/7962/5205
f 3739/7913/5168 3759/7985/5222 3760/7986/5223
f 3652/7976/5214 3649/7941/5191 3654/7992/5229
f 3652/7976/5214 3655/7993/5230 3653/7988/5225
f 1272/7994/5231 1277/7995/5231 1278/7996/5231
f 1269/7952/5197 1279/7997/5232 1277/7989/5226
f 3652/7976/5214 3654/7992/5229 3655/7993/5230
f 1133/7918/5171 1145/7998/5233 1137/7929/5180
f 1270/7953/5198 1263/7921/5174 1280/7999/5234
f 1268/7947/5195 1276/7983/5220 1279/7997/5232
f 3754/7967/5208 3762/8000/5235 1285/7984/5221
f 3651/7969/5209 3656/8001/5236 3749/7946/5194
f 1263/7921/5174 1273/7977/5215 1280/7999/5234
f 1140/7965/5207 1137/7929/5180 1145/7998/5233
f 1281/8002/5237 1266/7928/5179 1275/7982/5219
f 3761/7987/5224 3762/8000/5235 3754/7967/5208
f 1270/7953/5198 1280/7999/5234 1276/7983/5220
f 1344/7981/5204 1282/8003/5206 1283/8004/5238
f 1268/7947/5195 1279/7997/5232 1269/7952/5197
f 1133/7918/5171 1144/7991/5228 1145/7998/5233
f 1271/7959/5203 1266/7928/5179 1281/8002/5237
f 3757/7978/5216 3755/7971/5210 3763/8005/5239
f 3760/7986/5223 3763/8005/5239 3755/7971/5210
f 1140/7965/5207 3658/8006/5240 1141/7970/5196
f 1142/7974/5212 1272/7955/5200 1284/8007/5241
f 3749/7946/5194 3656/8001/5236 3657/8008/5242
f 3757/7978/5216 3763/8005/5239 3764/8009/5243
f 3654/7992/5229 3649/7941/5191 1141/7951/5196
f 1272/8010/5200 1278/8011/5244 1284/8012/5241
f 1273/7977/5215 1271/7959/5203 1281/8002/5237
f 1142/7974/5212 1284/8007/5241 1290/7972/5211
f 3749/7949/5194 3657/8013/5242 3758/7980/5218
f 3651/7969/5209 3653/7988/5225 3656/8001/5236
f 3761/7987/5224 3757/7978/5216 3762/8000/5235
f 1275/7982/5219 1344/7981/5204 1283/8004/5238
f 1283/8004/5238 1282/8003/5206 1285/8014/5221
f 3657/8008/5242 3656/8001/5236 3767/8015/5245
f 3760/7986/5223 3765/8016/5246 3763/8005/5239
f 3752/7958/5202 3756/7975/5213 3766/8017/5247
f 1276/7983/5220 1286/8018/5248 1279/7997/5232
f 3752/7958/5202 3766/8017/5247 3759/7985/5222
f 3751/7957/5201 3758/7980/5218 3756/7975/5213
f 1145/7998/5233 1144/7991/5228 1143/7990/5227
f 3760/7986/5223 3759/7985/5222 3765/8016/5246
f 3658/8006/5240 1140/7965/5207 1145/7998/5233
f 3657/8013/5242 3767/8019/5245 3758/7980/5218
f 1283/8004/5238 1287/8020/5249 1275/7982/5219
f 1141/7951/5196 3658/8021/5240 3654/7992/5229
f 1278/8011/5244 1288/8022/5250 1284/8012/5241
f 1277/7989/5226 1288/8022/5250 1278/8011/5244
f 1143/7990/5227 1290/7972/5211 1292/8023/5251
f 3764/8009/5243 3768/8024/5252 3757/7978/5216
f 1283/8004/5238 1285/8014/5221 3770/8025/5253
f 3759/7985/5222 3766/8017/5247 3765/8016/5246
f 1143/7990/5227 1292/8023/5251 1145/7998/5233
f 3762/8000/5235 3757/7978/5216 3768/8024/5252
f 1281/8002/5237 1289/8026/5254 1273/7977/5215
f 1283/8004/5238 3770/8025/5253 1287/8020/5249
f 3655/7993/5230 3654/7992/5229 3658/8021/5240
f 3758/7980/5218 3769/8027/5255 3756/7975/5213
f 1290/8028/5211 1284/8012/5241 1291/8029/5256
f 1291/8029/5256 1292/8030/5251 1290/8028/5211
f 1281/8002/5237 1275/7982/5219 1287/8020/5249
f 1285/7984/5221 3762/8000/5235 3770/8031/5253
f 1273/7977/5215 1289/8026/5254 1280/7999/5234
f 3658/8006/5240 1145/7998/5233 3661/8032/5257
f 3656/8001/5236 3653/7988/5225 3659/8033/5258
f 1280/7999/5234 1289/8026/5254 1276/7983/5220
f 1286/8018/5248 1276/7983/5220 1289/8026/5254
f 1279/7997/5232 1288/8022/5250 1277/7989/5226
f 1284/8012/5241 1293/8034/5259 1291/8029/5256
f 3764/8009/5243 3763/8005/5239 3765/8016/5246
f 3764/8009/5243 3765/8016/5246 3768/8024/5252
f 3655/7993/5230 3658/8021/5240 3660/8035/5260
f 3756/7975/5213 3769/8027/5255 3766/8017/5247
f 3767/8019/5245 3769/8027/5255 3758/7980/5218
f 1281/8002/5237 1287/8020/5249 1289/8026/5254
f 1288/8022/5250 1293/8034/5259 1284/8012/5241
f 3653/7988/5225 3655/7993/5230 3659/8033/5258
f 1145/8036/5233 1292/8030/5251 3661/8037/5257
f 3655/7993/5230 3660/8035/5260 3659/8033/5258
f 1286/8018/5248 1294/8038/5261 1279/7997/5232
f 1287/8020/5249 3770/8025/5253 1295/8039/5262
f 1279/7997/5232 1294/8038/5261 1288/8022/5250
f 3767/8019/5245 3656/8040/5236 3659/8041/5258
f 3767/8019/5245 3659/8041/5258 3769/8027/5255
f 3769/8027/5255 3771/8042/5263 3766/8017/5247
f 1291/8029/5256 1296/8043/5264 1292/8030/5251
f 1295/8039/5262 3774/8044/5265 1287/8020/5249
f 3768/8024/5252 3765/8016/5246 3772/8045/5266
f 3658/8021/5240 3661/8046/5257 3660/8035/5260
f 3762/8000/5235 3768/8024/5252 3770/8031/5253
f 3661/8037/5257 1292/8030/5251 1297/8047/5267
f 1289/8026/5254 1298/8048/5268 1286/8018/5248
f 1286/8018/5248 1298/8048/5268 1294/8038/5261
f 1293/8034/5259 1296/8043/5264 1291/8029/5256
f 3765/8016/5246 3766/8017/5247 3773/8049/5269
f 3766/8017/5247 3771/8042/5263 3773/8049/5269
f 3770/8025/5253 3774/8044/5265 1295/8039/5262
f 3770/8031/5253 3768/8024/5252 3774/8050/5265
f 1294/8038/5261 1293/8034/5259 1288/8022/5250
f 1289/8026/5254 1294/8038/5261 1298/8048/5268
f 1296/8043/5264 1299/8051/5270 1292/8030/5251
f 1297/8047/5267 1292/8030/5251 1300/8052/5271
f 3660/8035/5260 3661/8046/5257 3662/8053/5272
f 1292/8030/5251 1299/8051/5270 1300/8052/5271
f 3772/8045/5266 3765/8016/5246 3773/8049/5269
f 3660/8054/5260 3662/8055/5272 3659/8041/5258
f 1289/8026/5254 1287/8020/5249 3774/8044/5265
f 3771/8042/5263 3769/8027/5255 3775/8056/5273
f 1297/8047/5267 1300/8052/5271 3661/8037/5257
f 3769/8027/5255 3659/8041/5258 3775/8056/5273
f 3768/8024/5252 3776/8057/5274 3774/8050/5265
f 1294/8038/5261 1301/8058/5275 1293/8034/5259
f 3771/8042/5263 3775/8056/5273 3772/8045/5266
f 1293/8034/5259 1301/8058/5275 1296/8043/5264
f 3768/8024/5252 3772/8045/5266 3776/8057/5274
f 3774/8044/5265 3781/8059/5276 1289/8026/5254
f 3775/8056/5273 3659/8041/5258 3777/8060/5277
f 3773/8049/5269 3771/8042/5263 3772/8045/5266
f 3659/8041/5258 3662/8055/5272 3777/8060/5277
f 3661/8061/5257 1300/8062/5271 3662/8055/5272
f 1296/8043/5264 1300/8052/5271 1299/8051/5270
f 1302/8063/5278 1301/8058/5275 1294/8038/5261
f 3774/8044/5265 3776/8064/5274 3781/8059/5276
f 1294/8038/5261 1289/8026/5254 1302/8063/5278
f 1296/8043/5264 1301/8058/5275 1300/8052/5271
f 1289/8026/5254 3781/8059/5276 1302/8063/5278
f 3662/8055/5272 1300/8062/5271 3777/8060/5277
f 3772/8045/5266 3775/8056/5273 3778/8065/5279
f 3777/8060/5277 3779/8066/5280 3775/8056/5273
f 3775/8056/5273 3779/8066/5280 3778/8065/5279
f 3772/8045/5266 3778/8065/5279 3776/8057/5274
f 1302/8063/5278 3781/8059/5276 3782/8067/5281
f 1300/8052/5271 1301/8058/5275 1303/8068/5282
f 3777/8060/5277 1300/8062/5271 3780/8069/5283
f 1301/8058/5275 1302/8063/5278 1303/8068/5282
f 3781/8070/5276 3776/8057/5274 3778/8065/5279
f 3777/8060/5277 3780/8069/5283 3779/8066/5280
f 1300/8052/5271 1303/8068/5282 3780/8071/5283
f 3781/8070/5276 3778/8065/5279 3782/8072/5281
f 3780/8069/5283 3778/8065/5279 3779/8066/5280
f 3778/8065/5279 3780/8069/5283 3782/8072/5281
f 3782/8067/5281 3780/8071/5283 1302/8063/5278
f 1302/8063/5278 3780/8071/5283 1303/8068/5282
